{"level":"ERROR","location":"[error:54] fyers_logger","message":{"API":"/history","Error":{"code":-50,"data":{"range_to":"Date range cannot exceed 366 days for 1D, 1W, and 1M resolutions."},"message":"Invalid input","s":"error"}},"timestamp":"2026-08-21 00:01:34,912+0530","service":"FyersAPI"}
{"level":"ERROR","location":"[error:54] fyers_logger","message":{"API":"/history","Error":{"code":-50,"data":{"range_to":"Date range cannot exceed 366 days for 1D, 1W, and 1M resolutions."},"message":"Invalid input","s":"error"}},"timestamp":"2026-08-21 00:02:57,142+0530","service":"FyersAPI"}
{"level":"ERROR","location":"[error:54] fyers_logger","message":{"API":"/history","Error":{"code":-300,"message":"Invalid symbol provided","s":"error"}},"timestamp":"2026-08-21 00:10:21,659+0530","service":"FyersAPI"}
{"level":"ERROR","location":"[error:54] fyers_logger","message":{"API":"/history","Error":{"code":-300,"message":"Invalid symbol provided","s":"error"}},"timestamp":"2026-08-21 00:10:22,886+0530","service":"FyersAPI"}
{"level":"ERROR","location":"[error:54] fyers_logger","message":{"API":"/history","Error":{"code":-300,"message":"Invalid symbol provided","s":"error"}},"timestamp":"2026-08-21 00:10:24,627+0530","service":"FyersAPI"}
{"level":"ERROR","location":"[error:54] fyers_logger","message":{"API":"/history","Error":{"code":-300,"message":"Invalid symbol provided","s":"error"}},"timestamp":"2026-08-21 00:10:39,214+0530","service":"FyersAPI"}
{"level":"ERROR","location":"[error:54] fyers_logger","message":{"API":"/history","Error":{"code":-300,"message":"Invalid symbol provided","s":"error"}},"timestamp":"2026-08-21 09:08:45,980+0530","service":"FyersAPI"}
{"level":"ERROR","location":"[error:54] fyers_logger","message":{"API":"/history","Error":{"code":-300,"message":"Invalid symbol provided","s":"error"}},"timestamp":"2026-08-21 09:08:47,208+0530","service":"FyersAPI"}
{"level":"ERROR","location":"[error:54] fyers_logger","message":{"API":"/history","Error":{"code":-300,"message":"Invalid symbol provided","s":"error"}},"timestamp":"2026-08-21 09:08:49,053+0530","service":"FyersAPI"}
{"level":"ERROR","location":"[error:54] fyers_logger","message":{"API":"/history","Error":{"code":-300,"message":"Invalid symbol provided","s":"error"}},"timestamp":"2026-08-21 09:09:03,800+0530","service":"FyersAPI"}
{"level":"ERROR","location":"[error:54] fyers_logger","message":{"API":"/history","Error":{"code":-300,"message":"Invalid symbol provided","s":"error"}},"timestamp":"2026-08-21 09:32:56,344+0530","service":"FyersAPI"}
{"level":"ERROR","location":"[error:54] fyers_logger","message":{"API":"/history","Error":{"code":-300,"message":"Invalid symbol provided","s":"error"}},"timestamp":"2026-08-21 09:32:57,396+0530","service":"FyersAPI"}
{"level":"ERROR","location":"[error:54] fyers_logger","message":{"API":"/history","Error":{"code":-300,"message":"Invalid symbol provided","s":"error"}},"timestamp":"2026-08-21 09:32:59,068+0530","service":"FyersAPI"}
{"level":"ERROR","location":"[error:54] fyers_logger","message":{"API":"/history","Error":{"code":-300,"message":"Invalid symbol provided","s":"error"}},"timestamp":"2026-08-21 09:33:08,673+0530","service":"FyersAPI"}
{"level":"ERROR","location":"[error:54] fyers_logger","message":{"API":"/history","Error":{"code":-300,"message":"Invalid symbol provided","s":"error"}},"timestamp":"2026-08-21 09:33:09,843+0530","service":"FyersAPI"}
{"level":"ERROR","location":"[error:54] fyers_logger","message":{"API":"/history","Error":{"code":-300,"message":"Invalid symbol provided","s":"error"}},"timestamp":"2026-08-21 09:33:11,839+0530","service":"FyersAPI"}
{"level":"ERROR","location":"[error:54] fyers_logger","message":{"API":"/history","Error":{"code":-300,"message":"Invalid symbol provided","s":"error"}},"timestamp":"2026-08-21 09:33:14,192+0530","service":"FyersAPI"}
{"level":"ERROR","location":"[error:54] fyers_logger","message":{"API":"/history","Error":{"code":-300,"message":"Invalid symbol provided","s":"error"}},"timestamp":"2026-08-21 09:33:26,686+0530","service":"FyersAPI"}
{"level":"ERROR","location":"[error:54] fyers_logger","message":{"API":"/history","Error":{"code":-300,"message":"Invalid symbol provided","s":"error"}},"timestamp":"2026-08-21 09:35:08,181+0530","service":"FyersAPI"}
{"level":"ERROR","location":"[error:54] fyers_logger","message":{"API":"/history","Error":{"code":-300,"message":"Invalid symbol provided","s":"error"}},"timestamp":"2026-08-21 09:35:09,449+0530","service":"FyersAPI"}
{"level":"ERROR","location":"[error:54] fyers_logger","message":{"API":"/history","Error":{"code":-300,"message":"Invalid symbol provided","s":"error"}},"timestamp":"2026-08-21 09:35:11,204+0530","service":"FyersAPI"}
{"level":"ERROR","location":"[error:54] fyers_logger","message":{"API":"/history","Error":{"code":-300,"message":"Invalid symbol provided","s":"error"}},"timestamp":"2026-08-21 09:35:26,801+0530","service":"FyersAPI"}
{"level":"ERROR","location":"[error:54] fyers_logger","message":{"API":"/history","Error":{"code":-300,"message":"Invalid symbol provided","s":"error"}},"timestamp":"2026-08-21 09:38:22,519+0530","service":"FyersAPI"}
{"level":"ERROR","location":"[error:54] fyers_logger","message":{"API":"/history","Error":{"code":-300,"message":"Invalid symbol provided","s":"error"}},"timestamp":"2026-08-21 09:38:23,646+0530","service":"FyersAPI"}
{"level":"ERROR","location":"[error:54] fyers_logger","message":{"API":"/history","Error":{"code":-300,"message":"Invalid symbol provided","s":"error"}},"timestamp":"2026-08-21 09:38:25,400+0530","service":"FyersAPI"}
{"level":"ERROR","location":"[error:54] fyers_logger","message":{"API":"/history","Error":{"code":-300,"message":"Invalid symbol provided","s":"error"}},"timestamp":"2026-08-21 09:38:40,441+0530","service":"FyersAPI"}
{"level":"ERROR","location":"[error:54] fyers_logger","message":{"API":"/history","Error":{"code":-300,"message":"Invalid symbol provided","s":"error"}},"timestamp":"2026-08-21 09:43:48,460+0530","service":"FyersAPI"}
{"level":"ERROR","location":"[error:54] fyers_logger","message":{"API":"/history","Error":{"code":-300,"message":"Invalid symbol provided","s":"error"}},"timestamp":"2026-08-21 09:43:49,687+0530","service":"FyersAPI"}
{"level":"ERROR","location":"[error:54] fyers_logger","message":{"API":"/history","Error":{"code":-300,"message":"Invalid symbol provided","s":"error"}},"timestamp":"2026-08-21 09:43:51,533+0530","service":"FyersAPI"}
{"level":"ERROR","location":"[error:54] fyers_logger","message":{"API":"/history","Error":{"code":-300,"message":"Invalid symbol provided","s":"error"}},"timestamp":"2026-08-21 09:44:07,711+0530","service":"FyersAPI"}
{"level":"ERROR","location":"[error:54] fyers_logger","message":{"API":"/history","Error":{"code":-300,"message":"Invalid symbol provided","s":"error"}},"timestamp":"2026-08-21 09:48:04,140+0530","service":"FyersAPI"}
{"level":"ERROR","location":"[error:54] fyers_logger","message":{"API":"/history","Error":{"code":-300,"message":"Invalid symbol provided","s":"error"}},"timestamp":"2026-08-21 09:48:05,336+0530","service":"FyersAPI"}
{"level":"ERROR","location":"[error:54] fyers_logger","message":{"API":"/history","Error":{"code":-300,"message":"Invalid symbol provided","s":"error"}},"timestamp":"2026-08-21 09:48:07,203+0530","service":"FyersAPI"}
{"level":"ERROR","location":"[error:54] fyers_logger","message":{"API":"/history","Error":{"code":-300,"message":"Invalid symbol provided","s":"error"}},"timestamp":"2026-08-21 09:48:08,863+0530","service":"FyersAPI"}
{"level":"ERROR","location":"[error:54] fyers_logger","message":{"API":"/history","Error":{"code":-300,"message":"Invalid symbol provided","s":"error"}},"timestamp":"2026-08-21 09:48:10,012+0530","service":"FyersAPI"}
{"level":"ERROR","location":"[error:54] fyers_logger","message":{"API":"/history","Error":{"code":-300,"message":"Invalid symbol provided","s":"error"}},"timestamp":"2026-08-21 09:48:11,097+0530","service":"FyersAPI"}
{"level":"ERROR","location":"[error:54] fyers_logger","message":{"API":"/history","Error":{"code":-300,"message":"Invalid symbol provided","s":"error"}},"timestamp":"2026-08-21 09:48:12,023+0530","service":"FyersAPI"}
{"level":"ERROR","location":"[error:54] fyers_logger","message":{"API":"/history","Error":{"code":-300,"message":"Invalid symbol provided","s":"error"}},"timestamp":"2026-08-21 09:48:12,378+0530","service":"FyersAPI"}
{"level":"ERROR","location":"[error:54] fyers_logger","message":{"API":"/history","Error":{"code":429,"message":"request limit reached","s":"error"}},"timestamp":"2026-08-21 09:48:12,528+0530","service":"FyersAPI"}
{"level":"ERROR","location":"[error:54] fyers_logger","message":{"API":"/history","Error":{"code":429,"message":"request limit reached","s":"error"}},"timestamp":"2026-08-21 09:48:13,516+0530","service":"FyersAPI"}
{"level":"ERROR","location":"[error:54] fyers_logger","message":{"API":"/history","Error":{"code":429,"message":"request limit reached","s":"error"}},"timestamp":"2026-08-21 09:48:13,556+0530","service":"FyersAPI"}
{"level":"ERROR","location":"[error:54] fyers_logger","message":{"API":"/history","Error":{"code":429,"message":"request limit reached","s":"error"}},"timestamp":"2026-08-21 09:48:13,558+0530","service":"FyersAPI"}
{"level":"ERROR","location":"[error:54] fyers_logger","message":{"API":"/history","Error":{"code":-300,"message":"Invalid symbol provided","s":"error"}},"timestamp":"2026-08-21 09:48:13,774+0530","service":"FyersAPI"}
{"level":"ERROR","location":"[error:54] fyers_logger","message":{"API":"/history","Error":{"code":-300,"message":"Invalid symbol provided","s":"error"}},"timestamp":"2026-08-21 09:48:14,196+0530","service":"FyersAPI"}
{"level":"ERROR","location":"[error:54] fyers_logger","message":{"API":"/history","Error":{"code":429,"message":"request limit reached","s":"error"}},"timestamp":"2026-08-21 09:48:14,542+0530","service":"FyersAPI"}
{"level":"ERROR","location":"[error:54] fyers_logger","message":{"API":"/history","Error":{"code":429,"message":"request limit reached","s":"error"}},"timestamp":"2026-08-21 09:48:14,714+0530","service":"FyersAPI"}
{"level":"ERROR","location":"[error:54] fyers_logger","message":{"API":"/history","Error":{"code":429,"message":"request limit reached","s":"error"}},"timestamp":"2026-08-21 09:48:14,759+0530","service":"FyersAPI"}
{"level":"ERROR","location":"[error:54] fyers_logger","message":{"API":"/history","Error":{"code":429,"message":"request limit reached","s":"error"}},"timestamp":"2026-08-21 09:48:14,770+0530","service":"FyersAPI"}
{"level":"ERROR","location":"[error:54] fyers_logger","message":{"API":"/history","Error":{"code":-300,"message":"Invalid symbol provided","s":"error"}},"timestamp":"2026-08-21 09:48:15,491+0530","service":"FyersAPI"}
{"level":"ERROR","location":"[error:54] fyers_logger","message":{"API":"/history","Error":{"code":429,"message":"request limit reached","s":"error"}},"timestamp":"2026-08-21 09:48:15,666+0530","service":"FyersAPI"}
{"level":"ERROR","location":"[error:54] fyers_logger","message":{"API":"/history","Error":{"code":429,"message":"request limit reached","s":"error"}},"timestamp":"2026-08-21 09:48:15,712+0530","service":"FyersAPI"}
{"level":"ERROR","location":"[error:54] fyers_logger","message":{"API":"/history","Error":{"code":429,"message":"request limit reached","s":"error"}},"timestamp":"2026-08-21 09:48:15,740+0530","service":"FyersAPI"}
{"level":"ERROR","location":"[error:54] fyers_logger","message":{"API":"/history","Error":{"code":429,"message":"request limit reached","s":"error"}},"timestamp":"2026-08-21 09:48:16,790+0530","service":"FyersAPI"}
{"level":"ERROR","location":"[error:54] fyers_logger","message":{"API":"/history","Error":{"code":429,"message":"request limit reached","s":"error"}},"timestamp":"2026-08-21 09:48:16,804+0530","service":"FyersAPI"}
{"level":"ERROR","location":"[error:54] fyers_logger","message":{"API":"/history","Error":{"code":429,"message":"request limit reached","s":"error"}},"timestamp":"2026-08-21 09:48:17,728+0530","service":"FyersAPI"}
{"level":"ERROR","location":"[error:54] fyers_logger","message":{"API":"/history","Error":{"code":429,"message":"request limit reached","s":"error"}},"timestamp":"2026-08-21 09:48:18,694+0530","service":"FyersAPI"}
{"level":"ERROR","location":"[error:54] fyers_logger","message":{"API":"/history","Error":{"code":429,"message":"request limit reached","s":"error"}},"timestamp":"2026-08-21 09:48:18,739+0530","service":"FyersAPI"}
{"level":"ERROR","location":"[error:54] fyers_logger","message":{"API":"/history","Error":{"code":429,"message":"request limit reached","s":"error"}},"timestamp":"2026-08-21 09:48:18,767+0530","service":"FyersAPI"}
{"level":"ERROR","location":"[error:54] fyers_logger","message":{"API":"/history","Error":{"code":429,"message":"request limit reached","s":"error"}},"timestamp":"2026-08-21 09:48:19,924+0530","service":"FyersAPI"}
{"level":"ERROR","location":"[error:54] fyers_logger","message":{"API":"/history","Error":{"code":429,"message":"request limit reached","s":"error"}},"timestamp":"2026-08-21 09:48:19,924+0530","service":"FyersAPI"}
{"level":"ERROR","location":"[error:54] fyers_logger","message":{"API":"/history","Error":{"code":429,"message":"request limit reached","s":"error"}},"timestamp":"2026-08-21 09:48:19,926+0530","service":"FyersAPI"}
{"level":"ERROR","location":"[error:54] fyers_logger","message":{"API":"/history","Error":{"code":429,"message":"request limit reached","s":"error"}},"timestamp":"2026-08-21 09:48:20,844+0530","service":"FyersAPI"}
{"level":"ERROR","location":"[error:54] fyers_logger","message":{"API":"/history","Error":{"code":429,"message":"request limit reached","s":"error"}},"timestamp":"2026-08-21 09:48:20,917+0530","service":"FyersAPI"}
{"level":"ERROR","location":"[error:54] fyers_logger","message":{"API":"/history","Error":{"code":429,"message":"request limit reached","s":"error"}},"timestamp":"2026-08-21 09:48:21,843+0530","service":"FyersAPI"}
{"level":"ERROR","location":"[error:54] fyers_logger","message":{"API":"/history","Error":{"code":429,"message":"request limit reached","s":"error"}},"timestamp":"2026-08-21 09:48:22,032+0530","service":"FyersAPI"}
{"level":"ERROR","location":"[error:54] fyers_logger","message":{"API":"/history","Error":{"code":429,"message":"request limit reached","s":"error"}},"timestamp":"2026-08-21 09:48:22,035+0530","service":"FyersAPI"}
{"level":"ERROR","location":"[error:54] fyers_logger","message":{"API":"/history","Error":{"code":429,"message":"request limit reached","s":"error"}},"timestamp":"2026-08-21 09:48:22,061+0530","service":"FyersAPI"}
{"level":"ERROR","location":"[error:54] fyers_logger","message":{"API":"/history","Error":{"code":429,"message":"request limit reached","s":"error"}},"timestamp":"2026-08-21 09:48:23,031+0530","service":"FyersAPI"}
{"level":"ERROR","location":"[error:54] fyers_logger","message":{"API":"/history","Error":{"code":429,"message":"request limit reached","s":"error"}},"timestamp":"2026-08-21 09:48:23,074+0530","service":"FyersAPI"}
{"level":"ERROR","location":"[error:54] fyers_logger","message":{"API":"/history","Error":{"code":429,"message":"request limit reached","s":"error"}},"timestamp":"2026-08-21 09:48:24,021+0530","service":"FyersAPI"}
{"level":"ERROR","location":"[error:54] fyers_logger","message":{"API":"/history","Error":{"code":429,"message":"request limit reached","s":"error"}},"timestamp":"2026-08-21 09:48:24,223+0530","service":"FyersAPI"}
{"level":"ERROR","location":"[error:54] fyers_logger","message":{"API":"/history","Error":{"code":429,"message":"request limit reached","s":"error"}},"timestamp":"2026-08-21 09:48:24,285+0530","service":"FyersAPI"}
{"level":"ERROR","location":"[error:54] fyers_logger","message":{"API":"/history","Error":{"code":-300,"message":"Invalid symbol provided","s":"error"}},"timestamp":"2026-08-21 09:48:27,091+0530","service":"FyersAPI"}
{"level":"ERROR","location":"[error:54] fyers_logger","message":{"API":"/history","Error":{"code":429,"message":"request limit reached","s":"error"}},"timestamp":"2026-08-21 09:48:27,531+0530","service":"FyersAPI"}
{"level":"ERROR","location":"[error:54] fyers_logger","message":{"API":"/history","Error":{"code":429,"message":"request limit reached","s":"error"}},"timestamp":"2026-08-21 09:48:27,572+0530","service":"FyersAPI"}
{"level":"ERROR","location":"[error:54] fyers_logger","message":{"API":"/history","Error":{"code":429,"message":"request limit reached","s":"error"}},"timestamp":"2026-08-21 09:48:27,624+0530","service":"FyersAPI"}
{"level":"ERROR","location":"[error:54] fyers_logger","message":{"API":"/history","Error":{"code":429,"message":"request limit reached","s":"error"}},"timestamp":"2026-08-21 09:48:27,787+0530","service":"FyersAPI"}
{"level":"ERROR","location":"[error:54] fyers_logger","message":{"API":"/history","Error":{"code":429,"message":"request limit reached","s":"error"}},"timestamp":"2026-08-21 09:48:27,847+0530","service":"FyersAPI"}
{"level":"ERROR","location":"[error:54] fyers_logger","message":{"API":"/history","Error":{"code":429,"message":"request limit reached","s":"error"}},"timestamp":"2026-08-21 09:48:27,900+0530","service":"FyersAPI"}
{"level":"ERROR","location":"[error:54] fyers_logger","message":{"API":"/history","Error":{"code":429,"message":"request limit reached","s":"error"}},"timestamp":"2026-08-21 09:48:28,063+0530","service":"FyersAPI"}
{"level":"ERROR","location":"[error:54] fyers_logger","message":{"API":"/history","Error":{"code":429,"message":"request limit reached","s":"error"}},"timestamp":"2026-08-21 09:48:28,117+0530","service":"FyersAPI"}
{"level":"ERROR","location":"[error:54] fyers_logger","message":{"API":"/history","Error":{"code":429,"message":"request limit reached","s":"error"}},"timestamp":"2026-08-21 09:48:28,166+0530","service":"FyersAPI"}
{"level":"ERROR","location":"[error:54] fyers_logger","message":{"API":"/history","Error":{"code":429,"message":"request limit reached","s":"error"}},"timestamp":"2026-08-21 09:48:28,330+0530","service":"FyersAPI"}
{"level":"ERROR","location":"[error:54] fyers_logger","message":{"API":"/history","Error":{"code":429,"message":"request limit reached","s":"error"}},"timestamp":"2026-08-21 09:48:28,379+0530","service":"FyersAPI"}
{"level":"ERROR","location":"[error:54] fyers_logger","message":{"API":"/history","Error":{"code":429,"message":"request limit reached","s":"error"}},"timestamp":"2026-08-21 09:48:28,434+0530","service":"FyersAPI"}
{"level":"ERROR","location":"[error:54] fyers_logger","message":{"API":"/history","Error":{"code":429,"message":"request limit reached","s":"error"}},"timestamp":"2026-08-21 09:48:28,597+0530","service":"FyersAPI"}
{"level":"ERROR","location":"[error:54] fyers_logger","message":{"API":"/history","Error":{"code":429,"message":"request limit reached","s":"error"}},"timestamp":"2026-08-21 09:48:28,649+0530","service":"FyersAPI"}
{"level":"ERROR","location":"[error:54] fyers_logger","message":{"API":"/history","Error":{"code":429,"message":"request limit reached","s":"error"}},"timestamp":"2026-08-21 09:48:28,699+0530","service":"FyersAPI"}
{"level":"ERROR","location":"[error:54] fyers_logger","message":{"API":"/history","Error":{"code":429,"message":"request limit reached","s":"error"}},"timestamp":"2026-08-21 09:48:28,846+0530","service":"FyersAPI"}
{"level":"ERROR","location":"[error:54] fyers_logger","message":{"API":"/history","Error":{"code":429,"message":"request limit reached","s":"error"}},"timestamp":"2026-08-21 09:48:28,905+0530","service":"FyersAPI"}
{"level":"ERROR","location":"[error:54] fyers_logger","message":{"API":"/history","Error":{"code":429,"message":"request limit reached","s":"error"}},"timestamp":"2026-08-21 09:48:29,125+0530","service":"FyersAPI"}
{"level":"ERROR","location":"[error:54] fyers_logger","message":{"API":"/history","Error":{"code":429,"message":"request limit reached","s":"error"}},"timestamp":"2026-08-21 09:48:29,196+0530","service":"FyersAPI"}
{"level":"ERROR","location":"[error:54] fyers_logger","message":{"API":"/history","Error":{"code":429,"message":"request limit reached","s":"error"}},"timestamp":"2026-08-21 09:48:29,375+0530","service":"FyersAPI"}
{"level":"ERROR","location":"[error:54] fyers_logger","message":{"API":"/history","Error":{"code":429,"message":"request limit reached","s":"error"}},"timestamp":"2026-08-21 09:48:29,450+0530","service":"FyersAPI"}
{"level":"ERROR","location":"[error:54] fyers_logger","message":{"API":"/history","Error":{"code":429,"message":"request limit reached","s":"error"}},"timestamp":"2026-08-21 09:48:29,651+0530","service":"FyersAPI"}
{"level":"ERROR","location":"[error:54] fyers_logger","message":{"API":"/history","Error":{"code":429,"message":"request limit reached","s":"error"}},"timestamp":"2026-08-21 09:48:29,705+0530","service":"FyersAPI"}
{"level":"ERROR","location":"[error:54] fyers_logger","message":{"API":"/history","Error":{"code":429,"message":"request limit reached","s":"error"}},"timestamp":"2026-08-21 09:48:29,921+0530","service":"FyersAPI"}
{"level":"ERROR","location":"[error:54] fyers_logger","message":{"API":"/history","Error":{"code":429,"message":"request limit reached","s":"error"}},"timestamp":"2026-08-21 09:48:29,976+0530","service":"FyersAPI"}
{"level":"ERROR","location":"[error:54] fyers_logger","message":{"API":"/history","Error":{"code":429,"message":"request limit reached","s":"error"}},"timestamp":"2026-08-21 09:48:30,192+0530","service":"FyersAPI"}
{"level":"ERROR","location":"[error:54] fyers_logger","message":{"API":"/history","Error":{"code":429,"message":"request limit reached","s":"error"}},"timestamp":"2026-08-21 09:48:30,247+0530","service":"FyersAPI"}
{"level":"ERROR","location":"[error:54] fyers_logger","message":{"API":"/history","Error":{"code":429,"message":"request limit reached","s":"error"}},"timestamp":"2026-08-21 09:48:30,461+0530","service":"FyersAPI"}
{"level":"ERROR","location":"[error:54] fyers_logger","message":{"API":"/history","Error":{"code":429,"message":"request limit reached","s":"error"}},"timestamp":"2026-08-21 09:48:30,522+0530","service":"FyersAPI"}
{"level":"ERROR","location":"[error:54] fyers_logger","message":{"API":"/history","Error":{"code":429,"message":"request limit reached","s":"error"}},"timestamp":"2026-08-21 09:48:30,734+0530","service":"FyersAPI"}
{"level":"ERROR","location":"[error:54] fyers_logger","message":{"API":"/history","Error":{"code":429,"message":"request limit reached","s":"error"}},"timestamp":"2026-08-21 09:48:31,084+0530","service":"FyersAPI"}
{"level":"ERROR","location":"[error:54] fyers_logger","message":{"API":"/history","Error":{"code":429,"message":"request limit reached","s":"error"}},"timestamp":"2026-08-21 09:48:31,394+0530","service":"FyersAPI"}
{"level":"ERROR","location":"[error:54] fyers_logger","message":{"API":"/history","Error":{"code":429,"message":"request limit reached","s":"error"}},"timestamp":"2026-08-21 09:48:43,270+0530","service":"FyersAPI"}
{"level":"ERROR","location":"[error:54] fyers_logger","message":{"API":"/history","Error":{"code":429,"message":"request limit reached","s":"error"}},"timestamp":"2026-08-21 09:48:43,317+0530","service":"FyersAPI"}
{"level":"ERROR","location":"[error:54] fyers_logger","message":{"API":"/history","Error":{"code":429,"message":"request limit reached","s":"error"}},"timestamp":"2026-08-21 09:48:43,474+0530","service":"FyersAPI"}
{"level":"ERROR","location":"[error:54] fyers_logger","message":{"API":"/history","Error":{"code":429,"message":"request limit reached","s":"error"}},"timestamp":"2026-08-21 09:48:43,576+0530","service":"FyersAPI"}
{"level":"ERROR","location":"[error:54] fyers_logger","message":{"API":"/history","Error":{"code":429,"message":"request limit reached","s":"error"}},"timestamp":"2026-08-21 09:48:43,680+0530","service":"FyersAPI"}
{"level":"ERROR","location":"[error:54] fyers_logger","message":{"API":"/history","Error":{"code":429,"message":"request limit reached","s":"error"}},"timestamp":"2026-08-21 09:49:00,784+0530","service":"FyersAPI"}
{"level":"ERROR","location":"[error:54] fyers_logger","message":{"API":"/history","Error":{"code":-300,"message":"Invalid symbol provided","s":"error"}},"timestamp":"2026-08-21 09:49:16,502+0530","service":"FyersAPI"}
{"level":"ERROR","location":"[error:54] fyers_logger","message":{"API":"/history","Error":{"code":-300,"message":"Invalid symbol provided","s":"error"}},"timestamp":"2026-08-21 09:49:17,778+0530","service":"FyersAPI"}
{"level":"ERROR","location":"[error:54] fyers_logger","message":{"API":"/history","Error":{"code":-300,"message":"Invalid symbol provided","s":"error"}},"timestamp":"2026-08-21 09:49:19,827+0530","service":"FyersAPI"}
{"level":"ERROR","location":"[error:54] fyers_logger","message":{"API":"/history","Error":{"code":-300,"message":"Invalid symbol provided","s":"error"}},"timestamp":"2026-08-21 09:49:35,494+0530","service":"FyersAPI"}
{"level":"ERROR","location":"[error:54] fyers_logger","message":{"API":"/history","Error":{"code":-300,"message":"Invalid symbol provided","s":"error"}},"timestamp":"2026-08-21 09:53:07,565+0530","service":"FyersAPI"}
{"level":"ERROR","location":"[error:54] fyers_logger","message":{"API":"/history","Error":{"code":-300,"message":"Invalid symbol provided","s":"error"}},"timestamp":"2026-08-21 09:53:08,794+0530","service":"FyersAPI"}
{"level":"ERROR","location":"[error:54] fyers_logger","message":{"API":"/history","Error":{"code":-300,"message":"Invalid symbol provided","s":"error"}},"timestamp":"2026-08-21 09:53:10,740+0530","service":"FyersAPI"}
{"level":"ERROR","location":"[error:54] fyers_logger","message":{"API":"/history","Error":{"code":-300,"message":"Invalid symbol provided","s":"error"}},"timestamp":"2026-08-21 09:53:26,127+0530","service":"FyersAPI"}
{"level":"ERROR","location":"[error:54] fyers_logger","message":{"API":"/history","Error":{"code":-300,"message":"Invalid symbol provided","s":"error"}},"timestamp":"2026-08-21 09:53:54,934+0530","service":"FyersAPI"}
{"level":"ERROR","location":"[error:54] fyers_logger","message":{"API":"/history","Error":{"code":-300,"message":"Invalid symbol provided","s":"error"}},"timestamp":"2026-08-21 09:53:56,104+0530","service":"FyersAPI"}
{"level":"ERROR","location":"[error:54] fyers_logger","message":{"API":"/history","Error":{"code":-300,"message":"Invalid symbol provided","s":"error"}},"timestamp":"2026-08-21 09:53:57,946+0530","service":"FyersAPI"}
{"level":"ERROR","location":"[error:54] fyers_logger","message":{"API":"/history","Error":{"code":-300,"message":"Invalid symbol provided","s":"error"}},"timestamp":"2026-08-21 09:54:12,794+0530","service":"FyersAPI"}
{"level":"ERROR","location":"[error:54] fyers_logger","message":{"API":"/history","Error":{"code":-300,"message":"Invalid symbol provided","s":"error"}},"timestamp":"2026-08-21 09:54:43,515+0530","service":"FyersAPI"}
{"level":"ERROR","location":"[error:54] fyers_logger","message":{"API":"/history","Error":{"code":-300,"message":"Invalid symbol provided","s":"error"}},"timestamp":"2026-08-21 09:54:44,744+0530","service":"FyersAPI"}
{"level":"ERROR","location":"[error:54] fyers_logger","message":{"API":"/history","Error":{"code":-300,"message":"Invalid symbol provided","s":"error"}},"timestamp":"2026-08-21 09:54:46,586+0530","service":"FyersAPI"}
{"level":"ERROR","location":"[error:54] fyers_logger","message":{"API":"/history","Error":{"code":-300,"message":"Invalid symbol provided","s":"error"}},"timestamp":"2026-08-21 09:55:02,767+0530","service":"FyersAPI"}
{"level":"ERROR","location":"[error:54] fyers_logger","message":{"API":"/history","Error":{"code":-300,"message":"Invalid symbol provided","s":"error"}},"timestamp":"2026-08-21 09:55:36,764+0530","service":"FyersAPI"}
{"level":"ERROR","location":"[error:54] fyers_logger","message":{"API":"/history","Error":{"code":-300,"message":"Invalid symbol provided","s":"error"}},"timestamp":"2026-08-21 09:55:37,993+0530","service":"FyersAPI"}
{"level":"ERROR","location":"[error:54] fyers_logger","message":{"API":"/history","Error":{"code":-300,"message":"Invalid symbol provided","s":"error"}},"timestamp":"2026-08-21 09:55:39,943+0530","service":"FyersAPI"}
{"level":"ERROR","location":"[error:54] fyers_logger","message":{"API":"/history","Error":{"code":-300,"message":"Invalid symbol provided","s":"error"}},"timestamp":"2026-08-21 09:55:55,569+0530","service":"FyersAPI"}
{"level":"ERROR","location":"[error:54] fyers_logger","message":{"API":"/history","Error":{"code":-300,"message":"Invalid symbol provided","s":"error"}},"timestamp":"2026-08-21 09:57:42,717+0530","service":"FyersAPI"}
{"level":"ERROR","location":"[error:54] fyers_logger","message":{"API":"/history","Error":{"code":-300,"message":"Invalid symbol provided","s":"error"}},"timestamp":"2026-08-21 09:57:43,946+0530","service":"FyersAPI"}
{"level":"ERROR","location":"[error:54] fyers_logger","message":{"API":"/history","Error":{"code":-300,"message":"Invalid symbol provided","s":"error"}},"timestamp":"2026-08-21 09:57:45,856+0530","service":"FyersAPI"}
{"level":"ERROR","location":"[error:54] fyers_logger","message":{"API":"/history","Error":{"code":-300,"message":"Invalid symbol provided","s":"error"}},"timestamp":"2026-08-21 09:58:01,231+0530","service":"FyersAPI"}
{"level":"ERROR","location":"[error:54] fyers_logger","message":{"API":"/history","Error":{"code":-300,"message":"Invalid symbol provided","s":"error"}},"timestamp":"2026-08-21 10:00:12,847+0530","service":"FyersAPI"}
{"level":"ERROR","location":"[error:54] fyers_logger","message":{"API":"/history","Error":{"code":-300,"message":"Invalid symbol provided","s":"error"}},"timestamp":"2026-08-21 10:00:13,899+0530","service":"FyersAPI"}
{"level":"ERROR","location":"[error:54] fyers_logger","message":{"API":"/history","Error":{"code":-300,"message":"Invalid symbol provided","s":"error"}},"timestamp":"2026-08-21 10:00:15,489+0530","service":"FyersAPI"}
{"level":"ERROR","location":"[error:54] fyers_logger","message":{"API":"/history","Error":{"code":-300,"message":"Invalid symbol provided","s":"error"}},"timestamp":"2026-08-21 10:00:30,251+0530","service":"FyersAPI"}
{"level":"ERROR","location":"[error:54] fyers_logger","message":{"API":"/history","Error":{"code":-300,"message":"Invalid symbol provided","s":"error"}},"timestamp":"2026-08-21 10:05:02,684+0530","service":"FyersAPI"}
{"level":"ERROR","location":"[error:54] fyers_logger","message":{"API":"/history","Error":{"code":-300,"message":"Invalid symbol provided","s":"error"}},"timestamp":"2026-08-21 10:05:03,816+0530","service":"FyersAPI"}
{"level":"ERROR","location":"[error:54] fyers_logger","message":{"API":"/history","Error":{"code":-300,"message":"Invalid symbol provided","s":"error"}},"timestamp":"2026-08-21 10:05:05,484+0530","service":"FyersAPI"}
{"level":"ERROR","location":"[error:54] fyers_logger","message":{"API":"/history","Error":{"code":-300,"message":"Invalid symbol provided","s":"error"}},"timestamp":"2026-08-21 10:05:20,225+0530","service":"FyersAPI"}
{"level":"ERROR","location":"[error:54] fyers_logger","message":{"API":"/history","Error":{"code":-300,"message":"Invalid symbol provided","s":"error"}},"timestamp":"2026-08-21 10:05:40,387+0530","service":"FyersAPI"}
{"level":"ERROR","location":"[error:54] fyers_logger","message":{"API":"/history","Error":{"code":-300,"message":"Invalid symbol provided","s":"error"}},"timestamp":"2026-08-21 10:05:41,572+0530","service":"FyersAPI"}
{"level":"ERROR","location":"[error:54] fyers_logger","message":{"API":"/history","Error":{"code":-300,"message":"Invalid symbol provided","s":"error"}},"timestamp":"2026-08-21 10:05:43,327+0530","service":"FyersAPI"}
{"level":"ERROR","location":"[error:54] fyers_logger","message":{"API":"/history","Error":{"code":-300,"message":"Invalid symbol provided","s":"error"}},"timestamp":"2026-08-21 10:05:57,502+0530","service":"FyersAPI"}
{"level":"ERROR","location":"[error:54] fyers_logger","message":{"API":"/history","Error":{"code":-300,"message":"Invalid symbol provided","s":"error"}},"timestamp":"2026-08-21 10:11:07,415+0530","service":"FyersAPI"}
{"level":"ERROR","location":"[error:54] fyers_logger","message":{"API":"/history","Error":{"code":-300,"message":"Invalid symbol provided","s":"error"}},"timestamp":"2026-08-21 10:11:08,419+0530","service":"FyersAPI"}
{"level":"ERROR","location":"[error:54] fyers_logger","message":{"API":"/history","Error":{"code":-300,"message":"Invalid symbol provided","s":"error"}},"timestamp":"2026-08-21 10:11:10,034+0530","service":"FyersAPI"}
{"level":"ERROR","location":"[error:54] fyers_logger","message":{"API":"/history","Error":{"code":-300,"message":"Invalid symbol provided","s":"error"}},"timestamp":"2026-08-21 10:11:22,965+0530","service":"FyersAPI"}
{"level":"ERROR","location":"[error:54] fyers_logger","message":{"API":"/history","Error":{"code":-300,"message":"Invalid symbol provided","s":"error"}},"timestamp":"2026-08-21 10:16:31,581+0530","service":"FyersAPI"}
{"level":"ERROR","location":"[error:54] fyers_logger","message":{"API":"/history","Error":{"code":-300,"message":"Invalid symbol provided","s":"error"}},"timestamp":"2026-08-21 10:16:32,736+0530","service":"FyersAPI"}
{"level":"ERROR","location":"[error:54] fyers_logger","message":{"API":"/history","Error":{"code":-300,"message":"Invalid symbol provided","s":"error"}},"timestamp":"2026-08-21 10:16:34,369+0530","service":"FyersAPI"}
{"level":"ERROR","location":"[error:54] fyers_logger","message":{"API":"/history","Error":{"code":-300,"message":"Invalid symbol provided","s":"error"}},"timestamp":"2026-08-21 10:16:47,453+0530","service":"FyersAPI"}
{"level":"ERROR","location":"[error:54] fyers_logger","message":{"API":"/history","Error":{"code":-300,"message":"Invalid symbol provided","s":"error"}},"timestamp":"2026-08-21 10:21:36,164+0530","service":"FyersAPI"}
{"level":"ERROR","location":"[error:54] fyers_logger","message":{"API":"/history","Error":{"code":-300,"message":"Invalid symbol provided","s":"error"}},"timestamp":"2026-08-21 10:21:37,216+0530","service":"FyersAPI"}
{"level":"ERROR","location":"[error:54] fyers_logger","message":{"API":"/history","Error":{"code":-300,"message":"Invalid symbol provided","s":"error"}},"timestamp":"2026-08-21 10:21:39,075+0530","service":"FyersAPI"}
{"level":"ERROR","location":"[error:54] fyers_logger","message":{"API":"/history","Error":{"code":-300,"message":"Invalid symbol provided","s":"error"}},"timestamp":"2026-08-21 10:21:53,910+0530","service":"FyersAPI"}
{"level":"ERROR","location":"[error:54] fyers_logger","message":{"API":"/history","Error":{"code":-300,"message":"Invalid symbol provided","s":"error"}},"timestamp":"2026-08-21 10:21:56,373+0530","service":"FyersAPI"}
{"level":"ERROR","location":"[error:54] fyers_logger","message":{"API":"/history","Error":{"code":-300,"message":"Invalid symbol provided","s":"error"}},"timestamp":"2026-08-21 10:21:57,404+0530","service":"FyersAPI"}
{"level":"ERROR","location":"[error:54] fyers_logger","message":{"API":"/history","Error":{"code":-300,"message":"Invalid symbol provided","s":"error"}},"timestamp":"2026-08-21 10:21:58,969+0530","service":"FyersAPI"}
{"level":"ERROR","location":"[error:54] fyers_logger","message":{"API":"/history","Error":{"code":-300,"message":"Invalid symbol provided","s":"error"}},"timestamp":"2026-08-21 10:22:12,898+0530","service":"FyersAPI"}
{"level":"ERROR","location":"[error:54] fyers_logger","message":{"API":"/history","Error":{"code":-300,"message":"Invalid symbol provided","s":"error"}},"timestamp":"2026-08-21 10:25:25,029+0530","service":"FyersAPI"}
{"level":"ERROR","location":"[error:54] fyers_logger","message":{"API":"/history","Error":{"code":-300,"message":"Invalid symbol provided","s":"error"}},"timestamp":"2026-08-21 10:25:26,122+0530","service":"FyersAPI"}
{"level":"ERROR","location":"[error:54] fyers_logger","message":{"API":"/history","Error":{"code":-300,"message":"Invalid symbol provided","s":"error"}},"timestamp":"2026-08-21 10:25:27,807+0530","service":"FyersAPI"}
{"level":"ERROR","location":"[error:54] fyers_logger","message":{"API":"/history","Error":{"code":-300,"message":"Invalid symbol provided","s":"error"}},"timestamp":"2026-08-21 10:25:28,179+0530","service":"FyersAPI"}
{"level":"ERROR","location":"[error:54] fyers_logger","message":{"API":"/history","Error":{"code":-300,"message":"Invalid symbol provided","s":"error"}},"timestamp":"2026-08-21 10:25:29,284+0530","service":"FyersAPI"}
{"level":"ERROR","location":"[error:54] fyers_logger","message":{"API":"/history","Error":{"code":-300,"message":"Invalid symbol provided","s":"error"}},"timestamp":"2026-08-21 10:25:31,256+0530","service":"FyersAPI"}
{"level":"ERROR","location":"[error:54] fyers_logger","message":{"API":"/history","Error":{"code":-300,"message":"Invalid symbol provided","s":"error"}},"timestamp":"2026-08-21 10:25:41,269+0530","service":"FyersAPI"}
{"level":"ERROR","location":"[error:54] fyers_logger","message":{"API":"/history","Error":{"code":-300,"message":"Invalid symbol provided","s":"error"}},"timestamp":"2026-08-21 10:25:45,239+0530","service":"FyersAPI"}
{"level":"ERROR","location":"[error:54] fyers_logger","message":{"API":"/history","Error":{"code":-300,"message":"Invalid symbol provided","s":"error"}},"timestamp":"2026-08-21 10:27:48,487+0530","service":"FyersAPI"}
{"level":"ERROR","location":"[error:54] fyers_logger","message":{"API":"/history","Error":{"code":-300,"message":"Invalid symbol provided","s":"error"}},"timestamp":"2026-08-21 10:27:49,550+0530","service":"FyersAPI"}
{"level":"ERROR","location":"[error:54] fyers_logger","message":{"API":"/history","Error":{"code":-300,"message":"Invalid symbol provided","s":"error"}},"timestamp":"2026-08-21 10:27:51,355+0530","service":"FyersAPI"}
{"level":"ERROR","location":"[error:54] fyers_logger","message":{"API":"/history","Error":{"code":-300,"message":"Invalid symbol provided","s":"error"}},"timestamp":"2026-08-21 10:28:05,592+0530","service":"FyersAPI"}
{"level":"ERROR","location":"[error:54] fyers_logger","message":{"API":"/history","Error":{"code":-300,"message":"Invalid symbol provided","s":"error"}},"timestamp":"2026-08-21 10:30:43,599+0530","service":"FyersAPI"}
{"level":"ERROR","location":"[error:54] fyers_logger","message":{"API":"/history","Error":{"code":-300,"message":"Invalid symbol provided","s":"error"}},"timestamp":"2026-08-21 10:30:44,760+0530","service":"FyersAPI"}
{"level":"ERROR","location":"[error:54] fyers_logger","message":{"API":"/history","Error":{"code":-300,"message":"Invalid symbol provided","s":"error"}},"timestamp":"2026-08-21 10:30:46,320+0530","service":"FyersAPI"}
{"level":"ERROR","location":"[error:54] fyers_logger","message":{"API":"/history","Error":{"code":-300,"message":"Invalid symbol provided","s":"error"}},"timestamp":"2026-08-21 10:30:59,641+0530","service":"FyersAPI"}
{"level":"ERROR","location":"[error:54] fyers_logger","message":{"API":"/screeners/config","Error":{"code":-403,"message":"You do not have permission to access this application","s":"","data":null}},"timestamp":"2026-08-21 10:32:50,191+0530","service":"FyersAPI"}
{"level":"ERROR","location":"[error:54] fyers_logger","message":{"API":"/history","Error":{"code":-50,"data":{"range_to":"Date range cannot exceed 366 days for 1D, 1W, and 1M resolutions."},"message":"Invalid input","s":"error"}},"timestamp":"2026-08-21 10:33:23,802+0530","service":"FyersAPI"}
{"level":"ERROR","location":"[error:54] fyers_logger","message":{"API":"/history","Error":{"code":-50,"data":{"range_to":"Date range cannot exceed 366 days for 1D, 1W, and 1M resolutions."},"message":"Invalid input","s":"error"}},"timestamp":"2026-08-21 10:33:33,975+0530","service":"FyersAPI"}
{"level":"ERROR","location":"[error:54] fyers_logger","message":{"API":"/history","Error":{"code":-300,"message":"Invalid symbol provided","s":"error"}},"timestamp":"2026-08-21 10:33:42,368+0530","service":"FyersAPI"}
{"level":"ERROR","location":"[error:54] fyers_logger","message":{"API":"/history","Error":{"code":-300,"message":"Invalid symbol provided","s":"error"}},"timestamp":"2026-08-21 10:33:43,741+0530","service":"FyersAPI"}
{"level":"ERROR","location":"[error:54] fyers_logger","message":{"API":"/history","Error":{"code":-300,"message":"Invalid symbol provided","s":"error"}},"timestamp":"2026-08-21 10:33:45,457+0530","service":"FyersAPI"}
{"level":"ERROR","location":"[error:54] fyers_logger","message":{"API":"/history","Error":{"code":-300,"message":"Invalid symbol provided","s":"error"}},"timestamp":"2026-08-21 10:33:59,070+0530","service":"FyersAPI"}
{"level":"ERROR","location":"[error:54] fyers_logger","message":{"API":"/history","Error":{"code":-300,"message":"Invalid symbol provided","s":"error"}},"timestamp":"2026-08-21 10:35:39,460+0530","service":"FyersAPI"}
{"level":"ERROR","location":"[error:54] fyers_logger","message":{"API":"/history","Error":{"code":-300,"message":"Invalid symbol provided","s":"error"}},"timestamp":"2026-08-21 10:35:40,516+0530","service":"FyersAPI"}
{"level":"ERROR","location":"[error:54] fyers_logger","message":{"API":"/history","Error":{"code":-300,"message":"Invalid symbol provided","s":"error"}},"timestamp":"2026-08-21 10:35:42,122+0530","service":"FyersAPI"}
{"level":"ERROR","location":"[error:54] fyers_logger","message":{"API":"/history","Error":{"code":-300,"message":"Invalid symbol provided","s":"error"}},"timestamp":"2026-08-21 10:35:54,818+0530","service":"FyersAPI"}
{"level":"ERROR","location":"[error:54] fyers_logger","message":{"API":"/history","Error":{"code":-300,"message":"Invalid symbol provided","s":"error"}},"timestamp":"2026-08-21 10:36:02,289+0530","service":"FyersAPI"}
{"level":"ERROR","location":"[error:54] fyers_logger","message":{"API":"/history","Error":{"code":-300,"message":"Invalid symbol provided","s":"error"}},"timestamp":"2026-08-21 10:36:03,341+0530","service":"FyersAPI"}
{"level":"ERROR","location":"[error:54] fyers_logger","message":{"API":"/history","Error":{"code":-300,"message":"Invalid symbol provided","s":"error"}},"timestamp":"2026-08-21 10:36:04,900+0530","service":"FyersAPI"}
{"level":"ERROR","location":"[error:54] fyers_logger","message":{"API":"/history","Error":{"code":-300,"message":"Invalid symbol provided","s":"error"}},"timestamp":"2026-08-21 10:36:17,599+0530","service":"FyersAPI"}
{"level":"ERROR","location":"[error:54] fyers_logger","message":{"API":"/history","Error":{"code":-50,"data":{"range_to":"Date range cannot exceed 366 days for 1D, 1W, and 1M resolutions."},"message":"Invalid input","s":"error"}},"timestamp":"2026-08-21 10:37:24,991+0530","service":"FyersAPI"}
{"level":"ERROR","location":"[error:54] fyers_logger","message":{"API":"/history","Error":{"code":-300,"message":"Invalid symbol provided","s":"error"}},"timestamp":"2026-08-21 10:39:26,364+0530","service":"FyersAPI"}
{"level":"ERROR","location":"[error:54] fyers_logger","message":{"API":"/history","Error":{"code":-300,"message":"Invalid symbol provided","s":"error"}},"timestamp":"2026-08-21 10:39:27,419+0530","service":"FyersAPI"}
{"level":"ERROR","location":"[error:54] fyers_logger","message":{"API":"/history","Error":{"code":-300,"message":"Invalid symbol provided","s":"error"}},"timestamp":"2026-08-21 10:39:29,044+0530","service":"FyersAPI"}
{"level":"ERROR","location":"[error:54] fyers_logger","message":{"API":"/history","Error":{"code":-300,"message":"Invalid symbol provided","s":"error"}},"timestamp":"2026-08-21 10:39:42,334+0530","service":"FyersAPI"}
{"level":"ERROR","location":"[error:54] fyers_logger","message":{"API":"/history","Error":{"code":-300,"message":"Invalid symbol provided","s":"error"}},"timestamp":"2026-08-21 10:39:48,768+0530","service":"FyersAPI"}
{"level":"ERROR","location":"[error:54] fyers_logger","message":{"API":"/history","Error":{"code":-300,"message":"Invalid symbol provided","s":"error"}},"timestamp":"2026-08-21 10:39:49,831+0530","service":"FyersAPI"}
{"level":"ERROR","location":"[error:54] fyers_logger","message":{"API":"/history","Error":{"code":-300,"message":"Invalid symbol provided","s":"error"}},"timestamp":"2026-08-21 10:39:51,642+0530","service":"FyersAPI"}
{"level":"ERROR","location":"[error:54] fyers_logger","message":{"API":"/history","Error":{"code":-300,"message":"Invalid symbol provided","s":"error"}},"timestamp":"2026-08-21 10:40:06,378+0530","service":"FyersAPI"}
{"level":"ERROR","location":"[error:54] fyers_logger","message":{"API":"/history","Error":{"code":-300,"message":"Invalid symbol provided","s":"error"}},"timestamp":"2026-08-21 10:41:20,033+0530","service":"FyersAPI"}
{"level":"ERROR","location":"[error:54] fyers_logger","message":{"API":"/history","Error":{"code":-300,"message":"Invalid symbol provided","s":"error"}},"timestamp":"2026-08-21 10:41:21,043+0530","service":"FyersAPI"}
{"level":"ERROR","location":"[error:54] fyers_logger","message":{"API":"/history","Error":{"code":-300,"message":"Invalid symbol provided","s":"error"}},"timestamp":"2026-08-21 10:41:22,617+0530","service":"FyersAPI"}
{"level":"ERROR","location":"[error:54] fyers_logger","message":{"API":"/history","Error":{"code":-300,"message":"Invalid symbol provided","s":"error"}},"timestamp":"2026-08-21 10:41:35,253+0530","service":"FyersAPI"}
{"level":"ERROR","location":"[error:54] fyers_logger","message":{"API":"/history","Error":{"code":-300,"message":"Invalid symbol provided","s":"error"}},"timestamp":"2026-08-21 10:45:38,380+0530","service":"FyersAPI"}
{"level":"ERROR","location":"[error:54] fyers_logger","message":{"API":"/history","Error":{"code":-300,"message":"Invalid symbol provided","s":"error"}},"timestamp":"2026-08-21 10:45:39,464+0530","service":"FyersAPI"}
{"level":"ERROR","location":"[error:54] fyers_logger","message":{"API":"/history","Error":{"code":-300,"message":"Invalid symbol provided","s":"error"}},"timestamp":"2026-08-21 10:45:41,185+0530","service":"FyersAPI"}
{"level":"ERROR","location":"[error:54] fyers_logger","message":{"API":"/history","Error":{"code":-300,"message":"Invalid symbol provided","s":"error"}},"timestamp":"2026-08-21 10:45:55,124+0530","service":"FyersAPI"}
{"level":"ERROR","location":"[error:54] fyers_logger","message":{"API":"/history","Error":{"code":-300,"message":"Invalid symbol provided","s":"error"}},"timestamp":"2026-08-21 10:46:37,585+0530","service":"FyersAPI"}
{"level":"ERROR","location":"[error:54] fyers_logger","message":{"API":"/history","Error":{"code":-300,"message":"Invalid symbol provided","s":"error"}},"timestamp":"2026-08-21 10:46:38,675+0530","service":"FyersAPI"}
{"level":"ERROR","location":"[error:54] fyers_logger","message":{"API":"/history","Error":{"code":-300,"message":"Invalid symbol provided","s":"error"}},"timestamp":"2026-08-21 10:46:40,328+0530","service":"FyersAPI"}
{"level":"ERROR","location":"[error:54] fyers_logger","message":{"API":"/history","Error":{"code":-300,"message":"Invalid symbol provided","s":"error"}},"timestamp":"2026-08-21 10:46:54,856+0530","service":"FyersAPI"}
{"level":"ERROR","location":"[error:54] fyers_logger","message":{"API":"/history","Error":{"code":-300,"message":"Invalid symbol provided","s":"error"}},"timestamp":"2026-08-21 10:51:55,235+0530","service":"FyersAPI"}
{"level":"ERROR","location":"[error:54] fyers_logger","message":{"API":"/history","Error":{"code":-300,"message":"Invalid symbol provided","s":"error"}},"timestamp":"2026-08-21 10:51:56,263+0530","service":"FyersAPI"}
{"level":"ERROR","location":"[error:54] fyers_logger","message":{"API":"/history","Error":{"code":-300,"message":"Invalid symbol provided","s":"error"}},"timestamp":"2026-08-21 10:51:57,455+0530","service":"FyersAPI"}
{"level":"ERROR","location":"[error:54] fyers_logger","message":{"API":"/history","Error":{"code":-300,"message":"Invalid symbol provided","s":"error"}},"timestamp":"2026-08-21 10:51:57,804+0530","service":"FyersAPI"}
{"level":"ERROR","location":"[error:54] fyers_logger","message":{"API":"/history","Error":{"code":-300,"message":"Invalid symbol provided","s":"error"}},"timestamp":"2026-08-21 10:51:58,471+0530","service":"FyersAPI"}
{"level":"ERROR","location":"[error:54] fyers_logger","message":{"API":"/history","Error":{"code":-300,"message":"Invalid symbol provided","s":"error"}},"timestamp":"2026-08-21 10:51:59,974+0530","service":"FyersAPI"}
{"level":"ERROR","location":"[error:54] fyers_logger","message":{"API":"/history","Error":{"code":-300,"message":"Invalid symbol provided","s":"error"}},"timestamp":"2026-08-21 10:52:10,356+0530","service":"FyersAPI"}
{"level":"ERROR","location":"[error:54] fyers_logger","message":{"API":"/history","Error":{"code":-300,"message":"Invalid symbol provided","s":"error"}},"timestamp":"2026-08-21 10:52:12,653+0530","service":"FyersAPI"}
{"level":"ERROR","location":"[error:54] fyers_logger","message":{"API":"/history","Error":{"code":-300,"message":"Invalid symbol provided","s":"error"}},"timestamp":"2026-08-21 10:53:01,865+0530","service":"FyersAPI"}
{"level":"ERROR","location":"[error:54] fyers_logger","message":{"API":"/history","Error":{"code":-300,"message":"Invalid symbol provided","s":"error"}},"timestamp":"2026-08-21 10:53:02,965+0530","service":"FyersAPI"}
{"level":"ERROR","location":"[error:54] fyers_logger","message":{"API":"/history","Error":{"code":-300,"message":"Invalid symbol provided","s":"error"}},"timestamp":"2026-08-21 10:53:04,703+0530","service":"FyersAPI"}
{"level":"ERROR","location":"[error:54] fyers_logger","message":{"API":"/history","Error":{"code":-300,"message":"Invalid symbol provided","s":"error"}},"timestamp":"2026-08-21 10:53:18,692+0530","service":"FyersAPI"}
{"level":"ERROR","location":"[error:54] fyers_logger","message":{"API":"/history","Error":{"code":-300,"message":"Invalid symbol provided","s":"error"}},"timestamp":"2026-08-21 10:55:22,939+0530","service":"FyersAPI"}
{"level":"ERROR","location":"[error:54] fyers_logger","message":{"API":"/history","Error":{"code":-300,"message":"Invalid symbol provided","s":"error"}},"timestamp":"2026-08-21 10:55:32,771+0530","service":"FyersAPI"}
{"level":"ERROR","location":"[error:54] fyers_logger","message":{"API":"/history","Error":{"code":-300,"message":"Invalid symbol provided","s":"error"}},"timestamp":"2026-08-21 10:55:33,843+0530","service":"FyersAPI"}
{"level":"ERROR","location":"[error:54] fyers_logger","message":{"API":"/history","Error":{"code":-300,"message":"Invalid symbol provided","s":"error"}},"timestamp":"2026-08-21 10:55:35,369+0530","service":"FyersAPI"}
{"level":"ERROR","location":"[error:54] fyers_logger","message":{"API":"/history","Error":{"code":-300,"message":"Invalid symbol provided","s":"error"}},"timestamp":"2026-08-21 10:55:47,937+0530","service":"FyersAPI"}
{"level":"ERROR","location":"[error:54] fyers_logger","message":{"API":"/history","Error":{"code":-300,"message":"Invalid symbol provided","s":"error"}},"timestamp":"2026-08-21 10:56:34,034+0530","service":"FyersAPI"}
{"level":"ERROR","location":"[error:54] fyers_logger","message":{"API":"/history","Error":{"code":-300,"message":"Invalid symbol provided","s":"error"}},"timestamp":"2026-08-21 10:56:35,176+0530","service":"FyersAPI"}
{"level":"ERROR","location":"[error:54] fyers_logger","message":{"API":"/history","Error":{"code":-300,"message":"Invalid symbol provided","s":"error"}},"timestamp":"2026-08-21 10:56:36,796+0530","service":"FyersAPI"}
{"level":"ERROR","location":"[error:54] fyers_logger","message":{"API":"/history","Error":{"code":-300,"message":"Invalid symbol provided","s":"error"}},"timestamp":"2026-08-21 10:56:50,773+0530","service":"FyersAPI"}
{"level":"ERROR","location":"[error:54] fyers_logger","message":{"API":"/history","Error":{"code":-300,"message":"Invalid symbol provided","s":"error"}},"timestamp":"2026-08-21 10:57:15,055+0530","service":"FyersAPI"}
{"level":"ERROR","location":"[error:54] fyers_logger","message":{"API":"/history","Error":{"code":-300,"message":"Invalid symbol provided","s":"error"}},"timestamp":"2026-08-21 10:57:16,103+0530","service":"FyersAPI"}
{"level":"ERROR","location":"[error:54] fyers_logger","message":{"API":"/history","Error":{"code":-300,"message":"Invalid symbol provided","s":"error"}},"timestamp":"2026-08-21 10:57:17,990+0530","service":"FyersAPI"}
{"level":"ERROR","location":"[error:54] fyers_logger","message":{"API":"/history","Error":{"code":-300,"message":"Invalid symbol provided","s":"error"}},"timestamp":"2026-08-21 10:57:32,059+0530","service":"FyersAPI"}
{"level":"ERROR","location":"[error:54] fyers_logger","message":{"API":"/history","Error":{"code":-300,"message":"Invalid symbol provided","s":"error"}},"timestamp":"2026-08-21 10:58:00,237+0530","service":"FyersAPI"}
{"level":"ERROR","location":"[error:54] fyers_logger","message":{"API":"/history","Error":{"code":-300,"message":"Invalid symbol provided","s":"error"}},"timestamp":"2026-08-21 10:58:01,497+0530","service":"FyersAPI"}
{"level":"ERROR","location":"[error:54] fyers_logger","message":{"API":"/history","Error":{"code":-300,"message":"Invalid symbol provided","s":"error"}},"timestamp":"2026-08-21 10:58:03,100+0530","service":"FyersAPI"}
{"level":"ERROR","location":"[error:54] fyers_logger","message":{"API":"/history","Error":{"code":-300,"message":"Invalid symbol provided","s":"error"}},"timestamp":"2026-08-21 10:58:16,646+0530","service":"FyersAPI"}
{"level":"ERROR","location":"[error:54] fyers_logger","message":{"API":"/history","Error":{"code":-300,"message":"Invalid symbol provided","s":"error"}},"timestamp":"2026-08-21 10:58:16,900+0530","service":"FyersAPI"}
{"level":"ERROR","location":"[error:54] fyers_logger","message":{"API":"/history","Error":{"code":-300,"message":"Invalid symbol provided","s":"error"}},"timestamp":"2026-08-21 10:58:17,951+0530","service":"FyersAPI"}
{"level":"ERROR","location":"[error:54] fyers_logger","message":{"API":"/history","Error":{"code":-300,"message":"Invalid symbol provided","s":"error"}},"timestamp":"2026-08-21 10:58:19,582+0530","service":"FyersAPI"}
{"level":"ERROR","location":"[error:54] fyers_logger","message":{"API":"/history","Error":{"code":-300,"message":"Invalid symbol provided","s":"error"}},"timestamp":"2026-08-21 10:58:33,013+0530","service":"FyersAPI"}
{"level":"ERROR","location":"[error:54] fyers_logger","message":{"API":"/history","Error":{"code":-300,"message":"Invalid symbol provided","s":"error"}},"timestamp":"2026-08-21 10:58:55,160+0530","service":"FyersAPI"}
{"level":"ERROR","location":"[error:54] fyers_logger","message":{"API":"/history","Error":{"code":-300,"message":"Invalid symbol provided","s":"error"}},"timestamp":"2026-08-21 10:58:56,214+0530","service":"FyersAPI"}
{"level":"ERROR","location":"[error:54] fyers_logger","message":{"API":"/history","Error":{"code":-300,"message":"Invalid symbol provided","s":"error"}},"timestamp":"2026-08-21 10:58:57,763+0530","service":"FyersAPI"}
{"level":"ERROR","location":"[error:54] fyers_logger","message":{"API":"/history","Error":{"code":-300,"message":"Invalid symbol provided","s":"error"}},"timestamp":"2026-08-21 10:59:10,243+0530","service":"FyersAPI"}
{"level":"ERROR","location":"[error:54] fyers_logger","message":{"API":"/history","Error":{"code":-300,"message":"Invalid symbol provided","s":"error"}},"timestamp":"2026-08-21 11:02:34,430+0530","service":"FyersAPI"}
{"level":"ERROR","location":"[error:54] fyers_logger","message":{"API":"/history","Error":{"code":-300,"message":"Invalid symbol provided","s":"error"}},"timestamp":"2026-08-21 11:02:35,692+0530","service":"FyersAPI"}
{"level":"ERROR","location":"[error:54] fyers_logger","message":{"API":"/history","Error":{"code":-300,"message":"Invalid symbol provided","s":"error"}},"timestamp":"2026-08-21 11:02:37,291+0530","service":"FyersAPI"}
{"level":"ERROR","location":"[error:54] fyers_logger","message":{"API":"/history","Error":{"code":-300,"message":"Invalid symbol provided","s":"error"}},"timestamp":"2026-08-21 11:02:51,203+0530","service":"FyersAPI"}
{"level":"ERROR","location":"[error:54] fyers_logger","message":{"API":"/history","Error":{"code":-300,"message":"Invalid symbol provided","s":"error"}},"timestamp":"2026-08-21 11:03:49,536+0530","service":"FyersAPI"}
{"level":"ERROR","location":"[error:54] fyers_logger","message":{"API":"/history","Error":{"code":-300,"message":"Invalid symbol provided","s":"error"}},"timestamp":"2026-08-21 11:03:50,583+0530","service":"FyersAPI"}
{"level":"ERROR","location":"[error:54] fyers_logger","message":{"API":"/history","Error":{"code":-300,"message":"Invalid symbol provided","s":"error"}},"timestamp":"2026-08-21 11:03:52,341+0530","service":"FyersAPI"}
{"level":"ERROR","location":"[error:54] fyers_logger","message":{"API":"/history","Error":{"code":-300,"message":"Invalid symbol provided","s":"error"}},"timestamp":"2026-08-21 11:04:06,245+0530","service":"FyersAPI"}
{"level":"ERROR","location":"[error:54] fyers_logger","message":{"API":"/history","Error":{"code":-300,"message":"Invalid symbol provided","s":"error"}},"timestamp":"2026-08-21 11:04:16,187+0530","service":"FyersAPI"}
{"level":"ERROR","location":"[error:54] fyers_logger","message":{"API":"/history","Error":{"code":-300,"message":"Invalid symbol provided","s":"error"}},"timestamp":"2026-08-21 11:04:17,248+0530","service":"FyersAPI"}
{"level":"ERROR","location":"[error:54] fyers_logger","message":{"API":"/history","Error":{"code":-300,"message":"Invalid symbol provided","s":"error"}},"timestamp":"2026-08-21 11:04:19,372+0530","service":"FyersAPI"}
{"level":"ERROR","location":"[error:54] fyers_logger","message":{"API":"/history","Error":{"code":-300,"message":"Invalid symbol provided","s":"error"}},"timestamp":"2026-08-21 11:04:33,387+0530","service":"FyersAPI"}
{"level":"ERROR","location":"[error:54] fyers_logger","message":{"API":"/history","Error":{"code":-300,"message":"Invalid symbol provided","s":"error"}},"timestamp":"2026-08-21 11:06:03,574+0530","service":"FyersAPI"}
{"level":"ERROR","location":"[error:54] fyers_logger","message":{"API":"/history","Error":{"code":-300,"message":"Invalid symbol provided","s":"error"}},"timestamp":"2026-08-21 11:06:04,649+0530","service":"FyersAPI"}
{"level":"ERROR","location":"[error:54] fyers_logger","message":{"API":"/history","Error":{"code":-300,"message":"Invalid symbol provided","s":"error"}},"timestamp":"2026-08-21 11:06:06,472+0530","service":"FyersAPI"}
{"level":"ERROR","location":"[error:54] fyers_logger","message":{"API":"/history","Error":{"code":-300,"message":"Invalid symbol provided","s":"error"}},"timestamp":"2026-08-21 11:06:19,175+0530","service":"FyersAPI"}
{"level":"ERROR","location":"[error:54] fyers_logger","message":{"API":"/history","Error":{"code":-300,"message":"Invalid symbol provided","s":"error"}},"timestamp":"2026-08-21 11:07:53,825+0530","service":"FyersAPI"}
{"level":"ERROR","location":"[error:54] fyers_logger","message":{"API":"/history","Error":{"code":-300,"message":"Invalid symbol provided","s":"error"}},"timestamp":"2026-08-21 11:07:54,922+0530","service":"FyersAPI"}
{"level":"ERROR","location":"[error:54] fyers_logger","message":{"API":"/history","Error":{"code":-300,"message":"Invalid symbol provided","s":"error"}},"timestamp":"2026-08-21 11:07:56,460+0530","service":"FyersAPI"}
{"level":"ERROR","location":"[error:54] fyers_logger","message":{"API":"/history","Error":{"code":-300,"message":"Invalid symbol provided","s":"error"}},"timestamp":"2026-08-21 11:08:09,822+0530","service":"FyersAPI"}
{"level":"ERROR","location":"[error:54] fyers_logger","message":{"API":"/history","Error":{"code":-300,"message":"Invalid symbol provided","s":"error"}},"timestamp":"2026-08-21 11:10:45,187+0530","service":"FyersAPI"}
{"level":"ERROR","location":"[error:54] fyers_logger","message":{"API":"/history","Error":{"code":-300,"message":"Invalid symbol provided","s":"error"}},"timestamp":"2026-08-21 11:10:46,196+0530","service":"FyersAPI"}
{"level":"ERROR","location":"[error:54] fyers_logger","message":{"API":"/history","Error":{"code":-300,"message":"Invalid symbol provided","s":"error"}},"timestamp":"2026-08-21 11:10:47,849+0530","service":"FyersAPI"}
{"level":"ERROR","location":"[error:54] fyers_logger","message":{"API":"/history","Error":{"code":-300,"message":"Invalid symbol provided","s":"error"}},"timestamp":"2026-08-21 11:11:00,338+0530","service":"FyersAPI"}
{"level":"ERROR","location":"[error:54] fyers_logger","message":{"API":"/history","Error":{"code":-300,"message":"Invalid symbol provided","s":"error"}},"timestamp":"2026-08-21 11:13:12,104+0530","service":"FyersAPI"}
{"level":"ERROR","location":"[error:54] fyers_logger","message":{"API":"/history","Error":{"code":-300,"message":"Invalid symbol provided","s":"error"}},"timestamp":"2026-08-21 11:13:13,198+0530","service":"FyersAPI"}
{"level":"ERROR","location":"[error:54] fyers_logger","message":{"API":"/history","Error":{"code":-300,"message":"Invalid symbol provided","s":"error"}},"timestamp":"2026-08-21 11:13:14,950+0530","service":"FyersAPI"}
{"level":"ERROR","location":"[error:54] fyers_logger","message":{"API":"/history","Error":{"code":-300,"message":"Invalid symbol provided","s":"error"}},"timestamp":"2026-08-21 11:13:28,764+0530","service":"FyersAPI"}
{"level":"ERROR","location":"[error:54] fyers_logger","message":{"API":"/history","Error":{"code":-300,"message":"Invalid symbol provided","s":"error"}},"timestamp":"2026-08-21 11:14:38,763+0530","service":"FyersAPI"}
{"level":"ERROR","location":"[error:54] fyers_logger","message":{"API":"/history","Error":{"code":-300,"message":"Invalid symbol provided","s":"error"}},"timestamp":"2026-08-21 11:14:39,843+0530","service":"FyersAPI"}
{"level":"ERROR","location":"[error:54] fyers_logger","message":{"API":"/history","Error":{"code":-300,"message":"Invalid symbol provided","s":"error"}},"timestamp":"2026-08-21 11:14:41,468+0530","service":"FyersAPI"}
{"level":"ERROR","location":"[error:54] fyers_logger","message":{"API":"/history","Error":{"code":-300,"message":"Invalid symbol provided","s":"error"}},"timestamp":"2026-08-21 11:14:55,538+0530","service":"FyersAPI"}
{"level":"ERROR","location":"[error:54] fyers_logger","message":{"API":"/history","Error":{"code":-300,"message":"Invalid symbol provided","s":"error"}},"timestamp":"2026-08-21 11:16:40,197+0530","service":"FyersAPI"}
{"level":"ERROR","location":"[error:54] fyers_logger","message":{"API":"/history","Error":{"code":-300,"message":"Invalid symbol provided","s":"error"}},"timestamp":"2026-08-21 11:16:41,301+0530","service":"FyersAPI"}
{"level":"ERROR","location":"[error:54] fyers_logger","message":{"API":"/history","Error":{"code":-300,"message":"Invalid symbol provided","s":"error"}},"timestamp":"2026-08-21 11:16:43,205+0530","service":"FyersAPI"}
{"level":"ERROR","location":"[error:54] fyers_logger","message":{"API":"/history","Error":{"code":-300,"message":"Invalid symbol provided","s":"error"}},"timestamp":"2026-08-21 11:16:57,241+0530","service":"FyersAPI"}
{"level":"ERROR","location":"[error:54] fyers_logger","message":{"API":"/history","Error":{"code":-300,"message":"Invalid symbol provided","s":"error"}},"timestamp":"2026-08-21 11:18:31,159+0530","service":"FyersAPI"}
{"level":"ERROR","location":"[error:54] fyers_logger","message":{"API":"/history","Error":{"code":-300,"message":"Invalid symbol provided","s":"error"}},"timestamp":"2026-08-21 11:18:32,270+0530","service":"FyersAPI"}
{"level":"ERROR","location":"[error:54] fyers_logger","message":{"API":"/history","Error":{"code":-300,"message":"Invalid symbol provided","s":"error"}},"timestamp":"2026-08-21 11:18:33,837+0530","service":"FyersAPI"}
{"level":"ERROR","location":"[error:54] fyers_logger","message":{"API":"/history","Error":{"code":-300,"message":"Invalid symbol provided","s":"error"}},"timestamp":"2026-08-21 11:18:47,754+0530","service":"FyersAPI"}
{"level":"ERROR","location":"[error:54] fyers_logger","message":{"API":"/history","Error":{"code":-300,"message":"Invalid symbol provided","s":"error"}},"timestamp":"2026-08-21 11:21:33,262+0530","service":"FyersAPI"}
{"level":"ERROR","location":"[error:54] fyers_logger","message":{"API":"/history","Error":{"code":-300,"message":"Invalid symbol provided","s":"error"}},"timestamp":"2026-08-21 11:21:34,350+0530","service":"FyersAPI"}
{"level":"ERROR","location":"[error:54] fyers_logger","message":{"API":"/history","Error":{"code":-300,"message":"Invalid symbol provided","s":"error"}},"timestamp":"2026-08-21 11:21:35,894+0530","service":"FyersAPI"}
{"level":"ERROR","location":"[error:54] fyers_logger","message":{"API":"/history","Error":{"code":-300,"message":"Invalid symbol provided","s":"error"}},"timestamp":"2026-08-21 11:21:48,622+0530","service":"FyersAPI"}
{"level":"ERROR","location":"[error:54] fyers_logger","message":{"API":"/history","Error":{"code":-300,"message":"Invalid symbol provided","s":"error"}},"timestamp":"2026-08-21 11:23:30,140+0530","service":"FyersAPI"}
{"level":"ERROR","location":"[error:54] fyers_logger","message":{"API":"/history","Error":{"code":-300,"message":"Invalid symbol provided","s":"error"}},"timestamp":"2026-08-21 11:23:31,155+0530","service":"FyersAPI"}
{"level":"ERROR","location":"[error:54] fyers_logger","message":{"API":"/history","Error":{"code":-300,"message":"Invalid symbol provided","s":"error"}},"timestamp":"2026-08-21 11:23:32,699+0530","service":"FyersAPI"}
{"level":"ERROR","location":"[error:54] fyers_logger","message":{"API":"/history","Error":{"code":-300,"message":"Invalid symbol provided","s":"error"}},"timestamp":"2026-08-21 11:23:45,223+0530","service":"FyersAPI"}
{"level":"ERROR","location":"[error:54] fyers_logger","message":{"API":"/history","Error":{"code":-300,"message":"Invalid symbol provided","s":"error"}},"timestamp":"2026-08-21 11:23:50,193+0530","service":"FyersAPI"}
{"level":"ERROR","location":"[error:54] fyers_logger","message":{"API":"/history","Error":{"code":-300,"message":"Invalid symbol provided","s":"error"}},"timestamp":"2026-08-21 11:23:51,232+0530","service":"FyersAPI"}
{"level":"ERROR","location":"[error:54] fyers_logger","message":{"API":"/history","Error":{"code":-300,"message":"Invalid symbol provided","s":"error"}},"timestamp":"2026-08-21 11:23:52,767+0530","service":"FyersAPI"}
{"level":"ERROR","location":"[error:54] fyers_logger","message":{"API":"/history","Error":{"code":-300,"message":"Invalid symbol provided","s":"error"}},"timestamp":"2026-08-21 11:24:05,531+0530","service":"FyersAPI"}
{"level":"ERROR","location":"[error:54] fyers_logger","message":{"API":"/history","Error":{"code":-300,"message":"Invalid symbol provided","s":"error"}},"timestamp":"2026-08-21 11:29:44,277+0530","service":"FyersAPI"}
{"level":"ERROR","location":"[error:54] fyers_logger","message":{"API":"/history","Error":{"code":-300,"message":"Invalid symbol provided","s":"error"}},"timestamp":"2026-08-21 11:29:45,332+0530","service":"FyersAPI"}
{"level":"ERROR","location":"[error:54] fyers_logger","message":{"API":"/history","Error":{"code":-300,"message":"Invalid symbol provided","s":"error"}},"timestamp":"2026-08-21 11:29:47,182+0530","service":"FyersAPI"}
{"level":"ERROR","location":"[error:54] fyers_logger","message":{"API":"/history","Error":{"code":-300,"message":"Invalid symbol provided","s":"error"}},"timestamp":"2026-08-21 11:30:01,254+0530","service":"FyersAPI"}
{"level":"ERROR","location":"[error:54] fyers_logger","message":{"API":"/history","Error":{"code":-300,"message":"Invalid symbol provided","s":"error"}},"timestamp":"2026-08-21 11:31:02,538+0530","service":"FyersAPI"}
{"level":"ERROR","location":"[error:54] fyers_logger","message":{"API":"/history","Error":{"code":-300,"message":"Invalid symbol provided","s":"error"}},"timestamp":"2026-08-21 11:31:03,544+0530","service":"FyersAPI"}
{"level":"ERROR","location":"[error:54] fyers_logger","message":{"API":"/history","Error":{"code":-300,"message":"Invalid symbol provided","s":"error"}},"timestamp":"2026-08-21 11:31:05,144+0530","service":"FyersAPI"}
{"level":"ERROR","location":"[error:54] fyers_logger","message":{"API":"/history","Error":{"code":-300,"message":"Invalid symbol provided","s":"error"}},"timestamp":"2026-08-21 11:31:17,858+0530","service":"FyersAPI"}
{"level":"ERROR","location":"[error:54] fyers_logger","message":{"API":"/history","Error":{"code":-300,"message":"Invalid symbol provided","s":"error"}},"timestamp":"2026-08-21 11:36:30,256+0530","service":"FyersAPI"}
{"level":"ERROR","location":"[error:54] fyers_logger","message":{"API":"/history","Error":{"code":-300,"message":"Invalid symbol provided","s":"error"}},"timestamp":"2026-08-21 11:36:31,264+0530","service":"FyersAPI"}
{"level":"ERROR","location":"[error:54] fyers_logger","message":{"API":"/history","Error":{"code":-300,"message":"Invalid symbol provided","s":"error"}},"timestamp":"2026-08-21 11:36:32,775+0530","service":"FyersAPI"}
{"level":"ERROR","location":"[error:54] fyers_logger","message":{"API":"/history","Error":{"code":-300,"message":"Invalid symbol provided","s":"error"}},"timestamp":"2026-08-21 11:36:45,435+0530","service":"FyersAPI"}
{"level":"ERROR","location":"[error:54] fyers_logger","message":{"API":"/history","Error":{"code":-300,"message":"Invalid symbol provided","s":"error"}},"timestamp":"2026-08-21 11:42:46,348+0530","service":"FyersAPI"}
{"level":"ERROR","location":"[error:54] fyers_logger","message":{"API":"/history","Error":{"code":-300,"message":"Invalid symbol provided","s":"error"}},"timestamp":"2026-08-21 11:42:47,407+0530","service":"FyersAPI"}
{"level":"ERROR","location":"[error:54] fyers_logger","message":{"API":"/history","Error":{"code":-300,"message":"Invalid symbol provided","s":"error"}},"timestamp":"2026-08-21 11:42:49,355+0530","service":"FyersAPI"}
{"level":"ERROR","location":"[error:54] fyers_logger","message":{"API":"/history","Error":{"code":-300,"message":"Invalid symbol provided","s":"error"}},"timestamp":"2026-08-21 11:43:03,259+0530","service":"FyersAPI"}
{"level":"ERROR","location":"[error:54] fyers_logger","message":{"API":"/history","Error":{"code":-300,"message":"Invalid symbol provided","s":"error"}},"timestamp":"2026-08-21 11:47:24,511+0530","service":"FyersAPI"}
{"level":"ERROR","location":"[error:54] fyers_logger","message":{"API":"/history","Error":{"code":-300,"message":"Invalid symbol provided","s":"error"}},"timestamp":"2026-08-21 11:47:25,534+0530","service":"FyersAPI"}
{"level":"ERROR","location":"[error:54] fyers_logger","message":{"API":"/history","Error":{"code":-300,"message":"Invalid symbol provided","s":"error"}},"timestamp":"2026-08-21 11:47:27,130+0530","service":"FyersAPI"}
{"level":"ERROR","location":"[error:54] fyers_logger","message":{"API":"/history","Error":{"code":-300,"message":"Invalid symbol provided","s":"error"}},"timestamp":"2026-08-21 11:47:40,026+0530","service":"FyersAPI"}
{"level":"ERROR","location":"[error:54] fyers_logger","message":{"API":"/history","Error":{"code":-300,"message":"Invalid symbol provided","s":"error"}},"timestamp":"2026-08-21 11:48:44,179+0530","service":"FyersAPI"}
{"level":"ERROR","location":"[error:54] fyers_logger","message":{"API":"/history","Error":{"code":-300,"message":"Invalid symbol provided","s":"error"}},"timestamp":"2026-08-21 11:48:45,220+0530","service":"FyersAPI"}
{"level":"ERROR","location":"[error:54] fyers_logger","message":{"API":"/history","Error":{"code":-300,"message":"Invalid symbol provided","s":"error"}},"timestamp":"2026-08-21 11:48:45,362+0530","service":"FyersAPI"}
{"level":"ERROR","location":"[error:54] fyers_logger","message":{"API":"/history","Error":{"code":-300,"message":"Invalid symbol provided","s":"error"}},"timestamp":"2026-08-21 11:48:46,373+0530","service":"FyersAPI"}
{"level":"ERROR","location":"[error:54] fyers_logger","message":{"API":"/history","Error":{"code":-300,"message":"Invalid symbol provided","s":"error"}},"timestamp":"2026-08-21 11:48:46,786+0530","service":"FyersAPI"}
{"level":"ERROR","location":"[error:54] fyers_logger","message":{"API":"/history","Error":{"code":-300,"message":"Invalid symbol provided","s":"error"}},"timestamp":"2026-08-21 11:48:48,037+0530","service":"FyersAPI"}
{"level":"ERROR","location":"[error:54] fyers_logger","message":{"API":"/history","Error":{"code":-300,"message":"Invalid symbol provided","s":"error"}},"timestamp":"2026-08-21 11:49:00,586+0530","service":"FyersAPI"}
{"level":"ERROR","location":"[error:54] fyers_logger","message":{"API":"/history","Error":{"code":-300,"message":"Invalid symbol provided","s":"error"}},"timestamp":"2026-08-21 11:49:01,412+0530","service":"FyersAPI"}
{"level":"ERROR","location":"[error:54] fyers_logger","message":{"API":"/history","Error":{"code":-300,"message":"Invalid symbol provided","s":"error"}},"timestamp":"2026-08-21 11:54:33,222+0530","service":"FyersAPI"}
{"level":"ERROR","location":"[error:54] fyers_logger","message":{"API":"/history","Error":{"code":-300,"message":"Invalid symbol provided","s":"error"}},"timestamp":"2026-08-21 11:54:34,242+0530","service":"FyersAPI"}
{"level":"ERROR","location":"[error:54] fyers_logger","message":{"API":"/history","Error":{"code":-300,"message":"Invalid symbol provided","s":"error"}},"timestamp":"2026-08-21 11:54:35,961+0530","service":"FyersAPI"}
{"level":"ERROR","location":"[error:54] fyers_logger","message":{"API":"/history","Error":{"code":-300,"message":"Invalid symbol provided","s":"error"}},"timestamp":"2026-08-21 11:54:48,568+0530","service":"FyersAPI"}
{"level":"ERROR","location":"[error:54] fyers_logger","message":{"API":"/history","Error":{"code":-300,"message":"Invalid symbol provided","s":"error"}},"timestamp":"2026-08-21 11:55:20,585+0530","service":"FyersAPI"}
{"level":"ERROR","location":"[error:54] fyers_logger","message":{"API":"/history","Error":{"code":-300,"message":"Invalid symbol provided","s":"error"}},"timestamp":"2026-08-21 11:55:21,647+0530","service":"FyersAPI"}
{"level":"ERROR","location":"[error:54] fyers_logger","message":{"API":"/history","Error":{"code":-300,"message":"Invalid symbol provided","s":"error"}},"timestamp":"2026-08-21 11:55:23,256+0530","service":"FyersAPI"}
{"level":"ERROR","location":"[error:54] fyers_logger","message":{"API":"/history","Error":{"code":-300,"message":"Invalid symbol provided","s":"error"}},"timestamp":"2026-08-21 11:55:36,286+0530","service":"FyersAPI"}
{"level":"ERROR","location":"[error:54] fyers_logger","message":{"API":"/history","Error":{"code":-300,"message":"Invalid symbol provided","s":"error"}},"timestamp":"2026-08-21 11:56:27,399+0530","service":"FyersAPI"}
{"level":"ERROR","location":"[error:54] fyers_logger","message":{"API":"/history","Error":{"code":-300,"message":"Invalid symbol provided","s":"error"}},"timestamp":"2026-08-21 11:56:28,466+0530","service":"FyersAPI"}
{"level":"ERROR","location":"[error:54] fyers_logger","message":{"API":"/history","Error":{"code":-300,"message":"Invalid symbol provided","s":"error"}},"timestamp":"2026-08-21 11:56:30,048+0530","service":"FyersAPI"}
{"level":"ERROR","location":"[error:54] fyers_logger","message":{"API":"/history","Error":{"code":-300,"message":"Invalid symbol provided","s":"error"}},"timestamp":"2026-08-21 11:56:43,547+0530","service":"FyersAPI"}
{"level":"ERROR","location":"[error:54] fyers_logger","message":{"API":"/history","Error":{"code":-300,"message":"Invalid symbol provided","s":"error"}},"timestamp":"2026-08-21 12:03:15,246+0530","service":"FyersAPI"}
{"level":"ERROR","location":"[error:54] fyers_logger","message":{"API":"/history","Error":{"code":-300,"message":"Invalid symbol provided","s":"error"}},"timestamp":"2026-08-21 12:03:16,323+0530","service":"FyersAPI"}
{"level":"ERROR","location":"[error:54] fyers_logger","message":{"API":"/history","Error":{"code":-300,"message":"Invalid symbol provided","s":"error"}},"timestamp":"2026-08-21 12:03:18,145+0530","service":"FyersAPI"}
{"level":"ERROR","location":"[error:54] fyers_logger","message":{"API":"/history","Error":{"code":-300,"message":"Invalid symbol provided","s":"error"}},"timestamp":"2026-08-21 12:03:31,506+0530","service":"FyersAPI"}
{"level":"ERROR","location":"[error:54] fyers_logger","message":{"API":"/history","Error":{"code":-300,"message":"Invalid symbol provided","s":"error"}},"timestamp":"2026-08-21 12:10:52,298+0530","service":"FyersAPI"}
{"level":"ERROR","location":"[error:54] fyers_logger","message":{"API":"/history","Error":{"code":-300,"message":"Invalid symbol provided","s":"error"}},"timestamp":"2026-08-21 12:10:53,415+0530","service":"FyersAPI"}
{"level":"ERROR","location":"[error:54] fyers_logger","message":{"API":"/history","Error":{"code":-300,"message":"Invalid symbol provided","s":"error"}},"timestamp":"2026-08-21 12:10:55,052+0530","service":"FyersAPI"}
{"level":"ERROR","location":"[error:54] fyers_logger","message":{"API":"/history","Error":{"code":-300,"message":"Invalid symbol provided","s":"error"}},"timestamp":"2026-08-21 12:11:11,000+0530","service":"FyersAPI"}
{"level":"ERROR","location":"[error:54] fyers_logger","message":{"API":"/history","Error":{"code":-300,"message":"Invalid symbol provided","s":"error"}},"timestamp":"2026-08-21 12:17:00,693+0530","service":"FyersAPI"}
{"level":"ERROR","location":"[error:54] fyers_logger","message":{"API":"/history","Error":{"code":-300,"message":"Invalid symbol provided","s":"error"}},"timestamp":"2026-08-21 12:17:02,532+0530","service":"FyersAPI"}
{"level":"ERROR","location":"[error:54] fyers_logger","message":{"API":"/history","Error":{"code":-300,"message":"Invalid symbol provided","s":"error"}},"timestamp":"2026-08-21 12:17:04,572+0530","service":"FyersAPI"}
{"level":"ERROR","location":"[error:54] fyers_logger","message":{"API":"/history","Error":{"code":-300,"message":"Invalid symbol provided","s":"error"}},"timestamp":"2026-08-21 12:17:18,684+0530","service":"FyersAPI"}
{"level":"ERROR","location":"[error:54] fyers_logger","message":{"API":"/history","Error":{"code":-300,"message":"Invalid symbol provided","s":"error"}},"timestamp":"2026-08-21 12:18:14,224+0530","service":"FyersAPI"}
{"level":"ERROR","location":"[error:54] fyers_logger","message":{"API":"/history","Error":{"code":-300,"message":"Invalid symbol provided","s":"error"}},"timestamp":"2026-08-21 12:18:15,247+0530","service":"FyersAPI"}
{"level":"ERROR","location":"[error:54] fyers_logger","message":{"API":"/history","Error":{"code":-300,"message":"Invalid symbol provided","s":"error"}},"timestamp":"2026-08-21 12:18:16,936+0530","service":"FyersAPI"}
{"level":"ERROR","location":"[error:54] fyers_logger","message":{"API":"/history","Error":{"code":-300,"message":"Invalid symbol provided","s":"error"}},"timestamp":"2026-08-21 12:18:30,080+0530","service":"FyersAPI"}
{"level":"ERROR","location":"[error:54] fyers_logger","message":{"API":"/history","Error":{"code":-300,"message":"Invalid symbol provided","s":"error"}},"timestamp":"2026-08-21 12:20:32,246+0530","service":"FyersAPI"}
{"level":"ERROR","location":"[error:54] fyers_logger","message":{"API":"/history","Error":{"code":-300,"message":"Invalid symbol provided","s":"error"}},"timestamp":"2026-08-21 12:20:33,399+0530","service":"FyersAPI"}
{"level":"ERROR","location":"[error:54] fyers_logger","message":{"API":"/history","Error":{"code":-300,"message":"Invalid symbol provided","s":"error"}},"timestamp":"2026-08-21 12:20:34,991+0530","service":"FyersAPI"}
{"level":"ERROR","location":"[error:54] fyers_logger","message":{"API":"/history","Error":{"code":-300,"message":"Invalid symbol provided","s":"error"}},"timestamp":"2026-08-21 12:20:48,288+0530","service":"FyersAPI"}
{"level":"ERROR","location":"[error:54] fyers_logger","message":{"API":"/history","Error":{"code":-300,"message":"Invalid symbol provided","s":"error"}},"timestamp":"2026-08-21 12:25:31,683+0530","service":"FyersAPI"}
{"level":"ERROR","location":"[error:54] fyers_logger","message":{"API":"/history","Error":{"code":-300,"message":"Invalid symbol provided","s":"error"}},"timestamp":"2026-08-21 12:25:33,066+0530","service":"FyersAPI"}
{"level":"ERROR","location":"[error:54] fyers_logger","message":{"API":"/history","Error":{"code":-300,"message":"Invalid symbol provided","s":"error"}},"timestamp":"2026-08-21 12:25:34,691+0530","service":"FyersAPI"}
{"level":"ERROR","location":"[error:54] fyers_logger","message":{"API":"/history","Error":{"code":-300,"message":"Invalid symbol provided","s":"error"}},"timestamp":"2026-08-21 12:25:41,633+0530","service":"FyersAPI"}
{"level":"ERROR","location":"[error:54] fyers_logger","message":{"API":"/history","Error":{"code":-300,"message":"Invalid symbol provided","s":"error"}},"timestamp":"2026-08-21 12:25:48,450+0530","service":"FyersAPI"}
{"level":"ERROR","location":"[error:54] fyers_logger","message":{"API":"/history","Error":{"code":-300,"message":"Invalid symbol provided","s":"error"}},"timestamp":"2026-08-21 12:25:55,651+0530","service":"FyersAPI"}
{"level":"ERROR","location":"[error:54] fyers_logger","message":{"API":"/history","Error":{"code":-300,"message":"Invalid symbol provided","s":"error"}},"timestamp":"2026-08-21 12:33:28,298+0530","service":"FyersAPI"}
{"level":"ERROR","location":"[error:54] fyers_logger","message":{"API":"/history","Error":{"code":-300,"message":"Invalid symbol provided","s":"error"}},"timestamp":"2026-08-21 12:33:29,339+0530","service":"FyersAPI"}
{"level":"ERROR","location":"[error:54] fyers_logger","message":{"API":"/history","Error":{"code":-300,"message":"Invalid symbol provided","s":"error"}},"timestamp":"2026-08-21 12:33:31,527+0530","service":"FyersAPI"}
{"level":"ERROR","location":"[error:54] fyers_logger","message":{"API":"/history","Error":{"code":-300,"message":"Invalid symbol provided","s":"error"}},"timestamp":"2026-08-21 12:33:45,471+0530","service":"FyersAPI"}
{"level":"ERROR","location":"[error:54] fyers_logger","message":{"API":"/history","Error":{"code":-300,"message":"Invalid symbol provided","s":"error"}},"timestamp":"2026-08-21 12:40:48,336+0530","service":"FyersAPI"}
{"level":"ERROR","location":"[error:54] fyers_logger","message":{"API":"/history","Error":{"code":-300,"message":"Invalid symbol provided","s":"error"}},"timestamp":"2026-08-21 12:40:49,465+0530","service":"FyersAPI"}
{"level":"ERROR","location":"[error:54] fyers_logger","message":{"API":"/history","Error":{"code":-300,"message":"Invalid symbol provided","s":"error"}},"timestamp":"2026-08-21 12:40:51,311+0530","service":"FyersAPI"}
{"level":"ERROR","location":"[error:54] fyers_logger","message":{"API":"/history","Error":{"code":-300,"message":"Invalid symbol provided","s":"error"}},"timestamp":"2026-08-21 12:41:04,912+0530","service":"FyersAPI"}
{"level":"ERROR","location":"[error:54] fyers_logger","message":{"API":"/history","Error":{"code":-300,"message":"Invalid symbol provided","s":"error"}},"timestamp":"2026-08-21 12:47:33,330+0530","service":"FyersAPI"}
{"level":"ERROR","location":"[error:54] fyers_logger","message":{"API":"/history","Error":{"code":-300,"message":"Invalid symbol provided","s":"error"}},"timestamp":"2026-08-21 12:47:34,352+0530","service":"FyersAPI"}
{"level":"ERROR","location":"[error:54] fyers_logger","message":{"API":"/history","Error":{"code":-300,"message":"Invalid symbol provided","s":"error"}},"timestamp":"2026-08-21 12:47:52,508+0530","service":"FyersAPI"}
{"level":"ERROR","location":"[error:54] fyers_logger","message":{"API":"/history","Error":{"code":429,"message":"request limit reached","s":"error"}},"timestamp":"2026-08-21 12:48:27,720+0530","service":"FyersAPI"}
{"level":"ERROR","location":"[error:54] fyers_logger","message":{"API":"/history","Error":{"code":429,"message":"request limit reached","s":"error"}},"timestamp":"2026-08-21 12:48:27,967+0530","service":"FyersAPI"}
{"level":"ERROR","location":"[error:54] fyers_logger","message":{"API":"/history","Error":{"code":429,"message":"request limit reached","s":"error"}},"timestamp":"2026-08-21 12:48:28,211+0530","service":"FyersAPI"}
{"level":"ERROR","location":"[error:54] fyers_logger","message":{"API":"/history","Error":{"code":429,"message":"request limit reached","s":"error"}},"timestamp":"2026-08-21 12:48:28,457+0530","service":"FyersAPI"}
{"level":"ERROR","location":"[error:54] fyers_logger","message":{"API":"/history","Error":{"code":429,"message":"request limit reached","s":"error"}},"timestamp":"2026-08-21 12:48:28,710+0530","service":"FyersAPI"}
{"level":"ERROR","location":"[error:54] fyers_logger","message":{"API":"/history","Error":{"code":429,"message":"request limit reached","s":"error"}},"timestamp":"2026-08-21 12:48:28,949+0530","service":"FyersAPI"}
{"level":"ERROR","location":"[error:54] fyers_logger","message":{"API":"/history","Error":{"code":429,"message":"request limit reached","s":"error"}},"timestamp":"2026-08-21 12:48:29,202+0530","service":"FyersAPI"}
{"level":"ERROR","location":"[error:54] fyers_logger","message":{"API":"/history","Error":{"code":429,"message":"request limit reached","s":"error"}},"timestamp":"2026-08-21 12:48:29,467+0530","service":"FyersAPI"}
{"level":"ERROR","location":"[error:54] fyers_logger","message":{"API":"/history","Error":{"code":429,"message":"request limit reached","s":"error"}},"timestamp":"2026-08-21 12:48:29,746+0530","service":"FyersAPI"}
{"level":"ERROR","location":"[error:54] fyers_logger","message":{"API":"/history","Error":{"code":429,"message":"request limit reached","s":"error"}},"timestamp":"2026-08-21 12:48:29,996+0530","service":"FyersAPI"}
{"level":"ERROR","location":"[error:54] fyers_logger","message":{"API":"/history","Error":{"code":429,"message":"request limit reached","s":"error"}},"timestamp":"2026-08-21 12:48:30,239+0530","service":"FyersAPI"}
{"level":"ERROR","location":"[error:54] fyers_logger","message":{"API":"/history","Error":{"code":429,"message":"request limit reached","s":"error"}},"timestamp":"2026-08-21 12:48:30,485+0530","service":"FyersAPI"}
{"level":"ERROR","location":"[error:54] fyers_logger","message":{"API":"/history","Error":{"code":429,"message":"request limit reached","s":"error"}},"timestamp":"2026-08-21 12:48:30,727+0530","service":"FyersAPI"}
{"level":"ERROR","location":"[error:54] fyers_logger","message":{"API":"/history","Error":{"code":429,"message":"request limit reached","s":"error"}},"timestamp":"2026-08-21 12:48:30,971+0530","service":"FyersAPI"}
{"level":"ERROR","location":"[error:54] fyers_logger","message":{"API":"/history","Error":{"code":429,"message":"request limit reached","s":"error"}},"timestamp":"2026-08-21 12:48:31,220+0530","service":"FyersAPI"}
{"level":"ERROR","location":"[error:54] fyers_logger","message":{"API":"/history","Error":{"code":429,"message":"request limit reached","s":"error"}},"timestamp":"2026-08-21 12:48:31,478+0530","service":"FyersAPI"}
{"level":"ERROR","location":"[error:54] fyers_logger","message":{"API":"/history","Error":{"code":429,"message":"request limit reached","s":"error"}},"timestamp":"2026-08-21 12:48:31,718+0530","service":"FyersAPI"}
{"level":"ERROR","location":"[error:54] fyers_logger","message":{"API":"/history","Error":{"code":429,"message":"request limit reached","s":"error"}},"timestamp":"2026-08-21 12:48:31,962+0530","service":"FyersAPI"}
{"level":"ERROR","location":"[error:54] fyers_logger","message":{"API":"/history","Error":{"code":429,"message":"request limit reached","s":"error"}},"timestamp":"2026-08-21 12:48:32,206+0530","service":"FyersAPI"}
{"level":"ERROR","location":"[error:54] fyers_logger","message":{"API":"/history","Error":{"code":429,"message":"request limit reached","s":"error"}},"timestamp":"2026-08-21 12:48:32,461+0530","service":"FyersAPI"}
{"level":"ERROR","location":"[error:54] fyers_logger","message":{"API":"/history","Error":{"code":429,"message":"request limit reached","s":"error"}},"timestamp":"2026-08-21 12:48:32,709+0530","service":"FyersAPI"}
{"level":"ERROR","location":"[error:54] fyers_logger","message":{"API":"/history","Error":{"code":-300,"message":"Invalid symbol provided","s":"error"}},"timestamp":"2026-08-21 13:12:11,442+0530","service":"FyersAPI"}
{"level":"ERROR","location":"[error:54] fyers_logger","message":{"API":"/history","Error":{"code":-300,"message":"Invalid symbol provided","s":"error"}},"timestamp":"2026-08-21 13:12:13,003+0530","service":"FyersAPI"}
{"level":"ERROR","location":"[error:54] fyers_logger","message":{"API":"/history","Error":{"code":-300,"message":"Invalid symbol provided","s":"error"}},"timestamp":"2026-08-21 13:12:34,028+0530","service":"FyersAPI"}
{"level":"ERROR","location":"[error:54] fyers_logger","message":{"API":"/history","Error":{"code":-300,"message":"Invalid symbol provided","s":"error"}},"timestamp":"2026-08-21 13:12:34,911+0530","service":"FyersAPI"}
{"level":"ERROR","location":"[error:54] fyers_logger","message":{"API":"/history","Error":{"code":-300,"message":"Invalid symbol provided","s":"error"}},"timestamp":"2026-08-21 13:12:36,485+0530","service":"FyersAPI"}
{"level":"ERROR","location":"[error:54] fyers_logger","message":{"API":"/history","Error":{"code":429,"message":"request limit reached","s":"error"}},"timestamp":"2026-08-21 13:12:54,548+0530","service":"FyersAPI"}
{"level":"ERROR","location":"[error:54] fyers_logger","message":{"API":"/history","Error":{"code":429,"message":"request limit reached","s":"error"}},"timestamp":"2026-08-21 13:12:54,796+0530","service":"FyersAPI"}
{"level":"ERROR","location":"[error:54] fyers_logger","message":{"API":"/history","Error":{"code":429,"message":"request limit reached","s":"error"}},"timestamp":"2026-08-21 13:12:54,985+0530","service":"FyersAPI"}
{"level":"ERROR","location":"[error:54] fyers_logger","message":{"API":"/history","Error":{"code":429,"message":"request limit reached","s":"error"}},"timestamp":"2026-08-21 13:12:55,202+0530","service":"FyersAPI"}
{"level":"ERROR","location":"[error:54] fyers_logger","message":{"API":"/history","Error":{"code":429,"message":"request limit reached","s":"error"}},"timestamp":"2026-08-21 13:12:55,440+0530","service":"FyersAPI"}
{"level":"ERROR","location":"[error:54] fyers_logger","message":{"API":"/history","Error":{"code":429,"message":"request limit reached","s":"error"}},"timestamp":"2026-08-21 13:12:55,484+0530","service":"FyersAPI"}
{"level":"ERROR","location":"[error:54] fyers_logger","message":{"API":"/history","Error":{"code":429,"message":"request limit reached","s":"error"}},"timestamp":"2026-08-21 13:12:55,709+0530","service":"FyersAPI"}
{"level":"ERROR","location":"[error:54] fyers_logger","message":{"API":"/history","Error":{"code":429,"message":"request limit reached","s":"error"}},"timestamp":"2026-08-21 13:12:55,785+0530","service":"FyersAPI"}
{"level":"ERROR","location":"[error:54] fyers_logger","message":{"API":"/history","Error":{"code":429,"message":"request limit reached","s":"error"}},"timestamp":"2026-08-21 13:12:56,006+0530","service":"FyersAPI"}
{"level":"ERROR","location":"[error:54] fyers_logger","message":{"API":"/history","Error":{"code":429,"message":"request limit reached","s":"error"}},"timestamp":"2026-08-21 13:12:56,056+0530","service":"FyersAPI"}
{"level":"ERROR","location":"[error:54] fyers_logger","message":{"API":"/history","Error":{"code":429,"message":"request limit reached","s":"error"}},"timestamp":"2026-08-21 13:12:56,267+0530","service":"FyersAPI"}
{"level":"ERROR","location":"[error:54] fyers_logger","message":{"API":"/history","Error":{"code":429,"message":"request limit reached","s":"error"}},"timestamp":"2026-08-21 13:12:56,314+0530","service":"FyersAPI"}
{"level":"ERROR","location":"[error:54] fyers_logger","message":{"API":"/history","Error":{"code":429,"message":"request limit reached","s":"error"}},"timestamp":"2026-08-21 13:12:56,535+0530","service":"FyersAPI"}
{"level":"ERROR","location":"[error:54] fyers_logger","message":{"API":"/history","Error":{"code":429,"message":"request limit reached","s":"error"}},"timestamp":"2026-08-21 13:12:56,579+0530","service":"FyersAPI"}
{"level":"ERROR","location":"[error:54] fyers_logger","message":{"API":"/history","Error":{"code":429,"message":"request limit reached","s":"error"}},"timestamp":"2026-08-21 13:12:56,967+0530","service":"FyersAPI"}
{"level":"ERROR","location":"[error:54] fyers_logger","message":{"API":"/history","Error":{"code":429,"message":"request limit reached","s":"error"}},"timestamp":"2026-08-21 13:12:57,004+0530","service":"FyersAPI"}
{"level":"ERROR","location":"[error:54] fyers_logger","message":{"API":"/history","Error":{"code":429,"message":"request limit reached","s":"error"}},"timestamp":"2026-08-21 13:12:57,233+0530","service":"FyersAPI"}
{"level":"ERROR","location":"[error:54] fyers_logger","message":{"API":"/history","Error":{"code":429,"message":"request limit reached","s":"error"}},"timestamp":"2026-08-21 13:12:57,258+0530","service":"FyersAPI"}
{"level":"ERROR","location":"[error:54] fyers_logger","message":{"API":"/history","Error":{"code":429,"message":"request limit reached","s":"error"}},"timestamp":"2026-08-21 13:12:57,499+0530","service":"FyersAPI"}
{"level":"ERROR","location":"[error:54] fyers_logger","message":{"API":"/history","Error":{"code":429,"message":"request limit reached","s":"error"}},"timestamp":"2026-08-21 13:12:57,515+0530","service":"FyersAPI"}
{"level":"ERROR","location":"[error:54] fyers_logger","message":{"API":"/history","Error":{"code":429,"message":"request limit reached","s":"error"}},"timestamp":"2026-08-21 13:12:57,755+0530","service":"FyersAPI"}
{"level":"ERROR","location":"[error:54] fyers_logger","message":{"API":"/history","Error":{"code":429,"message":"request limit reached","s":"error"}},"timestamp":"2026-08-21 13:12:57,773+0530","service":"FyersAPI"}
{"level":"ERROR","location":"[error:54] fyers_logger","message":{"API":"/history","Error":{"code":429,"message":"request limit reached","s":"error"}},"timestamp":"2026-08-21 13:12:58,024+0530","service":"FyersAPI"}
{"level":"ERROR","location":"[error:54] fyers_logger","message":{"API":"/history","Error":{"code":429,"message":"request limit reached","s":"error"}},"timestamp":"2026-08-21 13:12:58,041+0530","service":"FyersAPI"}
{"level":"ERROR","location":"[error:54] fyers_logger","message":{"API":"/history","Error":{"code":429,"message":"request limit reached","s":"error"}},"timestamp":"2026-08-21 13:12:58,311+0530","service":"FyersAPI"}
{"level":"ERROR","location":"[error:54] fyers_logger","message":{"API":"/history","Error":{"code":429,"message":"request limit reached","s":"error"}},"timestamp":"2026-08-21 13:12:58,323+0530","service":"FyersAPI"}
{"level":"ERROR","location":"[error:54] fyers_logger","message":{"API":"/history","Error":{"code":429,"message":"request limit reached","s":"error"}},"timestamp":"2026-08-21 13:12:58,572+0530","service":"FyersAPI"}
{"level":"ERROR","location":"[error:54] fyers_logger","message":{"API":"/history","Error":{"code":429,"message":"request limit reached","s":"error"}},"timestamp":"2026-08-21 13:12:58,746+0530","service":"FyersAPI"}
{"level":"ERROR","location":"[error:54] fyers_logger","message":{"API":"/history","Error":{"code":429,"message":"request limit reached","s":"error"}},"timestamp":"2026-08-21 13:12:58,822+0530","service":"FyersAPI"}
{"level":"ERROR","location":"[error:54] fyers_logger","message":{"API":"/history","Error":{"code":429,"message":"request limit reached","s":"error"}},"timestamp":"2026-08-21 13:12:59,003+0530","service":"FyersAPI"}
{"level":"ERROR","location":"[error:54] fyers_logger","message":{"API":"/history","Error":{"code":429,"message":"request limit reached","s":"error"}},"timestamp":"2026-08-21 13:12:59,076+0530","service":"FyersAPI"}
{"level":"ERROR","location":"[error:54] fyers_logger","message":{"API":"/history","Error":{"code":429,"message":"request limit reached","s":"error"}},"timestamp":"2026-08-21 13:12:59,261+0530","service":"FyersAPI"}
{"level":"ERROR","location":"[error:54] fyers_logger","message":{"API":"/history","Error":{"code":429,"message":"request limit reached","s":"error"}},"timestamp":"2026-08-21 13:12:59,330+0530","service":"FyersAPI"}
{"level":"ERROR","location":"[error:54] fyers_logger","message":{"API":"/history","Error":{"code":429,"message":"request limit reached","s":"error"}},"timestamp":"2026-08-21 13:12:59,535+0530","service":"FyersAPI"}
{"level":"ERROR","location":"[error:54] fyers_logger","message":{"API":"/history","Error":{"code":429,"message":"request limit reached","s":"error"}},"timestamp":"2026-08-21 13:12:59,581+0530","service":"FyersAPI"}
{"level":"ERROR","location":"[error:54] fyers_logger","message":{"API":"/history","Error":{"code":429,"message":"request limit reached","s":"error"}},"timestamp":"2026-08-21 13:12:59,808+0530","service":"FyersAPI"}
{"level":"ERROR","location":"[error:54] fyers_logger","message":{"API":"/history","Error":{"code":429,"message":"request limit reached","s":"error"}},"timestamp":"2026-08-21 13:12:59,842+0530","service":"FyersAPI"}
{"level":"ERROR","location":"[error:54] fyers_logger","message":{"API":"/history","Error":{"code":429,"message":"request limit reached","s":"error"}},"timestamp":"2026-08-21 13:13:00,069+0530","service":"FyersAPI"}
{"level":"ERROR","location":"[error:54] fyers_logger","message":{"API":"/history","Error":{"code":429,"message":"request limit reached","s":"error"}},"timestamp":"2026-08-21 13:13:00,105+0530","service":"FyersAPI"}
{"level":"ERROR","location":"[error:54] fyers_logger","message":{"API":"/history","Error":{"code":429,"message":"request limit reached","s":"error"}},"timestamp":"2026-08-21 13:13:00,373+0530","service":"FyersAPI"}
{"level":"ERROR","location":"[error:54] fyers_logger","message":{"API":"/history","Error":{"code":429,"message":"request limit reached","s":"error"}},"timestamp":"2026-08-21 13:13:00,418+0530","service":"FyersAPI"}
{"level":"ERROR","location":"[error:54] fyers_logger","message":{"API":"/history","Error":{"code":429,"message":"request limit reached","s":"error"}},"timestamp":"2026-08-21 13:13:00,669+0530","service":"FyersAPI"}
{"level":"ERROR","location":"[error:54] fyers_logger","message":{"API":"/history","Error":{"code":429,"message":"request limit reached","s":"error"}},"timestamp":"2026-08-21 13:13:00,910+0530","service":"FyersAPI"}
{"level":"ERROR","location":"[error:54] fyers_logger","message":{"API":"/history","Error":{"code":429,"message":"request limit reached","s":"error"}},"timestamp":"2026-08-21 13:13:00,969+0530","service":"FyersAPI"}
{"level":"ERROR","location":"[error:54] fyers_logger","message":{"API":"/history","Error":{"code":429,"message":"request limit reached","s":"error"}},"timestamp":"2026-08-21 13:13:01,225+0530","service":"FyersAPI"}
{"level":"ERROR","location":"[error:54] fyers_logger","message":{"API":"/history","Error":{"code":429,"message":"request limit reached","s":"error"}},"timestamp":"2026-08-21 13:13:01,349+0530","service":"FyersAPI"}
{"level":"ERROR","location":"[error:54] fyers_logger","message":{"API":"/history","Error":{"code":429,"message":"request limit reached","s":"error"}},"timestamp":"2026-08-21 13:13:01,476+0530","service":"FyersAPI"}
{"level":"ERROR","location":"[error:54] fyers_logger","message":{"API":"/history","Error":{"code":429,"message":"request limit reached","s":"error"}},"timestamp":"2026-08-21 13:13:01,616+0530","service":"FyersAPI"}
{"level":"ERROR","location":"[error:54] fyers_logger","message":{"API":"/history","Error":{"code":429,"message":"request limit reached","s":"error"}},"timestamp":"2026-08-21 13:13:01,743+0530","service":"FyersAPI"}
{"level":"ERROR","location":"[error:54] fyers_logger","message":{"API":"/history","Error":{"code":429,"message":"request limit reached","s":"error"}},"timestamp":"2026-08-21 13:13:01,877+0530","service":"FyersAPI"}
{"level":"ERROR","location":"[error:54] fyers_logger","message":{"API":"/history","Error":{"code":429,"message":"request limit reached","s":"error"}},"timestamp":"2026-08-21 13:13:02,000+0530","service":"FyersAPI"}
{"level":"ERROR","location":"[error:54] fyers_logger","message":{"API":"/history","Error":{"code":429,"message":"request limit reached","s":"error"}},"timestamp":"2026-08-21 13:13:02,135+0530","service":"FyersAPI"}
{"level":"ERROR","location":"[error:54] fyers_logger","message":{"API":"/history","Error":{"code":429,"message":"request limit reached","s":"error"}},"timestamp":"2026-08-21 13:13:02,254+0530","service":"FyersAPI"}
{"level":"ERROR","location":"[error:54] fyers_logger","message":{"API":"/history","Error":{"code":429,"message":"request limit reached","s":"error"}},"timestamp":"2026-08-21 13:13:02,395+0530","service":"FyersAPI"}
{"level":"ERROR","location":"[error:54] fyers_logger","message":{"API":"/history","Error":{"code":429,"message":"request limit reached","s":"error"}},"timestamp":"2026-08-21 13:13:02,520+0530","service":"FyersAPI"}
{"level":"ERROR","location":"[error:54] fyers_logger","message":{"API":"/history","Error":{"code":429,"message":"request limit reached","s":"error"}},"timestamp":"2026-08-21 13:13:02,651+0530","service":"FyersAPI"}
{"level":"ERROR","location":"[error:54] fyers_logger","message":{"API":"/history","Error":{"code":429,"message":"request limit reached","s":"error"}},"timestamp":"2026-08-21 13:13:02,791+0530","service":"FyersAPI"}
{"level":"ERROR","location":"[error:54] fyers_logger","message":{"API":"/history","Error":{"code":429,"message":"request limit reached","s":"error"}},"timestamp":"2026-08-21 13:13:03,065+0530","service":"FyersAPI"}
{"level":"ERROR","location":"[error:54] fyers_logger","message":{"API":"/history","Error":{"code":429,"message":"request limit reached","s":"error"}},"timestamp":"2026-08-21 13:13:03,066+0530","service":"FyersAPI"}
{"level":"ERROR","location":"[error:54] fyers_logger","message":{"API":"/history","Error":{"code":429,"message":"request limit reached","s":"error"}},"timestamp":"2026-08-21 13:13:03,329+0530","service":"FyersAPI"}
{"level":"ERROR","location":"[error:54] fyers_logger","message":{"API":"/history","Error":{"code":429,"message":"request limit reached","s":"error"}},"timestamp":"2026-08-21 13:13:03,329+0530","service":"FyersAPI"}
{"level":"ERROR","location":"[error:54] fyers_logger","message":{"API":"/history","Error":{"code":429,"message":"request limit reached","s":"error"}},"timestamp":"2026-08-21 13:13:03,600+0530","service":"FyersAPI"}
{"level":"ERROR","location":"[error:54] fyers_logger","message":{"API":"/history","Error":{"code":429,"message":"request limit reached","s":"error"}},"timestamp":"2026-08-21 13:13:03,689+0530","service":"FyersAPI"}
{"level":"ERROR","location":"[error:54] fyers_logger","message":{"API":"/history","Error":{"code":429,"message":"request limit reached","s":"error"}},"timestamp":"2026-08-21 13:13:03,866+0530","service":"FyersAPI"}
{"level":"ERROR","location":"[error:54] fyers_logger","message":{"API":"/history","Error":{"code":429,"message":"request limit reached","s":"error"}},"timestamp":"2026-08-21 13:13:03,950+0530","service":"FyersAPI"}
{"level":"ERROR","location":"[error:54] fyers_logger","message":{"API":"/history","Error":{"code":429,"message":"request limit reached","s":"error"}},"timestamp":"2026-08-21 13:13:04,136+0530","service":"FyersAPI"}
{"level":"ERROR","location":"[error:54] fyers_logger","message":{"API":"/history","Error":{"code":429,"message":"request limit reached","s":"error"}},"timestamp":"2026-08-21 13:13:04,248+0530","service":"FyersAPI"}
{"level":"ERROR","location":"[error:54] fyers_logger","message":{"API":"/history","Error":{"code":429,"message":"request limit reached","s":"error"}},"timestamp":"2026-08-21 13:13:04,424+0530","service":"FyersAPI"}
{"level":"ERROR","location":"[error:54] fyers_logger","message":{"API":"/history","Error":{"code":429,"message":"request limit reached","s":"error"}},"timestamp":"2026-08-21 13:13:04,545+0530","service":"FyersAPI"}
{"level":"ERROR","location":"[error:54] fyers_logger","message":{"API":"/history","Error":{"code":429,"message":"request limit reached","s":"error"}},"timestamp":"2026-08-21 13:13:04,679+0530","service":"FyersAPI"}
{"level":"ERROR","location":"[error:54] fyers_logger","message":{"API":"/history","Error":{"code":429,"message":"request limit reached","s":"error"}},"timestamp":"2026-08-21 13:13:04,808+0530","service":"FyersAPI"}
{"level":"ERROR","location":"[error:54] fyers_logger","message":{"API":"/history","Error":{"code":429,"message":"request limit reached","s":"error"}},"timestamp":"2026-08-21 13:13:04,960+0530","service":"FyersAPI"}
{"level":"ERROR","location":"[error:54] fyers_logger","message":{"API":"/history","Error":{"code":429,"message":"request limit reached","s":"error"}},"timestamp":"2026-08-21 13:13:05,073+0530","service":"FyersAPI"}
{"level":"ERROR","location":"[error:54] fyers_logger","message":{"API":"/history","Error":{"code":429,"message":"request limit reached","s":"error"}},"timestamp":"2026-08-21 13:13:05,227+0530","service":"FyersAPI"}
{"level":"ERROR","location":"[error:54] fyers_logger","message":{"API":"/history","Error":{"code":429,"message":"request limit reached","s":"error"}},"timestamp":"2026-08-21 13:13:05,346+0530","service":"FyersAPI"}
{"level":"ERROR","location":"[error:54] fyers_logger","message":{"API":"/history","Error":{"code":429,"message":"request limit reached","s":"error"}},"timestamp":"2026-08-21 13:13:05,488+0530","service":"FyersAPI"}
{"level":"ERROR","location":"[error:54] fyers_logger","message":{"API":"/history","Error":{"code":429,"message":"request limit reached","s":"error"}},"timestamp":"2026-08-21 13:13:05,744+0530","service":"FyersAPI"}
{"level":"ERROR","location":"[error:54] fyers_logger","message":{"API":"/history","Error":{"code":429,"message":"request limit reached","s":"error"}},"timestamp":"2026-08-21 13:13:05,787+0530","service":"FyersAPI"}
{"level":"ERROR","location":"[error:54] fyers_logger","message":{"API":"/history","Error":{"code":429,"message":"request limit reached","s":"error"}},"timestamp":"2026-08-21 13:13:06,024+0530","service":"FyersAPI"}
{"level":"ERROR","location":"[error:54] fyers_logger","message":{"API":"/history","Error":{"code":429,"message":"request limit reached","s":"error"}},"timestamp":"2026-08-21 13:13:06,107+0530","service":"FyersAPI"}
{"level":"ERROR","location":"[error:54] fyers_logger","message":{"API":"/history","Error":{"code":429,"message":"request limit reached","s":"error"}},"timestamp":"2026-08-21 13:13:06,408+0530","service":"FyersAPI"}
{"level":"ERROR","location":"[error:54] fyers_logger","message":{"API":"/history","Error":{"code":429,"message":"request limit reached","s":"error"}},"timestamp":"2026-08-21 13:13:06,453+0530","service":"FyersAPI"}
{"level":"ERROR","location":"[error:54] fyers_logger","message":{"API":"/history","Error":{"code":429,"message":"request limit reached","s":"error"}},"timestamp":"2026-08-21 13:13:06,680+0530","service":"FyersAPI"}
{"level":"ERROR","location":"[error:54] fyers_logger","message":{"API":"/history","Error":{"code":429,"message":"request limit reached","s":"error"}},"timestamp":"2026-08-21 13:13:06,725+0530","service":"FyersAPI"}
{"level":"ERROR","location":"[error:54] fyers_logger","message":{"API":"/history","Error":{"code":429,"message":"request limit reached","s":"error"}},"timestamp":"2026-08-21 13:13:06,940+0530","service":"FyersAPI"}
{"level":"ERROR","location":"[error:54] fyers_logger","message":{"API":"/history","Error":{"code":429,"message":"request limit reached","s":"error"}},"timestamp":"2026-08-21 13:13:06,991+0530","service":"FyersAPI"}
{"level":"ERROR","location":"[error:54] fyers_logger","message":{"API":"/history","Error":{"code":429,"message":"request limit reached","s":"error"}},"timestamp":"2026-08-21 13:13:07,203+0530","service":"FyersAPI"}
{"level":"ERROR","location":"[error:54] fyers_logger","message":{"API":"/history","Error":{"code":429,"message":"request limit reached","s":"error"}},"timestamp":"2026-08-21 13:13:07,251+0530","service":"FyersAPI"}
{"level":"ERROR","location":"[error:54] fyers_logger","message":{"API":"/history","Error":{"code":429,"message":"request limit reached","s":"error"}},"timestamp":"2026-08-21 13:13:07,459+0530","service":"FyersAPI"}
{"level":"ERROR","location":"[error:54] fyers_logger","message":{"API":"/history","Error":{"code":429,"message":"request limit reached","s":"error"}},"timestamp":"2026-08-21 13:13:07,667+0530","service":"FyersAPI"}
{"level":"ERROR","location":"[error:54] fyers_logger","message":{"API":"/history","Error":{"code":429,"message":"request limit reached","s":"error"}},"timestamp":"2026-08-21 13:13:07,726+0530","service":"FyersAPI"}
{"level":"ERROR","location":"[error:54] fyers_logger","message":{"API":"/history","Error":{"code":429,"message":"request limit reached","s":"error"}},"timestamp":"2026-08-21 13:13:07,940+0530","service":"FyersAPI"}
{"level":"ERROR","location":"[error:54] fyers_logger","message":{"API":"/history","Error":{"code":429,"message":"request limit reached","s":"error"}},"timestamp":"2026-08-21 13:13:07,984+0530","service":"FyersAPI"}
{"level":"ERROR","location":"[error:54] fyers_logger","message":{"API":"/history","Error":{"code":429,"message":"request limit reached","s":"error"}},"timestamp":"2026-08-21 13:13:08,199+0530","service":"FyersAPI"}
{"level":"ERROR","location":"[error:54] fyers_logger","message":{"API":"/history","Error":{"code":429,"message":"request limit reached","s":"error"}},"timestamp":"2026-08-21 13:13:08,240+0530","service":"FyersAPI"}
{"level":"ERROR","location":"[error:54] fyers_logger","message":{"API":"/history","Error":{"code":429,"message":"request limit reached","s":"error"}},"timestamp":"2026-08-21 13:13:08,510+0530","service":"FyersAPI"}
{"level":"ERROR","location":"[error:54] fyers_logger","message":{"API":"/history","Error":{"code":429,"message":"request limit reached","s":"error"}},"timestamp":"2026-08-21 13:13:08,623+0530","service":"FyersAPI"}
{"level":"ERROR","location":"[error:54] fyers_logger","message":{"API":"/history","Error":{"code":429,"message":"request limit reached","s":"error"}},"timestamp":"2026-08-21 13:13:08,780+0530","service":"FyersAPI"}
{"level":"ERROR","location":"[error:54] fyers_logger","message":{"API":"/history","Error":{"code":429,"message":"request limit reached","s":"error"}},"timestamp":"2026-08-21 13:13:08,879+0530","service":"FyersAPI"}
{"level":"ERROR","location":"[error:54] fyers_logger","message":{"API":"/history","Error":{"code":429,"message":"request limit reached","s":"error"}},"timestamp":"2026-08-21 13:13:09,041+0530","service":"FyersAPI"}
{"level":"ERROR","location":"[error:54] fyers_logger","message":{"API":"/history","Error":{"code":429,"message":"request limit reached","s":"error"}},"timestamp":"2026-08-21 13:13:09,146+0530","service":"FyersAPI"}
{"level":"ERROR","location":"[error:54] fyers_logger","message":{"API":"/history","Error":{"code":429,"message":"request limit reached","s":"error"}},"timestamp":"2026-08-21 13:13:09,297+0530","service":"FyersAPI"}
{"level":"ERROR","location":"[error:54] fyers_logger","message":{"API":"/history","Error":{"code":429,"message":"request limit reached","s":"error"}},"timestamp":"2026-08-21 13:13:09,420+0530","service":"FyersAPI"}
{"level":"ERROR","location":"[error:54] fyers_logger","message":{"API":"/history","error":"Expecting value: line 1 column 1 (char 0)"},"timestamp":"2026-08-21 13:13:09,520+0530","service":"FyersAPI"}
{"level":"ERROR","location":"[error:54] fyers_logger","message":{"API":"/history","Error":{"code":429,"message":"request limit reached","s":"error"}},"timestamp":"2026-08-21 13:13:09,672+0530","service":"FyersAPI"}
{"level":"ERROR","location":"[error:54] fyers_logger","message":{"API":"/history","error":"Expecting value: line 1 column 1 (char 0)"},"timestamp":"2026-08-21 13:13:09,740+0530","service":"FyersAPI"}
{"level":"ERROR","location":"[error:54] fyers_logger","message":{"API":"/history","Error":{"code":429,"message":"request limit reached","s":"error"}},"timestamp":"2026-08-21 13:13:09,925+0530","service":"FyersAPI"}
{"level":"ERROR","location":"[error:54] fyers_logger","message":{"API":"/history","error":"Expecting value: line 1 column 1 (char 0)"},"timestamp":"2026-08-21 13:13:09,962+0530","service":"FyersAPI"}
{"level":"ERROR","location":"[error:54] fyers_logger","message":{"API":"/history","Error":{"code":429,"message":"request limit reached","s":"error"}},"timestamp":"2026-08-21 13:13:10,379+0530","service":"FyersAPI"}
{"level":"ERROR","location":"[error:54] fyers_logger","message":{"API":"/history","Error":{"code":429,"message":"request limit reached","s":"error"}},"timestamp":"2026-08-21 13:13:10,390+0530","service":"FyersAPI"}
{"level":"ERROR","location":"[error:54] fyers_logger","message":{"API":"/history","error":"Expecting value: line 1 column 1 (char 0)"},"timestamp":"2026-08-21 13:13:10,602+0530","service":"FyersAPI"}
{"level":"ERROR","location":"[error:54] fyers_logger","message":{"API":"/history","Error":{"code":429,"message":"request limit reached","s":"error"}},"timestamp":"2026-08-21 13:13:10,661+0530","service":"FyersAPI"}
{"level":"ERROR","location":"[error:54] fyers_logger","message":{"API":"/history","error":"Expecting value: line 1 column 1 (char 0)"},"timestamp":"2026-08-21 13:13:10,821+0530","service":"FyersAPI"}
{"level":"ERROR","location":"[error:54] fyers_logger","message":{"API":"/history","error":"Expecting value: line 1 column 1 (char 0)"},"timestamp":"2026-08-21 13:13:10,886+0530","service":"FyersAPI"}
{"level":"ERROR","location":"[error:54] fyers_logger","message":{"API":"/history","error":"Expecting value: line 1 column 1 (char 0)"},"timestamp":"2026-08-21 13:13:11,042+0530","service":"FyersAPI"}
{"level":"ERROR","location":"[error:54] fyers_logger","message":{"API":"/history","error":"Expecting value: line 1 column 1 (char 0)"},"timestamp":"2026-08-21 13:13:11,105+0530","service":"FyersAPI"}
{"level":"ERROR","location":"[error:54] fyers_logger","message":{"API":"/history","error":"Expecting value: line 1 column 1 (char 0)"},"timestamp":"2026-08-21 13:13:11,262+0530","service":"FyersAPI"}
{"level":"ERROR","location":"[error:54] fyers_logger","message":{"API":"/history","error":"Expecting value: line 1 column 1 (char 0)"},"timestamp":"2026-08-21 13:13:11,326+0530","service":"FyersAPI"}
{"level":"ERROR","location":"[error:54] fyers_logger","message":{"API":"/history","error":"Expecting value: line 1 column 1 (char 0)"},"timestamp":"2026-08-21 13:13:11,485+0530","service":"FyersAPI"}
{"level":"ERROR","location":"[error:54] fyers_logger","message":{"API":"/history","error":"Expecting value: line 1 column 1 (char 0)"},"timestamp":"2026-08-21 13:13:11,549+0530","service":"FyersAPI"}
{"level":"ERROR","location":"[error:54] fyers_logger","message":{"API":"/history","error":"Expecting value: line 1 column 1 (char 0)"},"timestamp":"2026-08-21 13:13:11,703+0530","service":"FyersAPI"}
{"level":"ERROR","location":"[error:54] fyers_logger","message":{"API":"/history","error":"Expecting value: line 1 column 1 (char 0)"},"timestamp":"2026-08-21 13:13:11,773+0530","service":"FyersAPI"}
{"level":"ERROR","location":"[error:54] fyers_logger","message":{"API":"/history","error":"Expecting value: line 1 column 1 (char 0)"},"timestamp":"2026-08-21 13:13:11,927+0530","service":"FyersAPI"}
{"level":"ERROR","location":"[error:54] fyers_logger","message":{"API":"/history","error":"Expecting value: line 1 column 1 (char 0)"},"timestamp":"2026-08-21 13:13:11,996+0530","service":"FyersAPI"}
{"level":"ERROR","location":"[error:54] fyers_logger","message":{"API":"/history","error":"Expecting value: line 1 column 1 (char 0)"},"timestamp":"2026-08-21 13:13:12,152+0530","service":"FyersAPI"}
{"level":"ERROR","location":"[error:54] fyers_logger","message":{"API":"/history","error":"Expecting value: line 1 column 1 (char 0)"},"timestamp":"2026-08-21 13:13:12,219+0530","service":"FyersAPI"}
{"level":"ERROR","location":"[error:54] fyers_logger","message":{"API":"/history","error":"Expecting value: line 1 column 1 (char 0)"},"timestamp":"2026-08-21 13:13:12,373+0530","service":"FyersAPI"}
{"level":"ERROR","location":"[error:54] fyers_logger","message":{"API":"/history","error":"Expecting value: line 1 column 1 (char 0)"},"timestamp":"2026-08-21 13:13:12,444+0530","service":"FyersAPI"}
{"level":"ERROR","location":"[error:54] fyers_logger","message":{"API":"/history","error":"Expecting value: line 1 column 1 (char 0)"},"timestamp":"2026-08-21 13:13:12,604+0530","service":"FyersAPI"}
{"level":"ERROR","location":"[error:54] fyers_logger","message":{"API":"/history","error":"Expecting value: line 1 column 1 (char 0)"},"timestamp":"2026-08-21 13:13:12,667+0530","service":"FyersAPI"}
{"level":"ERROR","location":"[error:54] fyers_logger","message":{"API":"/history","error":"Expecting value: line 1 column 1 (char 0)"},"timestamp":"2026-08-21 13:13:12,824+0530","service":"FyersAPI"}
{"level":"ERROR","location":"[error:54] fyers_logger","message":{"API":"/history","error":"Expecting value: line 1 column 1 (char 0)"},"timestamp":"2026-08-21 13:13:12,890+0530","service":"FyersAPI"}
{"level":"ERROR","location":"[error:54] fyers_logger","message":{"API":"/history","error":"Expecting value: line 1 column 1 (char 0)"},"timestamp":"2026-08-21 13:13:13,043+0530","service":"FyersAPI"}
{"level":"ERROR","location":"[error:54] fyers_logger","message":{"API":"/history","Error":{"code":-300,"message":"Invalid symbol provided","s":"error"}},"timestamp":"2026-08-21 13:13:16,563+0530","service":"FyersAPI"}
{"level":"ERROR","location":"[error:54] fyers_logger","message":{"API":"/history","Error":{"code":-300,"message":"Invalid symbol provided","s":"error"}},"timestamp":"2026-08-21 13:13:39,326+0530","service":"FyersAPI"}
{"level":"ERROR","location":"[error:54] fyers_logger","message":{"API":"/history","Error":{"code":-300,"message":"Invalid symbol provided","s":"error"}},"timestamp":"2026-08-21 13:20:40,572+0530","service":"FyersAPI"}
{"level":"ERROR","location":"[error:54] fyers_logger","message":{"API":"/history","Error":{"code":-300,"message":"Invalid symbol provided","s":"error"}},"timestamp":"2026-08-21 13:20:41,719+0530","service":"FyersAPI"}
{"level":"ERROR","location":"[error:54] fyers_logger","message":{"API":"/history","Error":{"code":-300,"message":"Invalid symbol provided","s":"error"}},"timestamp":"2026-08-21 13:21:01,813+0530","service":"FyersAPI"}
{"level":"ERROR","location":"[error:54] fyers_logger","message":{"API":"/history","Error":{"code":-300,"message":"Invalid symbol provided","s":"error"}},"timestamp":"2026-08-21 13:21:46,543+0530","service":"FyersAPI"}
{"level":"ERROR","location":"[error:54] fyers_logger","message":{"API":"/history","Error":{"code":-300,"message":"Invalid symbol provided","s":"error"}},"timestamp":"2026-08-21 13:24:42,849+0530","service":"FyersAPI"}
{"level":"ERROR","location":"[error:54] fyers_logger","message":{"API":"/history","Error":{"code":-300,"message":"Invalid symbol provided","s":"error"}},"timestamp":"2026-08-21 13:24:43,901+0530","service":"FyersAPI"}
{"level":"ERROR","location":"[error:54] fyers_logger","message":{"API":"/history","Error":{"code":-300,"message":"Invalid symbol provided","s":"error"}},"timestamp":"2026-08-21 13:26:05,261+0530","service":"FyersAPI"}
{"level":"ERROR","location":"[error:54] fyers_logger","message":{"API":"/history","Error":{"code":-300,"message":"Invalid symbol provided","s":"error"}},"timestamp":"2026-08-21 13:26:06,446+0530","service":"FyersAPI"}
{"level":"ERROR","location":"[error:54] fyers_logger","message":{"API":"/history","Error":{"code":-300,"message":"Invalid symbol provided","s":"error"}},"timestamp":"2026-08-21 13:26:14,302+0530","service":"FyersAPI"}
{"level":"ERROR","location":"[error:54] fyers_logger","message":{"API":"/history","Error":{"code":-300,"message":"Invalid symbol provided","s":"error"}},"timestamp":"2026-08-21 13:26:15,487+0530","service":"FyersAPI"}
{"level":"ERROR","location":"[error:54] fyers_logger","message":{"API":"/history","Error":{"code":-300,"message":"Invalid symbol provided","s":"error"}},"timestamp":"2026-08-21 13:26:27,493+0530","service":"FyersAPI"}
{"level":"ERROR","location":"[error:54] fyers_logger","message":{"API":"/history","Error":{"code":-300,"message":"Invalid symbol provided","s":"error"}},"timestamp":"2026-08-21 13:26:37,025+0530","service":"FyersAPI"}
{"level":"ERROR","location":"[error:54] fyers_logger","message":{"API":"/history","Error":{"code":429,"message":"request limit reached","s":"error"}},"timestamp":"2026-08-21 13:26:40,832+0530","service":"FyersAPI"}
{"level":"ERROR","location":"[error:54] fyers_logger","message":{"API":"/history","Error":{"code":429,"message":"request limit reached","s":"error"}},"timestamp":"2026-08-21 13:26:41,056+0530","service":"FyersAPI"}
{"level":"ERROR","location":"[error:54] fyers_logger","message":{"API":"/history","Error":{"code":429,"message":"request limit reached","s":"error"}},"timestamp":"2026-08-21 13:26:41,086+0530","service":"FyersAPI"}
{"level":"ERROR","location":"[error:54] fyers_logger","message":{"API":"/history","Error":{"code":429,"message":"request limit reached","s":"error"}},"timestamp":"2026-08-21 13:26:41,315+0530","service":"FyersAPI"}
{"level":"ERROR","location":"[error:54] fyers_logger","message":{"API":"/history","Error":{"code":429,"message":"request limit reached","s":"error"}},"timestamp":"2026-08-21 13:26:41,521+0530","service":"FyersAPI"}
{"level":"ERROR","location":"[error:54] fyers_logger","message":{"API":"/history","Error":{"code":429,"message":"request limit reached","s":"error"}},"timestamp":"2026-08-21 13:26:41,579+0530","service":"FyersAPI"}
{"level":"ERROR","location":"[error:54] fyers_logger","message":{"API":"/history","Error":{"code":429,"message":"request limit reached","s":"error"}},"timestamp":"2026-08-21 13:26:41,790+0530","service":"FyersAPI"}
{"level":"ERROR","location":"[error:54] fyers_logger","message":{"API":"/history","Error":{"code":429,"message":"request limit reached","s":"error"}},"timestamp":"2026-08-21 13:26:41,852+0530","service":"FyersAPI"}
{"level":"ERROR","location":"[error:54] fyers_logger","message":{"API":"/history","Error":{"code":429,"message":"request limit reached","s":"error"}},"timestamp":"2026-08-21 13:26:42,047+0530","service":"FyersAPI"}
{"level":"ERROR","location":"[error:54] fyers_logger","message":{"API":"/history","Error":{"code":429,"message":"request limit reached","s":"error"}},"timestamp":"2026-08-21 13:26:42,105+0530","service":"FyersAPI"}
{"level":"ERROR","location":"[error:54] fyers_logger","message":{"API":"/history","Error":{"code":429,"message":"request limit reached","s":"error"}},"timestamp":"2026-08-21 13:26:42,309+0530","service":"FyersAPI"}
{"level":"ERROR","location":"[error:54] fyers_logger","message":{"API":"/history","Error":{"code":429,"message":"request limit reached","s":"error"}},"timestamp":"2026-08-21 13:26:42,365+0530","service":"FyersAPI"}
{"level":"ERROR","location":"[error:54] fyers_logger","message":{"API":"/history","Error":{"code":429,"message":"request limit reached","s":"error"}},"timestamp":"2026-08-21 13:26:42,565+0530","service":"FyersAPI"}
{"level":"ERROR","location":"[error:54] fyers_logger","message":{"API":"/history","Error":{"code":429,"message":"request limit reached","s":"error"}},"timestamp":"2026-08-21 13:26:42,614+0530","service":"FyersAPI"}
{"level":"ERROR","location":"[error:54] fyers_logger","message":{"API":"/history","Error":{"code":429,"message":"request limit reached","s":"error"}},"timestamp":"2026-08-21 13:26:42,829+0530","service":"FyersAPI"}
{"level":"ERROR","location":"[error:54] fyers_logger","message":{"API":"/history","Error":{"code":429,"message":"request limit reached","s":"error"}},"timestamp":"2026-08-21 13:26:42,869+0530","service":"FyersAPI"}
{"level":"ERROR","location":"[error:54] fyers_logger","message":{"API":"/history","Error":{"code":429,"message":"request limit reached","s":"error"}},"timestamp":"2026-08-21 13:26:43,124+0530","service":"FyersAPI"}
{"level":"ERROR","location":"[error:54] fyers_logger","message":{"API":"/history","Error":{"code":429,"message":"request limit reached","s":"error"}},"timestamp":"2026-08-21 13:26:43,127+0530","service":"FyersAPI"}
{"level":"ERROR","location":"[error:54] fyers_logger","message":{"API":"/history","Error":{"code":429,"message":"request limit reached","s":"error"}},"timestamp":"2026-08-21 13:26:43,382+0530","service":"FyersAPI"}
{"level":"ERROR","location":"[error:54] fyers_logger","message":{"API":"/history","Error":{"code":429,"message":"request limit reached","s":"error"}},"timestamp":"2026-08-21 13:26:43,390+0530","service":"FyersAPI"}
{"level":"ERROR","location":"[error:54] fyers_logger","message":{"API":"/history","Error":{"code":429,"message":"request limit reached","s":"error"}},"timestamp":"2026-08-21 13:26:43,652+0530","service":"FyersAPI"}
{"level":"ERROR","location":"[error:54] fyers_logger","message":{"API":"/history","Error":{"code":429,"message":"request limit reached","s":"error"}},"timestamp":"2026-08-21 13:26:43,662+0530","service":"FyersAPI"}
{"level":"ERROR","location":"[error:54] fyers_logger","message":{"API":"/history","Error":{"code":429,"message":"request limit reached","s":"error"}},"timestamp":"2026-08-21 13:26:43,903+0530","service":"FyersAPI"}
{"level":"ERROR","location":"[error:54] fyers_logger","message":{"API":"/history","Error":{"code":429,"message":"request limit reached","s":"error"}},"timestamp":"2026-08-21 13:26:44,097+0530","service":"FyersAPI"}
{"level":"ERROR","location":"[error:54] fyers_logger","message":{"API":"/history","Error":{"code":429,"message":"request limit reached","s":"error"}},"timestamp":"2026-08-21 13:26:44,166+0530","service":"FyersAPI"}
{"level":"ERROR","location":"[error:54] fyers_logger","message":{"API":"/history","Error":{"code":429,"message":"request limit reached","s":"error"}},"timestamp":"2026-08-21 13:26:44,361+0530","service":"FyersAPI"}
{"level":"ERROR","location":"[error:54] fyers_logger","message":{"API":"/history","Error":{"code":429,"message":"request limit reached","s":"error"}},"timestamp":"2026-08-21 13:26:44,414+0530","service":"FyersAPI"}
{"level":"ERROR","location":"[error:54] fyers_logger","message":{"API":"/history","Error":{"code":429,"message":"request limit reached","s":"error"}},"timestamp":"2026-08-21 13:26:44,634+0530","service":"FyersAPI"}
{"level":"ERROR","location":"[error:54] fyers_logger","message":{"API":"/history","Error":{"code":429,"message":"request limit reached","s":"error"}},"timestamp":"2026-08-21 13:26:44,667+0530","service":"FyersAPI"}
{"level":"ERROR","location":"[error:54] fyers_logger","message":{"API":"/history","Error":{"code":429,"message":"request limit reached","s":"error"}},"timestamp":"2026-08-21 13:26:44,897+0530","service":"FyersAPI"}
{"level":"ERROR","location":"[error:54] fyers_logger","message":{"API":"/history","Error":{"code":429,"message":"request limit reached","s":"error"}},"timestamp":"2026-08-21 13:26:45,083+0530","service":"FyersAPI"}
{"level":"ERROR","location":"[error:54] fyers_logger","message":{"API":"/history","Error":{"code":429,"message":"request limit reached","s":"error"}},"timestamp":"2026-08-21 13:26:45,155+0530","service":"FyersAPI"}
{"level":"ERROR","location":"[error:54] fyers_logger","message":{"API":"/history","Error":{"code":429,"message":"request limit reached","s":"error"}},"timestamp":"2026-08-21 13:26:45,331+0530","service":"FyersAPI"}
{"level":"ERROR","location":"[error:54] fyers_logger","message":{"API":"/history","Error":{"code":429,"message":"request limit reached","s":"error"}},"timestamp":"2026-08-21 13:26:45,419+0530","service":"FyersAPI"}
{"level":"ERROR","location":"[error:54] fyers_logger","message":{"API":"/history","Error":{"code":429,"message":"request limit reached","s":"error"}},"timestamp":"2026-08-21 13:26:45,591+0530","service":"FyersAPI"}
{"level":"ERROR","location":"[error:54] fyers_logger","message":{"API":"/history","Error":{"code":429,"message":"request limit reached","s":"error"}},"timestamp":"2026-08-21 13:26:45,679+0530","service":"FyersAPI"}
{"level":"ERROR","location":"[error:54] fyers_logger","message":{"API":"/history","Error":{"code":429,"message":"request limit reached","s":"error"}},"timestamp":"2026-08-21 13:26:45,859+0530","service":"FyersAPI"}
{"level":"ERROR","location":"[error:54] fyers_logger","message":{"API":"/history","Error":{"code":429,"message":"request limit reached","s":"error"}},"timestamp":"2026-08-21 13:26:45,943+0530","service":"FyersAPI"}
{"level":"ERROR","location":"[error:54] fyers_logger","message":{"API":"/history","Error":{"code":429,"message":"request limit reached","s":"error"}},"timestamp":"2026-08-21 13:26:46,113+0530","service":"FyersAPI"}
{"level":"ERROR","location":"[error:54] fyers_logger","message":{"API":"/history","Error":{"code":429,"message":"request limit reached","s":"error"}},"timestamp":"2026-08-21 13:26:46,196+0530","service":"FyersAPI"}
{"level":"ERROR","location":"[error:54] fyers_logger","message":{"API":"/history","Error":{"code":429,"message":"request limit reached","s":"error"}},"timestamp":"2026-08-21 13:26:46,453+0530","service":"FyersAPI"}
{"level":"ERROR","location":"[error:54] fyers_logger","message":{"API":"/history","Error":{"code":429,"message":"request limit reached","s":"error"}},"timestamp":"2026-08-21 13:26:46,516+0530","service":"FyersAPI"}
{"level":"ERROR","location":"[error:54] fyers_logger","message":{"API":"/history","Error":{"code":429,"message":"request limit reached","s":"error"}},"timestamp":"2026-08-21 13:26:46,715+0530","service":"FyersAPI"}
{"level":"ERROR","location":"[error:54] fyers_logger","message":{"API":"/history","Error":{"code":429,"message":"request limit reached","s":"error"}},"timestamp":"2026-08-21 13:26:46,775+0530","service":"FyersAPI"}
{"level":"ERROR","location":"[error:54] fyers_logger","message":{"API":"/history","Error":{"code":429,"message":"request limit reached","s":"error"}},"timestamp":"2026-08-21 13:26:46,986+0530","service":"FyersAPI"}
{"level":"ERROR","location":"[error:54] fyers_logger","message":{"API":"/history","Error":{"code":429,"message":"request limit reached","s":"error"}},"timestamp":"2026-08-21 13:26:47,027+0530","service":"FyersAPI"}
{"level":"ERROR","location":"[error:54] fyers_logger","message":{"API":"/history","Error":{"code":429,"message":"request limit reached","s":"error"}},"timestamp":"2026-08-21 13:26:47,276+0530","service":"FyersAPI"}
{"level":"ERROR","location":"[error:54] fyers_logger","message":{"API":"/history","Error":{"code":429,"message":"request limit reached","s":"error"}},"timestamp":"2026-08-21 13:26:47,332+0530","service":"FyersAPI"}
{"level":"ERROR","location":"[error:54] fyers_logger","message":{"API":"/history","Error":{"code":429,"message":"request limit reached","s":"error"}},"timestamp":"2026-08-21 13:26:47,542+0530","service":"FyersAPI"}
{"level":"ERROR","location":"[error:54] fyers_logger","message":{"API":"/history","Error":{"code":429,"message":"request limit reached","s":"error"}},"timestamp":"2026-08-21 13:26:47,583+0530","service":"FyersAPI"}
{"level":"ERROR","location":"[error:54] fyers_logger","message":{"API":"/history","Error":{"code":429,"message":"request limit reached","s":"error"}},"timestamp":"2026-08-21 13:26:47,804+0530","service":"FyersAPI"}
{"level":"ERROR","location":"[error:54] fyers_logger","message":{"API":"/history","Error":{"code":429,"message":"request limit reached","s":"error"}},"timestamp":"2026-08-21 13:26:47,840+0530","service":"FyersAPI"}
{"level":"ERROR","location":"[error:54] fyers_logger","message":{"API":"/history","Error":{"code":429,"message":"request limit reached","s":"error"}},"timestamp":"2026-08-21 13:26:48,068+0530","service":"FyersAPI"}
{"level":"ERROR","location":"[error:54] fyers_logger","message":{"API":"/history","Error":{"code":429,"message":"request limit reached","s":"error"}},"timestamp":"2026-08-21 13:26:48,094+0530","service":"FyersAPI"}
{"level":"ERROR","location":"[error:54] fyers_logger","message":{"API":"/history","Error":{"code":429,"message":"request limit reached","s":"error"}},"timestamp":"2026-08-21 13:26:48,326+0530","service":"FyersAPI"}
{"level":"ERROR","location":"[error:54] fyers_logger","message":{"API":"/history","Error":{"code":429,"message":"request limit reached","s":"error"}},"timestamp":"2026-08-21 13:26:48,348+0530","service":"FyersAPI"}
{"level":"ERROR","location":"[error:54] fyers_logger","message":{"API":"/history","Error":{"code":429,"message":"request limit reached","s":"error"}},"timestamp":"2026-08-21 13:26:48,594+0530","service":"FyersAPI"}
{"level":"ERROR","location":"[error:54] fyers_logger","message":{"API":"/history","Error":{"code":429,"message":"request limit reached","s":"error"}},"timestamp":"2026-08-21 13:26:48,603+0530","service":"FyersAPI"}
{"level":"ERROR","location":"[error:54] fyers_logger","message":{"API":"/history","Error":{"code":429,"message":"request limit reached","s":"error"}},"timestamp":"2026-08-21 13:26:48,854+0530","service":"FyersAPI"}
{"level":"ERROR","location":"[error:54] fyers_logger","message":{"API":"/history","Error":{"code":429,"message":"request limit reached","s":"error"}},"timestamp":"2026-08-21 13:26:48,859+0530","service":"FyersAPI"}
{"level":"ERROR","location":"[error:54] fyers_logger","message":{"API":"/history","Error":{"code":429,"message":"request limit reached","s":"error"}},"timestamp":"2026-08-21 13:26:49,109+0530","service":"FyersAPI"}
{"level":"ERROR","location":"[error:54] fyers_logger","message":{"API":"/history","Error":{"code":429,"message":"request limit reached","s":"error"}},"timestamp":"2026-08-21 13:26:49,114+0530","service":"FyersAPI"}
{"level":"ERROR","location":"[error:54] fyers_logger","message":{"API":"/history","Error":{"code":429,"message":"request limit reached","s":"error"}},"timestamp":"2026-08-21 13:26:49,363+0530","service":"FyersAPI"}
{"level":"ERROR","location":"[error:54] fyers_logger","message":{"API":"/history","Error":{"code":429,"message":"request limit reached","s":"error"}},"timestamp":"2026-08-21 13:26:49,368+0530","service":"FyersAPI"}
{"level":"ERROR","location":"[error:54] fyers_logger","message":{"API":"/history","Error":{"code":429,"message":"request limit reached","s":"error"}},"timestamp":"2026-08-21 13:26:49,654+0530","service":"FyersAPI"}
{"level":"ERROR","location":"[error:54] fyers_logger","message":{"API":"/history","Error":{"code":429,"message":"request limit reached","s":"error"}},"timestamp":"2026-08-21 13:26:49,791+0530","service":"FyersAPI"}
{"level":"ERROR","location":"[error:54] fyers_logger","message":{"API":"/history","Error":{"code":429,"message":"request limit reached","s":"error"}},"timestamp":"2026-08-21 13:26:49,942+0530","service":"FyersAPI"}
{"level":"ERROR","location":"[error:54] fyers_logger","message":{"API":"/history","Error":{"code":429,"message":"request limit reached","s":"error"}},"timestamp":"2026-08-21 13:26:50,056+0530","service":"FyersAPI"}
{"level":"ERROR","location":"[error:54] fyers_logger","message":{"API":"/history","Error":{"code":429,"message":"request limit reached","s":"error"}},"timestamp":"2026-08-21 13:26:50,205+0530","service":"FyersAPI"}
{"level":"ERROR","location":"[error:54] fyers_logger","message":{"API":"/history","Error":{"code":429,"message":"request limit reached","s":"error"}},"timestamp":"2026-08-21 13:26:50,321+0530","service":"FyersAPI"}
{"level":"ERROR","location":"[error:54] fyers_logger","message":{"API":"/history","Error":{"code":429,"message":"request limit reached","s":"error"}},"timestamp":"2026-08-21 13:26:50,463+0530","service":"FyersAPI"}
{"level":"ERROR","location":"[error:54] fyers_logger","message":{"API":"/history","Error":{"code":429,"message":"request limit reached","s":"error"}},"timestamp":"2026-08-21 13:26:50,580+0530","service":"FyersAPI"}
{"level":"ERROR","location":"[error:54] fyers_logger","message":{"API":"/history","Error":{"code":429,"message":"request limit reached","s":"error"}},"timestamp":"2026-08-21 13:26:50,720+0530","service":"FyersAPI"}
{"level":"ERROR","location":"[error:54] fyers_logger","message":{"API":"/history","Error":{"code":429,"message":"request limit reached","s":"error"}},"timestamp":"2026-08-21 13:26:50,837+0530","service":"FyersAPI"}
{"level":"ERROR","location":"[error:54] fyers_logger","message":{"API":"/history","Error":{"code":429,"message":"request limit reached","s":"error"}},"timestamp":"2026-08-21 13:26:50,971+0530","service":"FyersAPI"}
{"level":"ERROR","location":"[error:54] fyers_logger","message":{"API":"/history","Error":{"code":429,"message":"request limit reached","s":"error"}},"timestamp":"2026-08-21 13:26:51,094+0530","service":"FyersAPI"}
{"level":"ERROR","location":"[error:54] fyers_logger","message":{"API":"/history","Error":{"code":429,"message":"request limit reached","s":"error"}},"timestamp":"2026-08-21 13:26:51,223+0530","service":"FyersAPI"}
{"level":"ERROR","location":"[error:54] fyers_logger","message":{"API":"/history","Error":{"code":429,"message":"request limit reached","s":"error"}},"timestamp":"2026-08-21 13:26:51,348+0530","service":"FyersAPI"}
{"level":"ERROR","location":"[error:54] fyers_logger","message":{"API":"/history","Error":{"code":429,"message":"request limit reached","s":"error"}},"timestamp":"2026-08-21 13:26:51,481+0530","service":"FyersAPI"}
{"level":"ERROR","location":"[error:54] fyers_logger","message":{"API":"/history","Error":{"code":429,"message":"request limit reached","s":"error"}},"timestamp":"2026-08-21 13:26:51,606+0530","service":"FyersAPI"}
{"level":"ERROR","location":"[error:54] fyers_logger","message":{"API":"/history","Error":{"code":429,"message":"request limit reached","s":"error"}},"timestamp":"2026-08-21 13:26:51,741+0530","service":"FyersAPI"}
{"level":"ERROR","location":"[error:54] fyers_logger","message":{"API":"/history","Error":{"code":429,"message":"request limit reached","s":"error"}},"timestamp":"2026-08-21 13:26:51,862+0530","service":"FyersAPI"}
{"level":"ERROR","location":"[error:54] fyers_logger","message":{"API":"/history","Error":{"code":429,"message":"request limit reached","s":"error"}},"timestamp":"2026-08-21 13:26:51,996+0530","service":"FyersAPI"}
{"level":"ERROR","location":"[error:54] fyers_logger","message":{"API":"/history","Error":{"code":429,"message":"request limit reached","s":"error"}},"timestamp":"2026-08-21 13:26:52,140+0530","service":"FyersAPI"}
{"level":"ERROR","location":"[error:54] fyers_logger","message":{"API":"/history","Error":{"code":429,"message":"request limit reached","s":"error"}},"timestamp":"2026-08-21 13:26:52,428+0530","service":"FyersAPI"}
{"level":"ERROR","location":"[error:54] fyers_logger","message":{"API":"/history","Error":{"code":429,"message":"request limit reached","s":"error"}},"timestamp":"2026-08-21 13:26:52,668+0530","service":"FyersAPI"}
{"level":"ERROR","location":"[error:54] fyers_logger","message":{"API":"/history","Error":{"code":429,"message":"request limit reached","s":"error"}},"timestamp":"2026-08-21 13:26:52,705+0530","service":"FyersAPI"}
{"level":"ERROR","location":"[error:54] fyers_logger","message":{"API":"/history","Error":{"code":429,"message":"request limit reached","s":"error"}},"timestamp":"2026-08-21 13:26:52,920+0530","service":"FyersAPI"}
{"level":"ERROR","location":"[error:54] fyers_logger","message":{"API":"/history","Error":{"code":429,"message":"request limit reached","s":"error"}},"timestamp":"2026-08-21 13:26:52,975+0530","service":"FyersAPI"}
{"level":"ERROR","location":"[error:54] fyers_logger","message":{"API":"/history","Error":{"code":429,"message":"request limit reached","s":"error"}},"timestamp":"2026-08-21 13:26:53,175+0530","service":"FyersAPI"}
{"level":"ERROR","location":"[error:54] fyers_logger","message":{"API":"/history","Error":{"code":429,"message":"request limit reached","s":"error"}},"timestamp":"2026-08-21 13:26:53,227+0530","service":"FyersAPI"}
{"level":"ERROR","location":"[error:54] fyers_logger","message":{"API":"/history","Error":{"code":429,"message":"request limit reached","s":"error"}},"timestamp":"2026-08-21 13:26:53,430+0530","service":"FyersAPI"}
{"level":"ERROR","location":"[error:54] fyers_logger","message":{"API":"/history","Error":{"code":429,"message":"request limit reached","s":"error"}},"timestamp":"2026-08-21 13:26:53,484+0530","service":"FyersAPI"}
{"level":"ERROR","location":"[error:54] fyers_logger","message":{"API":"/history","Error":{"code":429,"message":"request limit reached","s":"error"}},"timestamp":"2026-08-21 13:26:53,686+0530","service":"FyersAPI"}
{"level":"ERROR","location":"[error:54] fyers_logger","message":{"API":"/history","Error":{"code":429,"message":"request limit reached","s":"error"}},"timestamp":"2026-08-21 13:26:53,736+0530","service":"FyersAPI"}
{"level":"ERROR","location":"[error:54] fyers_logger","message":{"API":"/history","Error":{"code":429,"message":"request limit reached","s":"error"}},"timestamp":"2026-08-21 13:26:53,939+0530","service":"FyersAPI"}
{"level":"ERROR","location":"[error:54] fyers_logger","message":{"API":"/history","Error":{"code":429,"message":"request limit reached","s":"error"}},"timestamp":"2026-08-21 13:26:53,989+0530","service":"FyersAPI"}
{"level":"ERROR","location":"[error:54] fyers_logger","message":{"API":"/history","Error":{"code":429,"message":"request limit reached","s":"error"}},"timestamp":"2026-08-21 13:26:54,195+0530","service":"FyersAPI"}
{"level":"ERROR","location":"[error:54] fyers_logger","message":{"API":"/history","Error":{"code":429,"message":"request limit reached","s":"error"}},"timestamp":"2026-08-21 13:26:54,413+0530","service":"FyersAPI"}
{"level":"ERROR","location":"[error:54] fyers_logger","message":{"API":"/history","Error":{"code":429,"message":"request limit reached","s":"error"}},"timestamp":"2026-08-21 13:26:54,606+0530","service":"FyersAPI"}
{"level":"ERROR","location":"[error:54] fyers_logger","message":{"API":"/history","error":"Expecting value: line 1 column 1 (char 0)"},"timestamp":"2026-08-21 13:26:54,634+0530","service":"FyersAPI"}
{"level":"ERROR","location":"[error:54] fyers_logger","message":{"API":"/history","error":"Expecting value: line 1 column 1 (char 0)"},"timestamp":"2026-08-21 13:26:54,837+0530","service":"FyersAPI"}
{"level":"ERROR","location":"[error:54] fyers_logger","message":{"API":"/history","error":"Expecting value: line 1 column 1 (char 0)"},"timestamp":"2026-08-21 13:26:54,854+0530","service":"FyersAPI"}
{"level":"ERROR","location":"[error:54] fyers_logger","message":{"API":"/history","error":"Expecting value: line 1 column 1 (char 0)"},"timestamp":"2026-08-21 13:26:55,055+0530","service":"FyersAPI"}
{"level":"ERROR","location":"[error:54] fyers_logger","message":{"API":"/history","error":"Expecting value: line 1 column 1 (char 0)"},"timestamp":"2026-08-21 13:26:55,071+0530","service":"FyersAPI"}
{"level":"ERROR","location":"[error:54] fyers_logger","message":{"API":"/history","error":"Expecting value: line 1 column 1 (char 0)"},"timestamp":"2026-08-21 13:26:55,277+0530","service":"FyersAPI"}
{"level":"ERROR","location":"[error:54] fyers_logger","message":{"API":"/history","error":"Expecting value: line 1 column 1 (char 0)"},"timestamp":"2026-08-21 13:26:55,293+0530","service":"FyersAPI"}
{"level":"ERROR","location":"[error:54] fyers_logger","message":{"API":"/history","error":"Expecting value: line 1 column 1 (char 0)"},"timestamp":"2026-08-21 13:26:55,501+0530","service":"FyersAPI"}
{"level":"ERROR","location":"[error:54] fyers_logger","message":{"API":"/history","error":"Expecting value: line 1 column 1 (char 0)"},"timestamp":"2026-08-21 13:26:55,517+0530","service":"FyersAPI"}
{"level":"ERROR","location":"[error:54] fyers_logger","message":{"API":"/history","error":"Expecting value: line 1 column 1 (char 0)"},"timestamp":"2026-08-21 13:26:55,723+0530","service":"FyersAPI"}
{"level":"ERROR","location":"[error:54] fyers_logger","message":{"API":"/history","error":"Expecting value: line 1 column 1 (char 0)"},"timestamp":"2026-08-21 13:26:55,738+0530","service":"FyersAPI"}
{"level":"ERROR","location":"[error:54] fyers_logger","message":{"API":"/history","error":"Expecting value: line 1 column 1 (char 0)"},"timestamp":"2026-08-21 13:26:55,946+0530","service":"FyersAPI"}
{"level":"ERROR","location":"[error:54] fyers_logger","message":{"API":"/history","error":"Expecting value: line 1 column 1 (char 0)"},"timestamp":"2026-08-21 13:26:55,962+0530","service":"FyersAPI"}
{"level":"ERROR","location":"[error:54] fyers_logger","message":{"API":"/history","error":"Expecting value: line 1 column 1 (char 0)"},"timestamp":"2026-08-21 13:26:56,168+0530","service":"FyersAPI"}
{"level":"ERROR","location":"[error:54] fyers_logger","message":{"API":"/history","error":"Expecting value: line 1 column 1 (char 0)"},"timestamp":"2026-08-21 13:26:56,185+0530","service":"FyersAPI"}
{"level":"ERROR","location":"[error:54] fyers_logger","message":{"API":"/history","error":"Expecting value: line 1 column 1 (char 0)"},"timestamp":"2026-08-21 13:26:56,391+0530","service":"FyersAPI"}
{"level":"ERROR","location":"[error:54] fyers_logger","message":{"API":"/history","error":"Expecting value: line 1 column 1 (char 0)"},"timestamp":"2026-08-21 13:26:56,406+0530","service":"FyersAPI"}
{"level":"ERROR","location":"[error:54] fyers_logger","message":{"API":"/history","error":"Expecting value: line 1 column 1 (char 0)"},"timestamp":"2026-08-21 13:26:56,615+0530","service":"FyersAPI"}
{"level":"ERROR","location":"[error:54] fyers_logger","message":{"API":"/history","error":"Expecting value: line 1 column 1 (char 0)"},"timestamp":"2026-08-21 13:26:56,631+0530","service":"FyersAPI"}
{"level":"ERROR","location":"[error:54] fyers_logger","message":{"API":"/history","error":"Expecting value: line 1 column 1 (char 0)"},"timestamp":"2026-08-21 13:26:56,834+0530","service":"FyersAPI"}
{"level":"ERROR","location":"[error:54] fyers_logger","message":{"API":"/history","error":"Expecting value: line 1 column 1 (char 0)"},"timestamp":"2026-08-21 13:26:56,858+0530","service":"FyersAPI"}
{"level":"ERROR","location":"[error:54] fyers_logger","message":{"API":"/history","error":"Expecting value: line 1 column 1 (char 0)"},"timestamp":"2026-08-21 13:26:57,056+0530","service":"FyersAPI"}
{"level":"ERROR","location":"[error:54] fyers_logger","message":{"API":"/history","error":"Expecting value: line 1 column 1 (char 0)"},"timestamp":"2026-08-21 13:26:57,080+0530","service":"FyersAPI"}
{"level":"ERROR","location":"[error:54] fyers_logger","message":{"API":"/history","error":"Expecting value: line 1 column 1 (char 0)"},"timestamp":"2026-08-21 13:26:57,286+0530","service":"FyersAPI"}
{"level":"ERROR","location":"[error:54] fyers_logger","message":{"API":"/history","error":"Expecting value: line 1 column 1 (char 0)"},"timestamp":"2026-08-21 13:26:57,301+0530","service":"FyersAPI"}
{"level":"ERROR","location":"[error:54] fyers_logger","message":{"API":"/history","error":"Expecting value: line 1 column 1 (char 0)"},"timestamp":"2026-08-21 13:26:57,507+0530","service":"FyersAPI"}
{"level":"ERROR","location":"[error:54] fyers_logger","message":{"API":"/history","error":"Expecting value: line 1 column 1 (char 0)"},"timestamp":"2026-08-21 13:26:57,522+0530","service":"FyersAPI"}
{"level":"ERROR","location":"[error:54] fyers_logger","message":{"API":"/history","error":"Expecting value: line 1 column 1 (char 0)"},"timestamp":"2026-08-21 13:26:57,730+0530","service":"FyersAPI"}
{"level":"ERROR","location":"[error:54] fyers_logger","message":{"API":"/history","error":"Expecting value: line 1 column 1 (char 0)"},"timestamp":"2026-08-21 13:26:57,745+0530","service":"FyersAPI"}
{"level":"ERROR","location":"[error:54] fyers_logger","message":{"API":"/history","error":"Expecting value: line 1 column 1 (char 0)"},"timestamp":"2026-08-21 13:26:57,953+0530","service":"FyersAPI"}
{"level":"ERROR","location":"[error:54] fyers_logger","message":{"API":"/history","error":"Expecting value: line 1 column 1 (char 0)"},"timestamp":"2026-08-21 13:26:57,964+0530","service":"FyersAPI"}
{"level":"ERROR","location":"[error:54] fyers_logger","message":{"API":"/history","error":"Expecting value: line 1 column 1 (char 0)"},"timestamp":"2026-08-21 13:26:58,174+0530","service":"FyersAPI"}
{"level":"ERROR","location":"[error:54] fyers_logger","message":{"API":"/history","error":"Expecting value: line 1 column 1 (char 0)"},"timestamp":"2026-08-21 13:26:58,185+0530","service":"FyersAPI"}
{"level":"ERROR","location":"[error:54] fyers_logger","message":{"API":"/history","error":"Expecting value: line 1 column 1 (char 0)"},"timestamp":"2026-08-21 13:26:58,395+0530","service":"FyersAPI"}
{"level":"ERROR","location":"[error:54] fyers_logger","message":{"API":"/history","error":"Expecting value: line 1 column 1 (char 0)"},"timestamp":"2026-08-21 13:26:58,406+0530","service":"FyersAPI"}
{"level":"ERROR","location":"[error:54] fyers_logger","message":{"API":"/history","error":"Expecting value: line 1 column 1 (char 0)"},"timestamp":"2026-08-21 13:26:58,616+0530","service":"FyersAPI"}
{"level":"ERROR","location":"[error:54] fyers_logger","message":{"API":"/history","error":"Expecting value: line 1 column 1 (char 0)"},"timestamp":"2026-08-21 13:26:58,627+0530","service":"FyersAPI"}
{"level":"ERROR","location":"[error:54] fyers_logger","message":{"API":"/history","error":"Expecting value: line 1 column 1 (char 0)"},"timestamp":"2026-08-21 13:26:58,837+0530","service":"FyersAPI"}
{"level":"ERROR","location":"[error:54] fyers_logger","message":{"API":"/history","error":"Expecting value: line 1 column 1 (char 0)"},"timestamp":"2026-08-21 13:26:58,859+0530","service":"FyersAPI"}
{"level":"ERROR","location":"[error:54] fyers_logger","message":{"API":"/history","error":"Expecting value: line 1 column 1 (char 0)"},"timestamp":"2026-08-21 13:26:59,056+0530","service":"FyersAPI"}
{"level":"ERROR","location":"[error:54] fyers_logger","message":{"API":"/history","error":"Expecting value: line 1 column 1 (char 0)"},"timestamp":"2026-08-21 13:26:59,079+0530","service":"FyersAPI"}
{"level":"ERROR","location":"[error:54] fyers_logger","message":{"API":"/history","error":"Expecting value: line 1 column 1 (char 0)"},"timestamp":"2026-08-21 13:26:59,280+0530","service":"FyersAPI"}
{"level":"ERROR","location":"[error:54] fyers_logger","message":{"API":"/history","error":"Expecting value: line 1 column 1 (char 0)"},"timestamp":"2026-08-21 13:26:59,298+0530","service":"FyersAPI"}
{"level":"ERROR","location":"[error:54] fyers_logger","message":{"API":"/history","error":"Expecting value: line 1 column 1 (char 0)"},"timestamp":"2026-08-21 13:26:59,501+0530","service":"FyersAPI"}
{"level":"ERROR","location":"[error:54] fyers_logger","message":{"API":"/history","error":"Expecting value: line 1 column 1 (char 0)"},"timestamp":"2026-08-21 13:26:59,516+0530","service":"FyersAPI"}
{"level":"ERROR","location":"[error:54] fyers_logger","message":{"API":"/history","error":"Expecting value: line 1 column 1 (char 0)"},"timestamp":"2026-08-21 13:26:59,722+0530","service":"FyersAPI"}
{"level":"ERROR","location":"[error:54] fyers_logger","message":{"API":"/history","error":"Expecting value: line 1 column 1 (char 0)"},"timestamp":"2026-08-21 13:26:59,739+0530","service":"FyersAPI"}
{"level":"ERROR","location":"[error:54] fyers_logger","message":{"API":"/history","error":"Expecting value: line 1 column 1 (char 0)"},"timestamp":"2026-08-21 13:26:59,946+0530","service":"FyersAPI"}
{"level":"ERROR","location":"[error:54] fyers_logger","message":{"API":"/history","error":"Expecting value: line 1 column 1 (char 0)"},"timestamp":"2026-08-21 13:26:59,962+0530","service":"FyersAPI"}
{"level":"ERROR","location":"[error:54] fyers_logger","message":{"API":"/history","error":"Expecting value: line 1 column 1 (char 0)"},"timestamp":"2026-08-21 13:27:00,165+0530","service":"FyersAPI"}
{"level":"ERROR","location":"[error:54] fyers_logger","message":{"API":"/history","error":"Expecting value: line 1 column 1 (char 0)"},"timestamp":"2026-08-21 13:27:00,182+0530","service":"FyersAPI"}
{"level":"ERROR","location":"[error:54] fyers_logger","message":{"API":"/history","error":"Expecting value: line 1 column 1 (char 0)"},"timestamp":"2026-08-21 13:27:00,384+0530","service":"FyersAPI"}
{"level":"ERROR","location":"[error:54] fyers_logger","message":{"API":"/history","error":"Expecting value: line 1 column 1 (char 0)"},"timestamp":"2026-08-21 13:27:00,399+0530","service":"FyersAPI"}
{"level":"ERROR","location":"[error:54] fyers_logger","message":{"API":"/history","error":"Expecting value: line 1 column 1 (char 0)"},"timestamp":"2026-08-21 13:27:00,604+0530","service":"FyersAPI"}
{"level":"ERROR","location":"[error:54] fyers_logger","message":{"API":"/history","error":"Expecting value: line 1 column 1 (char 0)"},"timestamp":"2026-08-21 13:27:00,619+0530","service":"FyersAPI"}
{"level":"ERROR","location":"[error:54] fyers_logger","message":{"API":"/history","error":"Expecting value: line 1 column 1 (char 0)"},"timestamp":"2026-08-21 13:27:00,842+0530","service":"FyersAPI"}
{"level":"ERROR","location":"[error:54] fyers_logger","message":{"API":"/history","error":"Expecting value: line 1 column 1 (char 0)"},"timestamp":"2026-08-21 13:27:00,843+0530","service":"FyersAPI"}
{"level":"ERROR","location":"[error:54] fyers_logger","message":{"API":"/history","error":"Expecting value: line 1 column 1 (char 0)"},"timestamp":"2026-08-21 13:27:01,065+0530","service":"FyersAPI"}
{"level":"ERROR","location":"[error:54] fyers_logger","message":{"API":"/history","error":"Expecting value: line 1 column 1 (char 0)"},"timestamp":"2026-08-21 13:27:01,066+0530","service":"FyersAPI"}
{"level":"ERROR","location":"[error:54] fyers_logger","message":{"API":"/history","Error":{"code":429,"message":"request limit reached","s":"error"}},"timestamp":"2026-08-21 13:27:01,356+0530","service":"FyersAPI"}
{"level":"ERROR","location":"[error:54] fyers_logger","message":{"API":"/history","Error":{"code":429,"message":"request limit reached","s":"error"}},"timestamp":"2026-08-21 13:27:01,359+0530","service":"FyersAPI"}
{"level":"ERROR","location":"[error:54] fyers_logger","message":{"API":"/history","error":"Expecting value: line 1 column 1 (char 0)"},"timestamp":"2026-08-21 13:27:01,580+0530","service":"FyersAPI"}
{"level":"ERROR","location":"[error:54] fyers_logger","message":{"API":"/history","error":"Expecting value: line 1 column 1 (char 0)"},"timestamp":"2026-08-21 13:27:01,582+0530","service":"FyersAPI"}
{"level":"ERROR","location":"[error:54] fyers_logger","message":{"API":"/history","error":"Expecting value: line 1 column 1 (char 0)"},"timestamp":"2026-08-21 13:27:01,804+0530","service":"FyersAPI"}
{"level":"ERROR","location":"[error:54] fyers_logger","message":{"API":"/history","error":"Expecting value: line 1 column 1 (char 0)"},"timestamp":"2026-08-21 13:27:01,807+0530","service":"FyersAPI"}
{"level":"ERROR","location":"[error:54] fyers_logger","message":{"API":"/history","error":"Expecting value: line 1 column 1 (char 0)"},"timestamp":"2026-08-21 13:27:02,030+0530","service":"FyersAPI"}
{"level":"ERROR","location":"[error:54] fyers_logger","message":{"API":"/history","error":"Expecting value: line 1 column 1 (char 0)"},"timestamp":"2026-08-21 13:27:02,031+0530","service":"FyersAPI"}
{"level":"ERROR","location":"[error:54] fyers_logger","message":{"API":"/history","Error":{"code":429,"message":"request limit reached","s":"error"}},"timestamp":"2026-08-21 13:27:02,312+0530","service":"FyersAPI"}
{"level":"ERROR","location":"[error:54] fyers_logger","message":{"API":"/history","Error":{"code":429,"message":"request limit reached","s":"error"}},"timestamp":"2026-08-21 13:27:02,363+0530","service":"FyersAPI"}
{"level":"ERROR","location":"[error:54] fyers_logger","message":{"API":"/history","error":"Expecting value: line 1 column 1 (char 0)"},"timestamp":"2026-08-21 13:27:02,532+0530","service":"FyersAPI"}
{"level":"ERROR","location":"[error:54] fyers_logger","message":{"API":"/history","error":"Expecting value: line 1 column 1 (char 0)"},"timestamp":"2026-08-21 13:27:02,583+0530","service":"FyersAPI"}
{"level":"ERROR","location":"[error:54] fyers_logger","message":{"API":"/history","error":"Expecting value: line 1 column 1 (char 0)"},"timestamp":"2026-08-21 13:27:02,751+0530","service":"FyersAPI"}
{"level":"ERROR","location":"[error:54] fyers_logger","message":{"API":"/history","error":"Expecting value: line 1 column 1 (char 0)"},"timestamp":"2026-08-21 13:27:02,804+0530","service":"FyersAPI"}
{"level":"ERROR","location":"[error:54] fyers_logger","message":{"API":"/history","error":"Expecting value: line 1 column 1 (char 0)"},"timestamp":"2026-08-21 13:27:02,971+0530","service":"FyersAPI"}
{"level":"ERROR","location":"[error:54] fyers_logger","message":{"API":"/history","error":"Expecting value: line 1 column 1 (char 0)"},"timestamp":"2026-08-21 13:27:03,028+0530","service":"FyersAPI"}
{"level":"ERROR","location":"[error:54] fyers_logger","message":{"API":"/history","Error":{"code":429,"message":"request limit reached","s":"error"}},"timestamp":"2026-08-21 13:27:03,230+0530","service":"FyersAPI"}
{"level":"ERROR","location":"[error:54] fyers_logger","message":{"API":"/history","error":"Expecting value: line 1 column 1 (char 0)"},"timestamp":"2026-08-21 13:27:03,447+0530","service":"FyersAPI"}
{"level":"ERROR","location":"[error:54] fyers_logger","message":{"API":"/history","Error":{"code":429,"message":"request limit reached","s":"error"}},"timestamp":"2026-08-21 13:27:03,459+0530","service":"FyersAPI"}
{"level":"ERROR","location":"[error:54] fyers_logger","message":{"API":"/history","error":"Expecting value: line 1 column 1 (char 0)"},"timestamp":"2026-08-21 13:27:03,667+0530","service":"FyersAPI"}
{"level":"ERROR","location":"[error:54] fyers_logger","message":{"API":"/history","error":"Expecting value: line 1 column 1 (char 0)"},"timestamp":"2026-08-21 13:27:03,683+0530","service":"FyersAPI"}
{"level":"ERROR","location":"[error:54] fyers_logger","message":{"API":"/history","error":"Expecting value: line 1 column 1 (char 0)"},"timestamp":"2026-08-21 13:27:03,891+0530","service":"FyersAPI"}
{"level":"ERROR","location":"[error:54] fyers_logger","message":{"API":"/history","error":"Expecting value: line 1 column 1 (char 0)"},"timestamp":"2026-08-21 13:27:03,903+0530","service":"FyersAPI"}
{"level":"ERROR","location":"[error:54] fyers_logger","message":{"API":"/history","Error":{"code":429,"message":"request limit reached","s":"error"}},"timestamp":"2026-08-21 13:27:04,230+0530","service":"FyersAPI"}
{"level":"ERROR","location":"[error:54] fyers_logger","message":{"API":"/history","Error":{"code":429,"message":"request limit reached","s":"error"}},"timestamp":"2026-08-21 13:27:04,309+0530","service":"FyersAPI"}
{"level":"ERROR","location":"[error:54] fyers_logger","message":{"API":"/history","error":"Expecting value: line 1 column 1 (char 0)"},"timestamp":"2026-08-21 13:27:04,449+0530","service":"FyersAPI"}
{"level":"ERROR","location":"[error:54] fyers_logger","message":{"API":"/history","error":"Expecting value: line 1 column 1 (char 0)"},"timestamp":"2026-08-21 13:27:04,526+0530","service":"FyersAPI"}
{"level":"ERROR","location":"[error:54] fyers_logger","message":{"API":"/history","error":"Expecting value: line 1 column 1 (char 0)"},"timestamp":"2026-08-21 13:27:04,672+0530","service":"FyersAPI"}
{"level":"ERROR","location":"[error:54] fyers_logger","message":{"API":"/history","error":"Expecting value: line 1 column 1 (char 0)"},"timestamp":"2026-08-21 13:27:04,744+0530","service":"FyersAPI"}
{"level":"ERROR","location":"[error:54] fyers_logger","message":{"API":"/history","error":"Expecting value: line 1 column 1 (char 0)"},"timestamp":"2026-08-21 13:27:04,900+0530","service":"FyersAPI"}
{"level":"ERROR","location":"[error:54] fyers_logger","message":{"API":"/history","error":"Expecting value: line 1 column 1 (char 0)"},"timestamp":"2026-08-21 13:27:04,961+0530","service":"FyersAPI"}
{"level":"ERROR","location":"[error:54] fyers_logger","message":{"API":"/history","Error":{"code":-300,"message":"Invalid symbol provided","s":"error"}},"timestamp":"2026-08-21 13:27:05,789+0530","service":"FyersAPI"}
{"level":"ERROR","location":"[error:54] fyers_logger","message":{"API":"/history","Error":{"code":-300,"message":"Invalid symbol provided","s":"error"}},"timestamp":"2026-08-21 13:27:17,280+0530","service":"FyersAPI"}
{"level":"ERROR","location":"[error:54] fyers_logger","message":{"API":"/history","Error":{"code":-300,"message":"Invalid symbol provided","s":"error"}},"timestamp":"2026-08-21 13:29:49,274+0530","service":"FyersAPI"}
{"level":"ERROR","location":"[error:54] fyers_logger","message":{"API":"/history","Error":{"code":-300,"message":"Invalid symbol provided","s":"error"}},"timestamp":"2026-08-21 13:29:50,321+0530","service":"FyersAPI"}
{"level":"ERROR","location":"[error:54] fyers_logger","message":{"API":"/history","Error":{"code":-300,"message":"Invalid symbol provided","s":"error"}},"timestamp":"2026-08-21 13:30:10,619+0530","service":"FyersAPI"}
{"level":"ERROR","location":"[error:54] fyers_logger","message":{"API":"/history","Error":{"code":-300,"message":"Invalid symbol provided","s":"error"}},"timestamp":"2026-08-21 13:30:21,935+0530","service":"FyersAPI"}
{"level":"ERROR","location":"[error:54] fyers_logger","message":{"API":"/history","Error":{"code":-300,"message":"Invalid symbol provided","s":"error"}},"timestamp":"2026-08-21 13:30:23,191+0530","service":"FyersAPI"}
{"level":"ERROR","location":"[error:54] fyers_logger","message":{"API":"/history","Error":{"code":429,"message":"request limit reached","s":"error"}},"timestamp":"2026-08-21 13:30:36,211+0530","service":"FyersAPI"}
{"level":"ERROR","location":"[error:54] fyers_logger","message":{"API":"/history","Error":{"code":429,"message":"request limit reached","s":"error"}},"timestamp":"2026-08-21 13:30:36,485+0530","service":"FyersAPI"}
{"level":"ERROR","location":"[error:54] fyers_logger","message":{"API":"/history","Error":{"code":429,"message":"request limit reached","s":"error"}},"timestamp":"2026-08-21 13:30:36,577+0530","service":"FyersAPI"}
{"level":"ERROR","location":"[error:54] fyers_logger","message":{"API":"/history","Error":{"code":429,"message":"request limit reached","s":"error"}},"timestamp":"2026-08-21 13:30:36,737+0530","service":"FyersAPI"}
{"level":"ERROR","location":"[error:54] fyers_logger","message":{"API":"/history","Error":{"code":429,"message":"request limit reached","s":"error"}},"timestamp":"2026-08-21 13:30:36,848+0530","service":"FyersAPI"}
{"level":"ERROR","location":"[error:54] fyers_logger","message":{"API":"/history","Error":{"code":429,"message":"request limit reached","s":"error"}},"timestamp":"2026-08-21 13:30:37,045+0530","service":"FyersAPI"}
{"level":"ERROR","location":"[error:54] fyers_logger","message":{"API":"/history","Error":{"code":429,"message":"request limit reached","s":"error"}},"timestamp":"2026-08-21 13:30:37,278+0530","service":"FyersAPI"}
{"level":"ERROR","location":"[error:54] fyers_logger","message":{"API":"/history","Error":{"code":429,"message":"request limit reached","s":"error"}},"timestamp":"2026-08-21 13:30:37,292+0530","service":"FyersAPI"}
{"level":"ERROR","location":"[error:54] fyers_logger","message":{"API":"/history","Error":{"code":429,"message":"request limit reached","s":"error"}},"timestamp":"2026-08-21 13:30:37,540+0530","service":"FyersAPI"}
{"level":"ERROR","location":"[error:54] fyers_logger","message":{"API":"/history","Error":{"code":429,"message":"request limit reached","s":"error"}},"timestamp":"2026-08-21 13:30:37,544+0530","service":"FyersAPI"}
{"level":"ERROR","location":"[error:54] fyers_logger","message":{"API":"/history","Error":{"code":429,"message":"request limit reached","s":"error"}},"timestamp":"2026-08-21 13:30:37,791+0530","service":"FyersAPI"}
{"level":"ERROR","location":"[error:54] fyers_logger","message":{"API":"/history","Error":{"code":429,"message":"request limit reached","s":"error"}},"timestamp":"2026-08-21 13:30:37,791+0530","service":"FyersAPI"}
{"level":"ERROR","location":"[error:54] fyers_logger","message":{"API":"/history","Error":{"code":429,"message":"request limit reached","s":"error"}},"timestamp":"2026-08-21 13:30:38,044+0530","service":"FyersAPI"}
{"level":"ERROR","location":"[error:54] fyers_logger","message":{"API":"/history","Error":{"code":429,"message":"request limit reached","s":"error"}},"timestamp":"2026-08-21 13:30:38,047+0530","service":"FyersAPI"}
{"level":"ERROR","location":"[error:54] fyers_logger","message":{"API":"/history","Error":{"code":429,"message":"request limit reached","s":"error"}},"timestamp":"2026-08-21 13:30:38,294+0530","service":"FyersAPI"}
{"level":"ERROR","location":"[error:54] fyers_logger","message":{"API":"/history","Error":{"code":429,"message":"request limit reached","s":"error"}},"timestamp":"2026-08-21 13:30:38,297+0530","service":"FyersAPI"}
{"level":"ERROR","location":"[error:54] fyers_logger","message":{"API":"/history","Error":{"code":429,"message":"request limit reached","s":"error"}},"timestamp":"2026-08-21 13:30:38,545+0530","service":"FyersAPI"}
{"level":"ERROR","location":"[error:54] fyers_logger","message":{"API":"/history","Error":{"code":429,"message":"request limit reached","s":"error"}},"timestamp":"2026-08-21 13:30:38,548+0530","service":"FyersAPI"}
{"level":"ERROR","location":"[error:54] fyers_logger","message":{"API":"/history","Error":{"code":429,"message":"request limit reached","s":"error"}},"timestamp":"2026-08-21 13:30:38,796+0530","service":"FyersAPI"}
{"level":"ERROR","location":"[error:54] fyers_logger","message":{"API":"/history","Error":{"code":429,"message":"request limit reached","s":"error"}},"timestamp":"2026-08-21 13:30:38,807+0530","service":"FyersAPI"}
{"level":"ERROR","location":"[error:54] fyers_logger","message":{"API":"/history","Error":{"code":429,"message":"request limit reached","s":"error"}},"timestamp":"2026-08-21 13:30:39,043+0530","service":"FyersAPI"}
{"level":"ERROR","location":"[error:54] fyers_logger","message":{"API":"/history","Error":{"code":429,"message":"request limit reached","s":"error"}},"timestamp":"2026-08-21 13:30:39,293+0530","service":"FyersAPI"}
{"level":"ERROR","location":"[error:54] fyers_logger","message":{"API":"/history","Error":{"code":429,"message":"request limit reached","s":"error"}},"timestamp":"2026-08-21 13:30:39,554+0530","service":"FyersAPI"}
{"level":"ERROR","location":"[error:54] fyers_logger","message":{"API":"/history","Error":{"code":429,"message":"request limit reached","s":"error"}},"timestamp":"2026-08-21 13:30:39,661+0530","service":"FyersAPI"}
{"level":"ERROR","location":"[error:54] fyers_logger","message":{"API":"/history","Error":{"code":429,"message":"request limit reached","s":"error"}},"timestamp":"2026-08-21 13:30:39,805+0530","service":"FyersAPI"}
{"level":"ERROR","location":"[error:54] fyers_logger","message":{"API":"/history","Error":{"code":429,"message":"request limit reached","s":"error"}},"timestamp":"2026-08-21 13:30:39,913+0530","service":"FyersAPI"}
{"level":"ERROR","location":"[error:54] fyers_logger","message":{"API":"/history","Error":{"code":429,"message":"request limit reached","s":"error"}},"timestamp":"2026-08-21 13:30:40,051+0530","service":"FyersAPI"}
{"level":"ERROR","location":"[error:54] fyers_logger","message":{"API":"/history","Error":{"code":429,"message":"request limit reached","s":"error"}},"timestamp":"2026-08-21 13:30:40,168+0530","service":"FyersAPI"}
{"level":"ERROR","location":"[error:54] fyers_logger","message":{"API":"/history","Error":{"code":429,"message":"request limit reached","s":"error"}},"timestamp":"2026-08-21 13:30:40,331+0530","service":"FyersAPI"}
{"level":"ERROR","location":"[error:54] fyers_logger","message":{"API":"/history","Error":{"code":429,"message":"request limit reached","s":"error"}},"timestamp":"2026-08-21 13:30:40,420+0530","service":"FyersAPI"}
{"level":"ERROR","location":"[error:54] fyers_logger","message":{"API":"/history","Error":{"code":429,"message":"request limit reached","s":"error"}},"timestamp":"2026-08-21 13:30:40,582+0530","service":"FyersAPI"}
{"level":"ERROR","location":"[error:54] fyers_logger","message":{"API":"/history","Error":{"code":429,"message":"request limit reached","s":"error"}},"timestamp":"2026-08-21 13:30:40,673+0530","service":"FyersAPI"}
{"level":"ERROR","location":"[error:54] fyers_logger","message":{"API":"/history","Error":{"code":429,"message":"request limit reached","s":"error"}},"timestamp":"2026-08-21 13:30:40,837+0530","service":"FyersAPI"}
{"level":"ERROR","location":"[error:54] fyers_logger","message":{"API":"/history","Error":{"code":429,"message":"request limit reached","s":"error"}},"timestamp":"2026-08-21 13:30:40,933+0530","service":"FyersAPI"}
{"level":"ERROR","location":"[error:54] fyers_logger","message":{"API":"/history","Error":{"code":429,"message":"request limit reached","s":"error"}},"timestamp":"2026-08-21 13:30:41,090+0530","service":"FyersAPI"}
{"level":"ERROR","location":"[error:54] fyers_logger","message":{"API":"/history","Error":{"code":429,"message":"request limit reached","s":"error"}},"timestamp":"2026-08-21 13:30:41,208+0530","service":"FyersAPI"}
{"level":"ERROR","location":"[error:54] fyers_logger","message":{"API":"/history","Error":{"code":429,"message":"request limit reached","s":"error"}},"timestamp":"2026-08-21 13:30:41,346+0530","service":"FyersAPI"}
{"level":"ERROR","location":"[error:54] fyers_logger","message":{"API":"/history","Error":{"code":429,"message":"request limit reached","s":"error"}},"timestamp":"2026-08-21 13:30:41,462+0530","service":"FyersAPI"}
{"level":"ERROR","location":"[error:54] fyers_logger","message":{"API":"/history","Error":{"code":429,"message":"request limit reached","s":"error"}},"timestamp":"2026-08-21 13:30:41,626+0530","service":"FyersAPI"}
{"level":"ERROR","location":"[error:54] fyers_logger","message":{"API":"/history","Error":{"code":429,"message":"request limit reached","s":"error"}},"timestamp":"2026-08-21 13:30:41,714+0530","service":"FyersAPI"}
{"level":"ERROR","location":"[error:54] fyers_logger","message":{"API":"/history","Error":{"code":429,"message":"request limit reached","s":"error"}},"timestamp":"2026-08-21 13:30:41,879+0530","service":"FyersAPI"}
{"level":"ERROR","location":"[error:54] fyers_logger","message":{"API":"/history","Error":{"code":429,"message":"request limit reached","s":"error"}},"timestamp":"2026-08-21 13:30:41,967+0530","service":"FyersAPI"}
{"level":"ERROR","location":"[error:54] fyers_logger","message":{"API":"/history","Error":{"code":429,"message":"request limit reached","s":"error"}},"timestamp":"2026-08-21 13:30:42,126+0530","service":"FyersAPI"}
{"level":"ERROR","location":"[error:54] fyers_logger","message":{"API":"/history","Error":{"code":429,"message":"request limit reached","s":"error"}},"timestamp":"2026-08-21 13:30:42,226+0530","service":"FyersAPI"}
{"level":"ERROR","location":"[error:54] fyers_logger","message":{"API":"/history","Error":{"code":429,"message":"request limit reached","s":"error"}},"timestamp":"2026-08-21 13:30:42,400+0530","service":"FyersAPI"}
{"level":"ERROR","location":"[error:54] fyers_logger","message":{"API":"/history","Error":{"code":429,"message":"request limit reached","s":"error"}},"timestamp":"2026-08-21 13:30:42,484+0530","service":"FyersAPI"}
{"level":"ERROR","location":"[error:54] fyers_logger","message":{"API":"/history","Error":{"code":429,"message":"request limit reached","s":"error"}},"timestamp":"2026-08-21 13:30:42,649+0530","service":"FyersAPI"}
{"level":"ERROR","location":"[error:54] fyers_logger","message":{"API":"/history","Error":{"code":429,"message":"request limit reached","s":"error"}},"timestamp":"2026-08-21 13:30:42,745+0530","service":"FyersAPI"}
{"level":"ERROR","location":"[error:54] fyers_logger","message":{"API":"/history","Error":{"code":429,"message":"request limit reached","s":"error"}},"timestamp":"2026-08-21 13:30:42,896+0530","service":"FyersAPI"}
{"level":"ERROR","location":"[error:54] fyers_logger","message":{"API":"/history","Error":{"code":429,"message":"request limit reached","s":"error"}},"timestamp":"2026-08-21 13:30:42,995+0530","service":"FyersAPI"}
{"level":"ERROR","location":"[error:54] fyers_logger","message":{"API":"/history","Error":{"code":429,"message":"request limit reached","s":"error"}},"timestamp":"2026-08-21 13:30:43,147+0530","service":"FyersAPI"}
{"level":"ERROR","location":"[error:54] fyers_logger","message":{"API":"/history","Error":{"code":429,"message":"request limit reached","s":"error"}},"timestamp":"2026-08-21 13:30:43,394+0530","service":"FyersAPI"}
{"level":"ERROR","location":"[error:54] fyers_logger","message":{"API":"/history","Error":{"code":429,"message":"request limit reached","s":"error"}},"timestamp":"2026-08-21 13:30:43,431+0530","service":"FyersAPI"}
{"level":"ERROR","location":"[error:54] fyers_logger","message":{"API":"/history","Error":{"code":429,"message":"request limit reached","s":"error"}},"timestamp":"2026-08-21 13:30:43,643+0530","service":"FyersAPI"}
{"level":"ERROR","location":"[error:54] fyers_logger","message":{"API":"/history","Error":{"code":429,"message":"request limit reached","s":"error"}},"timestamp":"2026-08-21 13:30:43,714+0530","service":"FyersAPI"}
{"level":"ERROR","location":"[error:54] fyers_logger","message":{"API":"/history","Error":{"code":429,"message":"request limit reached","s":"error"}},"timestamp":"2026-08-21 13:30:43,907+0530","service":"FyersAPI"}
{"level":"ERROR","location":"[error:54] fyers_logger","message":{"API":"/history","Error":{"code":429,"message":"request limit reached","s":"error"}},"timestamp":"2026-08-21 13:30:44,156+0530","service":"FyersAPI"}
{"level":"ERROR","location":"[error:54] fyers_logger","message":{"API":"/history","Error":{"code":429,"message":"request limit reached","s":"error"}},"timestamp":"2026-08-21 13:30:44,174+0530","service":"FyersAPI"}
{"level":"ERROR","location":"[error:54] fyers_logger","message":{"API":"/history","Error":{"code":429,"message":"request limit reached","s":"error"}},"timestamp":"2026-08-21 13:30:44,412+0530","service":"FyersAPI"}
{"level":"ERROR","location":"[error:54] fyers_logger","message":{"API":"/history","Error":{"code":429,"message":"request limit reached","s":"error"}},"timestamp":"2026-08-21 13:30:44,427+0530","service":"FyersAPI"}
{"level":"ERROR","location":"[error:54] fyers_logger","message":{"API":"/history","Error":{"code":429,"message":"request limit reached","s":"error"}},"timestamp":"2026-08-21 13:30:44,664+0530","service":"FyersAPI"}
{"level":"ERROR","location":"[error:54] fyers_logger","message":{"API":"/history","Error":{"code":429,"message":"request limit reached","s":"error"}},"timestamp":"2026-08-21 13:30:44,675+0530","service":"FyersAPI"}
{"level":"ERROR","location":"[error:54] fyers_logger","message":{"API":"/history","Error":{"code":429,"message":"request limit reached","s":"error"}},"timestamp":"2026-08-21 13:30:44,913+0530","service":"FyersAPI"}
{"level":"ERROR","location":"[error:54] fyers_logger","message":{"API":"/history","Error":{"code":429,"message":"request limit reached","s":"error"}},"timestamp":"2026-08-21 13:30:44,925+0530","service":"FyersAPI"}
{"level":"ERROR","location":"[error:54] fyers_logger","message":{"API":"/history","Error":{"code":429,"message":"request limit reached","s":"error"}},"timestamp":"2026-08-21 13:30:45,174+0530","service":"FyersAPI"}
{"level":"ERROR","location":"[error:54] fyers_logger","message":{"API":"/history","Error":{"code":429,"message":"request limit reached","s":"error"}},"timestamp":"2026-08-21 13:30:45,177+0530","service":"FyersAPI"}
{"level":"ERROR","location":"[error:54] fyers_logger","message":{"API":"/history","Error":{"code":429,"message":"request limit reached","s":"error"}},"timestamp":"2026-08-21 13:30:45,423+0530","service":"FyersAPI"}
{"level":"ERROR","location":"[error:54] fyers_logger","message":{"API":"/history","Error":{"code":429,"message":"request limit reached","s":"error"}},"timestamp":"2026-08-21 13:30:45,429+0530","service":"FyersAPI"}
{"level":"ERROR","location":"[error:54] fyers_logger","message":{"API":"/history","Error":{"code":429,"message":"request limit reached","s":"error"}},"timestamp":"2026-08-21 13:30:45,675+0530","service":"FyersAPI"}
{"level":"ERROR","location":"[error:54] fyers_logger","message":{"API":"/history","Error":{"code":429,"message":"request limit reached","s":"error"}},"timestamp":"2026-08-21 13:30:45,679+0530","service":"FyersAPI"}
{"level":"ERROR","location":"[error:54] fyers_logger","message":{"API":"/history","Error":{"code":429,"message":"request limit reached","s":"error"}},"timestamp":"2026-08-21 13:30:45,927+0530","service":"FyersAPI"}
{"level":"ERROR","location":"[error:54] fyers_logger","message":{"API":"/history","Error":{"code":429,"message":"request limit reached","s":"error"}},"timestamp":"2026-08-21 13:30:45,939+0530","service":"FyersAPI"}
{"level":"ERROR","location":"[error:54] fyers_logger","message":{"API":"/history","Error":{"code":429,"message":"request limit reached","s":"error"}},"timestamp":"2026-08-21 13:30:46,185+0530","service":"FyersAPI"}
{"level":"ERROR","location":"[error:54] fyers_logger","message":{"API":"/history","Error":{"code":429,"message":"request limit reached","s":"error"}},"timestamp":"2026-08-21 13:30:46,190+0530","service":"FyersAPI"}
{"level":"ERROR","location":"[error:54] fyers_logger","message":{"API":"/history","Error":{"code":429,"message":"request limit reached","s":"error"}},"timestamp":"2026-08-21 13:30:46,435+0530","service":"FyersAPI"}
{"level":"ERROR","location":"[error:54] fyers_logger","message":{"API":"/history","Error":{"code":429,"message":"request limit reached","s":"error"}},"timestamp":"2026-08-21 13:30:46,447+0530","service":"FyersAPI"}
{"level":"ERROR","location":"[error:54] fyers_logger","message":{"API":"/history","Error":{"code":429,"message":"request limit reached","s":"error"}},"timestamp":"2026-08-21 13:30:46,683+0530","service":"FyersAPI"}
{"level":"ERROR","location":"[error:54] fyers_logger","message":{"API":"/history","Error":{"code":429,"message":"request limit reached","s":"error"}},"timestamp":"2026-08-21 13:30:46,699+0530","service":"FyersAPI"}
{"level":"ERROR","location":"[error:54] fyers_logger","message":{"API":"/history","Error":{"code":429,"message":"request limit reached","s":"error"}},"timestamp":"2026-08-21 13:30:46,938+0530","service":"FyersAPI"}
{"level":"ERROR","location":"[error:54] fyers_logger","message":{"API":"/history","Error":{"code":429,"message":"request limit reached","s":"error"}},"timestamp":"2026-08-21 13:30:46,960+0530","service":"FyersAPI"}
{"level":"ERROR","location":"[error:54] fyers_logger","message":{"API":"/history","Error":{"code":429,"message":"request limit reached","s":"error"}},"timestamp":"2026-08-21 13:30:47,189+0530","service":"FyersAPI"}
{"level":"ERROR","location":"[error:54] fyers_logger","message":{"API":"/history","Error":{"code":429,"message":"request limit reached","s":"error"}},"timestamp":"2026-08-21 13:30:47,252+0530","service":"FyersAPI"}
{"level":"ERROR","location":"[error:54] fyers_logger","message":{"API":"/history","Error":{"code":429,"message":"request limit reached","s":"error"}},"timestamp":"2026-08-21 13:30:47,443+0530","service":"FyersAPI"}
{"level":"ERROR","location":"[error:54] fyers_logger","message":{"API":"/history","Error":{"code":429,"message":"request limit reached","s":"error"}},"timestamp":"2026-08-21 13:30:47,584+0530","service":"FyersAPI"}
{"level":"ERROR","location":"[error:54] fyers_logger","message":{"API":"/history","Error":{"code":429,"message":"request limit reached","s":"error"}},"timestamp":"2026-08-21 13:30:47,700+0530","service":"FyersAPI"}
{"level":"ERROR","location":"[error:54] fyers_logger","message":{"API":"/history","Error":{"code":429,"message":"request limit reached","s":"error"}},"timestamp":"2026-08-21 13:30:47,851+0530","service":"FyersAPI"}
{"level":"ERROR","location":"[error:54] fyers_logger","message":{"API":"/history","Error":{"code":429,"message":"request limit reached","s":"error"}},"timestamp":"2026-08-21 13:30:47,948+0530","service":"FyersAPI"}
{"level":"ERROR","location":"[error:54] fyers_logger","message":{"API":"/history","Error":{"code":429,"message":"request limit reached","s":"error"}},"timestamp":"2026-08-21 13:30:48,103+0530","service":"FyersAPI"}
{"level":"ERROR","location":"[error:54] fyers_logger","message":{"API":"/history","Error":{"code":429,"message":"request limit reached","s":"error"}},"timestamp":"2026-08-21 13:30:48,201+0530","service":"FyersAPI"}
{"level":"ERROR","location":"[error:54] fyers_logger","message":{"API":"/history","Error":{"code":429,"message":"request limit reached","s":"error"}},"timestamp":"2026-08-21 13:30:48,355+0530","service":"FyersAPI"}
{"level":"ERROR","location":"[error:54] fyers_logger","message":{"API":"/history","Error":{"code":429,"message":"request limit reached","s":"error"}},"timestamp":"2026-08-21 13:30:48,448+0530","service":"FyersAPI"}
{"level":"ERROR","location":"[error:54] fyers_logger","message":{"API":"/history","Error":{"code":429,"message":"request limit reached","s":"error"}},"timestamp":"2026-08-21 13:30:48,605+0530","service":"FyersAPI"}
{"level":"ERROR","location":"[error:54] fyers_logger","message":{"API":"/history","Error":{"code":429,"message":"request limit reached","s":"error"}},"timestamp":"2026-08-21 13:30:48,700+0530","service":"FyersAPI"}
{"level":"ERROR","location":"[error:54] fyers_logger","message":{"API":"/history","Error":{"code":429,"message":"request limit reached","s":"error"}},"timestamp":"2026-08-21 13:30:48,858+0530","service":"FyersAPI"}
{"level":"ERROR","location":"[error:54] fyers_logger","message":{"API":"/history","error":"Expecting value: line 1 column 1 (char 0)"},"timestamp":"2026-08-21 13:30:48,921+0530","service":"FyersAPI"}
{"level":"ERROR","location":"[error:54] fyers_logger","message":{"API":"/history","error":"Expecting value: line 1 column 1 (char 0)"},"timestamp":"2026-08-21 13:30:49,146+0530","service":"FyersAPI"}
{"level":"ERROR","location":"[error:54] fyers_logger","message":{"API":"/history","error":"Expecting value: line 1 column 1 (char 0)"},"timestamp":"2026-08-21 13:30:49,373+0530","service":"FyersAPI"}
{"level":"ERROR","location":"[error:54] fyers_logger","message":{"API":"/history","error":"Expecting value: line 1 column 1 (char 0)"},"timestamp":"2026-08-21 13:30:49,597+0530","service":"FyersAPI"}
{"level":"ERROR","location":"[error:54] fyers_logger","message":{"API":"/history","error":"Expecting value: line 1 column 1 (char 0)"},"timestamp":"2026-08-21 13:30:49,819+0530","service":"FyersAPI"}
{"level":"ERROR","location":"[error:54] fyers_logger","message":{"API":"/history","error":"Expecting value: line 1 column 1 (char 0)"},"timestamp":"2026-08-21 13:30:50,039+0530","service":"FyersAPI"}
{"level":"ERROR","location":"[error:54] fyers_logger","message":{"API":"/history","error":"Expecting value: line 1 column 1 (char 0)"},"timestamp":"2026-08-21 13:30:50,261+0530","service":"FyersAPI"}
{"level":"ERROR","location":"[error:54] fyers_logger","message":{"API":"/history","error":"Expecting value: line 1 column 1 (char 0)"},"timestamp":"2026-08-21 13:30:50,483+0530","service":"FyersAPI"}
{"level":"ERROR","location":"[error:54] fyers_logger","message":{"API":"/history","error":"Expecting value: line 1 column 1 (char 0)"},"timestamp":"2026-08-21 13:30:50,704+0530","service":"FyersAPI"}
{"level":"ERROR","location":"[error:54] fyers_logger","message":{"API":"/history","error":"Expecting value: line 1 column 1 (char 0)"},"timestamp":"2026-08-21 13:30:50,923+0530","service":"FyersAPI"}
{"level":"ERROR","location":"[error:54] fyers_logger","message":{"API":"/history","error":"Expecting value: line 1 column 1 (char 0)"},"timestamp":"2026-08-21 13:30:51,160+0530","service":"FyersAPI"}
{"level":"ERROR","location":"[error:54] fyers_logger","message":{"API":"/history","error":"Expecting value: line 1 column 1 (char 0)"},"timestamp":"2026-08-21 13:30:51,383+0530","service":"FyersAPI"}
{"level":"ERROR","location":"[error:54] fyers_logger","message":{"API":"/history","error":"Expecting value: line 1 column 1 (char 0)"},"timestamp":"2026-08-21 13:30:51,603+0530","service":"FyersAPI"}
{"level":"ERROR","location":"[error:54] fyers_logger","message":{"API":"/history","error":"Expecting value: line 1 column 1 (char 0)"},"timestamp":"2026-08-21 13:30:51,828+0530","service":"FyersAPI"}
{"level":"ERROR","location":"[error:54] fyers_logger","message":{"API":"/history","error":"Expecting value: line 1 column 1 (char 0)"},"timestamp":"2026-08-21 13:30:52,050+0530","service":"FyersAPI"}
{"level":"ERROR","location":"[error:54] fyers_logger","message":{"API":"/history","error":"Expecting value: line 1 column 1 (char 0)"},"timestamp":"2026-08-21 13:30:52,271+0530","service":"FyersAPI"}
{"level":"ERROR","location":"[error:54] fyers_logger","message":{"API":"/history","Error":{"code":-300,"message":"Invalid symbol provided","s":"error"}},"timestamp":"2026-08-21 13:31:28,100+0530","service":"FyersAPI"}
{"level":"ERROR","location":"[error:54] fyers_logger","message":{"API":"/history","Error":{"code":-300,"message":"Invalid symbol provided","s":"error"}},"timestamp":"2026-08-21 13:36:13,334+0530","service":"FyersAPI"}
{"level":"ERROR","location":"[error:54] fyers_logger","message":{"API":"/history","Error":{"code":-300,"message":"Invalid symbol provided","s":"error"}},"timestamp":"2026-08-21 13:36:14,447+0530","service":"FyersAPI"}
{"level":"ERROR","location":"[error:54] fyers_logger","message":{"API":"/history","Error":{"code":-300,"message":"Invalid symbol provided","s":"error"}},"timestamp":"2026-08-21 13:36:34,654+0530","service":"FyersAPI"}
{"level":"ERROR","location":"[error:54] fyers_logger","message":{"API":"/history","Error":{"code":-300,"message":"Invalid symbol provided","s":"error"}},"timestamp":"2026-08-21 13:37:19,124+0530","service":"FyersAPI"}
{"level":"ERROR","location":"[error:54] fyers_logger","message":{"API":"/history","Error":{"code":-300,"message":"Invalid symbol provided","s":"error"}},"timestamp":"2026-08-21 13:38:55,404+0530","service":"FyersAPI"}
{"level":"ERROR","location":"[error:54] fyers_logger","message":{"API":"/history","Error":{"code":-300,"message":"Invalid symbol provided","s":"error"}},"timestamp":"2026-08-21 13:38:56,765+0530","service":"FyersAPI"}
{"level":"ERROR","location":"[error:54] fyers_logger","message":{"API":"/history","Error":{"code":-300,"message":"Invalid symbol provided","s":"error"}},"timestamp":"2026-08-21 13:39:18,230+0530","service":"FyersAPI"}
{"level":"ERROR","location":"[error:54] fyers_logger","message":{"API":"/history","Error":{"code":-300,"message":"Invalid symbol provided","s":"error"}},"timestamp":"2026-08-21 13:40:03,337+0530","service":"FyersAPI"}
{"level":"ERROR","location":"[error:54] fyers_logger","message":{"API":"/history","Error":{"code":-50,"data":{"range_to":"Date range cannot exceed 366 days for 1D, 1W, and 1M resolutions."},"message":"Invalid input","s":"error"}},"timestamp":"2026-08-21 13:45:35,336+0530","service":"FyersAPI"}
{"level":"ERROR","location":"[error:54] fyers_logger","message":{"API":"/history","Error":{"code":-50,"data":{"range_to":"Date range cannot exceed 366 days for 1D, 1W, and 1M resolutions."},"message":"Invalid input","s":"error"}},"timestamp":"2026-08-21 13:45:35,895+0530","service":"FyersAPI"}
{"level":"ERROR","location":"[error:54] fyers_logger","message":{"API":"/history","Error":{"code":-50,"data":{"range_to":"Date range cannot exceed 366 days for 1D, 1W, and 1M resolutions."},"message":"Invalid input","s":"error"}},"timestamp":"2026-08-21 13:46:26,435+0530","service":"FyersAPI"}
{"level":"ERROR","location":"[error:54] fyers_logger","message":{"API":"/history","Error":{"code":-50,"data":{"range_to":"Date range cannot exceed 366 days for 1D, 1W, and 1M resolutions."},"message":"Invalid input","s":"error"}},"timestamp":"2026-08-21 13:46:34,670+0530","service":"FyersAPI"}
{"level":"ERROR","location":"[error:54] fyers_logger","message":{"API":"/history","Error":{"code":-50,"data":{"range_to":"Date range cannot exceed 366 days for 1D, 1W, and 1M resolutions."},"message":"Invalid input","s":"error"}},"timestamp":"2026-08-21 13:46:51,168+0530","service":"FyersAPI"}
{"level":"ERROR","location":"[error:54] fyers_logger","message":{"API":"/history","Error":{"code":-50,"data":{"range_to":"Date range cannot exceed 366 days for 1D, 1W, and 1M resolutions."},"message":"Invalid input","s":"error"}},"timestamp":"2026-08-21 13:47:06,292+0530","service":"FyersAPI"}
{"level":"ERROR","location":"[error:54] fyers_logger","message":{"API":"/history","Error":{"code":-50,"data":{"range_to":"Date range cannot exceed 366 days for 1D, 1W, and 1M resolutions."},"message":"Invalid input","s":"error"}},"timestamp":"2026-08-21 13:47:13,527+0530","service":"FyersAPI"}
{"level":"ERROR","location":"[error:54] fyers_logger","message":{"API":"/history","Error":{"code":-50,"data":{"range_to":"Date range cannot exceed 366 days for 1D, 1W, and 1M resolutions."},"message":"Invalid input","s":"error"}},"timestamp":"2026-08-21 13:47:13,597+0530","service":"FyersAPI"}
{"level":"ERROR","location":"[error:54] fyers_logger","message":{"API":"/history","Error":{"code":-300,"message":"Invalid symbol provided","s":"error"}},"timestamp":"2026-08-21 13:51:20,425+0530","service":"FyersAPI"}
{"level":"ERROR","location":"[error:54] fyers_logger","message":{"API":"/history","Error":{"code":-300,"message":"Invalid symbol provided","s":"error"}},"timestamp":"2026-08-21 13:51:21,497+0530","service":"FyersAPI"}
{"level":"ERROR","location":"[error:54] fyers_logger","message":{"API":"/history","Error":{"code":-300,"message":"Invalid symbol provided","s":"error"}},"timestamp":"2026-08-21 13:51:34,547+0530","service":"FyersAPI"}
{"level":"ERROR","location":"[error:54] fyers_logger","message":{"API":"/history","Error":{"code":-300,"message":"Invalid symbol provided","s":"error"}},"timestamp":"2026-08-21 13:51:35,635+0530","service":"FyersAPI"}
{"level":"ERROR","location":"[error:54] fyers_logger","message":{"API":"/history","Error":{"code":-300,"message":"Invalid symbol provided","s":"error"}},"timestamp":"2026-08-21 13:51:40,222+0530","service":"FyersAPI"}
{"level":"ERROR","location":"[error:54] fyers_logger","message":{"API":"/history","Error":{"code":-300,"message":"Invalid symbol provided","s":"error"}},"timestamp":"2026-08-21 13:51:56,047+0530","service":"FyersAPI"}
{"level":"ERROR","location":"[error:54] fyers_logger","message":{"API":"/history","Error":{"code":429,"message":"request limit reached","s":"error"}},"timestamp":"2026-08-21 13:51:56,301+0530","service":"FyersAPI"}
{"level":"ERROR","location":"[error:54] fyers_logger","message":{"API":"/history","Error":{"code":429,"message":"request limit reached","s":"error"}},"timestamp":"2026-08-21 13:51:56,479+0530","service":"FyersAPI"}
{"level":"ERROR","location":"[error:54] fyers_logger","message":{"API":"/history","Error":{"code":429,"message":"request limit reached","s":"error"}},"timestamp":"2026-08-21 13:51:56,552+0530","service":"FyersAPI"}
{"level":"ERROR","location":"[error:54] fyers_logger","message":{"API":"/history","Error":{"code":429,"message":"request limit reached","s":"error"}},"timestamp":"2026-08-21 13:51:56,732+0530","service":"FyersAPI"}
{"level":"ERROR","location":"[error:54] fyers_logger","message":{"API":"/history","Error":{"code":429,"message":"request limit reached","s":"error"}},"timestamp":"2026-08-21 13:51:56,803+0530","service":"FyersAPI"}
{"level":"ERROR","location":"[error:54] fyers_logger","message":{"API":"/history","Error":{"code":429,"message":"request limit reached","s":"error"}},"timestamp":"2026-08-21 13:51:56,984+0530","service":"FyersAPI"}
{"level":"ERROR","location":"[error:54] fyers_logger","message":{"API":"/history","Error":{"code":429,"message":"request limit reached","s":"error"}},"timestamp":"2026-08-21 13:51:57,064+0530","service":"FyersAPI"}
{"level":"ERROR","location":"[error:54] fyers_logger","message":{"API":"/history","Error":{"code":429,"message":"request limit reached","s":"error"}},"timestamp":"2026-08-21 13:51:57,299+0530","service":"FyersAPI"}
{"level":"ERROR","location":"[error:54] fyers_logger","message":{"API":"/history","Error":{"code":429,"message":"request limit reached","s":"error"}},"timestamp":"2026-08-21 13:51:57,323+0530","service":"FyersAPI"}
{"level":"ERROR","location":"[error:54] fyers_logger","message":{"API":"/history","Error":{"code":429,"message":"request limit reached","s":"error"}},"timestamp":"2026-08-21 13:51:57,548+0530","service":"FyersAPI"}
{"level":"ERROR","location":"[error:54] fyers_logger","message":{"API":"/history","Error":{"code":429,"message":"request limit reached","s":"error"}},"timestamp":"2026-08-21 13:51:57,583+0530","service":"FyersAPI"}
{"level":"ERROR","location":"[error:54] fyers_logger","message":{"API":"/history","Error":{"code":429,"message":"request limit reached","s":"error"}},"timestamp":"2026-08-21 13:51:57,799+0530","service":"FyersAPI"}
{"level":"ERROR","location":"[error:54] fyers_logger","message":{"API":"/history","Error":{"code":429,"message":"request limit reached","s":"error"}},"timestamp":"2026-08-21 13:51:58,051+0530","service":"FyersAPI"}
{"level":"ERROR","location":"[error:54] fyers_logger","message":{"API":"/history","Error":{"code":429,"message":"request limit reached","s":"error"}},"timestamp":"2026-08-21 13:51:58,074+0530","service":"FyersAPI"}
{"level":"ERROR","location":"[error:54] fyers_logger","message":{"API":"/history","Error":{"code":429,"message":"request limit reached","s":"error"}},"timestamp":"2026-08-21 13:51:58,309+0530","service":"FyersAPI"}
{"level":"ERROR","location":"[error:54] fyers_logger","message":{"API":"/history","Error":{"code":429,"message":"request limit reached","s":"error"}},"timestamp":"2026-08-21 13:51:58,480+0530","service":"FyersAPI"}
{"level":"ERROR","location":"[error:54] fyers_logger","message":{"API":"/history","Error":{"code":429,"message":"request limit reached","s":"error"}},"timestamp":"2026-08-21 13:51:58,564+0530","service":"FyersAPI"}
{"level":"ERROR","location":"[error:54] fyers_logger","message":{"API":"/history","Error":{"code":429,"message":"request limit reached","s":"error"}},"timestamp":"2026-08-21 13:51:58,731+0530","service":"FyersAPI"}
{"level":"ERROR","location":"[error:54] fyers_logger","message":{"API":"/history","Error":{"code":429,"message":"request limit reached","s":"error"}},"timestamp":"2026-08-21 13:51:58,814+0530","service":"FyersAPI"}
{"level":"ERROR","location":"[error:54] fyers_logger","message":{"API":"/history","Error":{"code":429,"message":"request limit reached","s":"error"}},"timestamp":"2026-08-21 13:51:59,029+0530","service":"FyersAPI"}
{"level":"ERROR","location":"[error:54] fyers_logger","message":{"API":"/history","Error":{"code":429,"message":"request limit reached","s":"error"}},"timestamp":"2026-08-21 13:51:59,079+0530","service":"FyersAPI"}
{"level":"ERROR","location":"[error:54] fyers_logger","message":{"API":"/history","Error":{"code":429,"message":"request limit reached","s":"error"}},"timestamp":"2026-08-21 13:51:59,288+0530","service":"FyersAPI"}
{"level":"ERROR","location":"[error:54] fyers_logger","message":{"API":"/history","Error":{"code":429,"message":"request limit reached","s":"error"}},"timestamp":"2026-08-21 13:51:59,329+0530","service":"FyersAPI"}
{"level":"ERROR","location":"[error:54] fyers_logger","message":{"API":"/history","Error":{"code":429,"message":"request limit reached","s":"error"}},"timestamp":"2026-08-21 13:51:59,548+0530","service":"FyersAPI"}
{"level":"ERROR","location":"[error:54] fyers_logger","message":{"API":"/history","Error":{"code":429,"message":"request limit reached","s":"error"}},"timestamp":"2026-08-21 13:51:59,579+0530","service":"FyersAPI"}
{"level":"ERROR","location":"[error:54] fyers_logger","message":{"API":"/history","Error":{"code":429,"message":"request limit reached","s":"error"}},"timestamp":"2026-08-21 13:51:59,800+0530","service":"FyersAPI"}
{"level":"ERROR","location":"[error:54] fyers_logger","message":{"API":"/history","Error":{"code":429,"message":"request limit reached","s":"error"}},"timestamp":"2026-08-21 13:51:59,829+0530","service":"FyersAPI"}
{"level":"ERROR","location":"[error:54] fyers_logger","message":{"API":"/history","Error":{"code":429,"message":"request limit reached","s":"error"}},"timestamp":"2026-08-21 13:52:00,056+0530","service":"FyersAPI"}
{"level":"ERROR","location":"[error:54] fyers_logger","message":{"API":"/history","Error":{"code":429,"message":"request limit reached","s":"error"}},"timestamp":"2026-08-21 13:52:00,079+0530","service":"FyersAPI"}
{"level":"ERROR","location":"[error:54] fyers_logger","message":{"API":"/history","Error":{"code":429,"message":"request limit reached","s":"error"}},"timestamp":"2026-08-21 13:52:00,318+0530","service":"FyersAPI"}
{"level":"ERROR","location":"[error:54] fyers_logger","message":{"API":"/history","Error":{"code":429,"message":"request limit reached","s":"error"}},"timestamp":"2026-08-21 13:52:00,434+0530","service":"FyersAPI"}
{"level":"ERROR","location":"[error:54] fyers_logger","message":{"API":"/history","Error":{"code":429,"message":"request limit reached","s":"error"}},"timestamp":"2026-08-21 13:52:00,573+0530","service":"FyersAPI"}
{"level":"ERROR","location":"[error:54] fyers_logger","message":{"API":"/history","Error":{"code":429,"message":"request limit reached","s":"error"}},"timestamp":"2026-08-21 13:52:00,725+0530","service":"FyersAPI"}
{"level":"ERROR","location":"[error:54] fyers_logger","message":{"API":"/history","Error":{"code":429,"message":"request limit reached","s":"error"}},"timestamp":"2026-08-21 13:52:00,846+0530","service":"FyersAPI"}
{"level":"ERROR","location":"[error:54] fyers_logger","message":{"API":"/history","Error":{"code":429,"message":"request limit reached","s":"error"}},"timestamp":"2026-08-21 13:52:01,008+0530","service":"FyersAPI"}
{"level":"ERROR","location":"[error:54] fyers_logger","message":{"API":"/history","Error":{"code":429,"message":"request limit reached","s":"error"}},"timestamp":"2026-08-21 13:52:01,099+0530","service":"FyersAPI"}
{"level":"ERROR","location":"[error:54] fyers_logger","message":{"API":"/history","Error":{"code":429,"message":"request limit reached","s":"error"}},"timestamp":"2026-08-21 13:52:01,283+0530","service":"FyersAPI"}
{"level":"ERROR","location":"[error:54] fyers_logger","message":{"API":"/history","Error":{"code":429,"message":"request limit reached","s":"error"}},"timestamp":"2026-08-21 13:52:01,379+0530","service":"FyersAPI"}
{"level":"ERROR","location":"[error:54] fyers_logger","message":{"API":"/history","Error":{"code":429,"message":"request limit reached","s":"error"}},"timestamp":"2026-08-21 13:52:01,573+0530","service":"FyersAPI"}
{"level":"ERROR","location":"[error:54] fyers_logger","message":{"API":"/history","Error":{"code":429,"message":"request limit reached","s":"error"}},"timestamp":"2026-08-21 13:52:01,663+0530","service":"FyersAPI"}
{"level":"ERROR","location":"[error:54] fyers_logger","message":{"API":"/history","Error":{"code":429,"message":"request limit reached","s":"error"}},"timestamp":"2026-08-21 13:52:01,838+0530","service":"FyersAPI"}
{"level":"ERROR","location":"[error:54] fyers_logger","message":{"API":"/history","Error":{"code":429,"message":"request limit reached","s":"error"}},"timestamp":"2026-08-21 13:52:01,927+0530","service":"FyersAPI"}
{"level":"ERROR","location":"[error:54] fyers_logger","message":{"API":"/history","Error":{"code":429,"message":"request limit reached","s":"error"}},"timestamp":"2026-08-21 13:52:02,095+0530","service":"FyersAPI"}
{"level":"ERROR","location":"[error:54] fyers_logger","message":{"API":"/history","Error":{"code":429,"message":"request limit reached","s":"error"}},"timestamp":"2026-08-21 13:52:02,205+0530","service":"FyersAPI"}
{"level":"ERROR","location":"[error:54] fyers_logger","message":{"API":"/history","Error":{"code":429,"message":"request limit reached","s":"error"}},"timestamp":"2026-08-21 13:52:02,373+0530","service":"FyersAPI"}
{"level":"ERROR","location":"[error:54] fyers_logger","message":{"API":"/history","Error":{"code":429,"message":"request limit reached","s":"error"}},"timestamp":"2026-08-21 13:52:02,488+0530","service":"FyersAPI"}
{"level":"ERROR","location":"[error:54] fyers_logger","message":{"API":"/history","Error":{"code":429,"message":"request limit reached","s":"error"}},"timestamp":"2026-08-21 13:52:02,631+0530","service":"FyersAPI"}
{"level":"ERROR","location":"[error:54] fyers_logger","message":{"API":"/history","Error":{"code":429,"message":"request limit reached","s":"error"}},"timestamp":"2026-08-21 13:52:02,759+0530","service":"FyersAPI"}
{"level":"ERROR","location":"[error:54] fyers_logger","message":{"API":"/history","Error":{"code":429,"message":"request limit reached","s":"error"}},"timestamp":"2026-08-21 13:52:02,885+0530","service":"FyersAPI"}
{"level":"ERROR","location":"[error:54] fyers_logger","message":{"API":"/history","Error":{"code":429,"message":"request limit reached","s":"error"}},"timestamp":"2026-08-21 13:52:03,021+0530","service":"FyersAPI"}
{"level":"ERROR","location":"[error:54] fyers_logger","message":{"API":"/history","Error":{"code":429,"message":"request limit reached","s":"error"}},"timestamp":"2026-08-21 13:52:03,136+0530","service":"FyersAPI"}
{"level":"ERROR","location":"[error:54] fyers_logger","message":{"API":"/history","Error":{"code":429,"message":"request limit reached","s":"error"}},"timestamp":"2026-08-21 13:52:03,339+0530","service":"FyersAPI"}
{"level":"ERROR","location":"[error:54] fyers_logger","message":{"API":"/history","Error":{"code":429,"message":"request limit reached","s":"error"}},"timestamp":"2026-08-21 13:52:03,392+0530","service":"FyersAPI"}
{"level":"ERROR","location":"[error:54] fyers_logger","message":{"API":"/history","Error":{"code":429,"message":"request limit reached","s":"error"}},"timestamp":"2026-08-21 13:52:03,609+0530","service":"FyersAPI"}
{"level":"ERROR","location":"[error:54] fyers_logger","message":{"API":"/history","Error":{"code":429,"message":"request limit reached","s":"error"}},"timestamp":"2026-08-21 13:52:03,664+0530","service":"FyersAPI"}
{"level":"ERROR","location":"[error:54] fyers_logger","message":{"API":"/history","Error":{"code":429,"message":"request limit reached","s":"error"}},"timestamp":"2026-08-21 13:52:03,874+0530","service":"FyersAPI"}
{"level":"ERROR","location":"[error:54] fyers_logger","message":{"API":"/history","Error":{"code":429,"message":"request limit reached","s":"error"}},"timestamp":"2026-08-21 13:52:03,911+0530","service":"FyersAPI"}
{"level":"ERROR","location":"[error:54] fyers_logger","message":{"API":"/history","Error":{"code":429,"message":"request limit reached","s":"error"}},"timestamp":"2026-08-21 13:52:04,127+0530","service":"FyersAPI"}
{"level":"ERROR","location":"[error:54] fyers_logger","message":{"API":"/history","Error":{"code":429,"message":"request limit reached","s":"error"}},"timestamp":"2026-08-21 13:52:04,163+0530","service":"FyersAPI"}
{"level":"ERROR","location":"[error:54] fyers_logger","message":{"API":"/history","Error":{"code":429,"message":"request limit reached","s":"error"}},"timestamp":"2026-08-21 13:52:04,401+0530","service":"FyersAPI"}
{"level":"ERROR","location":"[error:54] fyers_logger","message":{"API":"/history","Error":{"code":429,"message":"request limit reached","s":"error"}},"timestamp":"2026-08-21 13:52:04,431+0530","service":"FyersAPI"}
{"level":"ERROR","location":"[error:54] fyers_logger","message":{"API":"/history","Error":{"code":429,"message":"request limit reached","s":"error"}},"timestamp":"2026-08-21 13:52:04,666+0530","service":"FyersAPI"}
{"level":"ERROR","location":"[error:54] fyers_logger","message":{"API":"/history","Error":{"code":429,"message":"request limit reached","s":"error"}},"timestamp":"2026-08-21 13:52:04,698+0530","service":"FyersAPI"}
{"level":"ERROR","location":"[error:54] fyers_logger","message":{"API":"/history","Error":{"code":429,"message":"request limit reached","s":"error"}},"timestamp":"2026-08-21 13:52:04,924+0530","service":"FyersAPI"}
{"level":"ERROR","location":"[error:54] fyers_logger","message":{"API":"/history","Error":{"code":429,"message":"request limit reached","s":"error"}},"timestamp":"2026-08-21 13:52:04,957+0530","service":"FyersAPI"}
{"level":"ERROR","location":"[error:54] fyers_logger","message":{"API":"/history","Error":{"code":429,"message":"request limit reached","s":"error"}},"timestamp":"2026-08-21 13:52:05,182+0530","service":"FyersAPI"}
{"level":"ERROR","location":"[error:54] fyers_logger","message":{"API":"/history","Error":{"code":429,"message":"request limit reached","s":"error"}},"timestamp":"2026-08-21 13:52:05,207+0530","service":"FyersAPI"}
{"level":"ERROR","location":"[error:54] fyers_logger","message":{"API":"/history","Error":{"code":429,"message":"request limit reached","s":"error"}},"timestamp":"2026-08-21 13:52:05,506+0530","service":"FyersAPI"}
{"level":"ERROR","location":"[error:54] fyers_logger","message":{"API":"/history","Error":{"code":429,"message":"request limit reached","s":"error"}},"timestamp":"2026-08-21 13:52:05,573+0530","service":"FyersAPI"}
{"level":"ERROR","location":"[error:54] fyers_logger","message":{"API":"/history","Error":{"code":429,"message":"request limit reached","s":"error"}},"timestamp":"2026-08-21 13:52:05,753+0530","service":"FyersAPI"}
{"level":"ERROR","location":"[error:54] fyers_logger","message":{"API":"/history","Error":{"code":429,"message":"request limit reached","s":"error"}},"timestamp":"2026-08-21 13:52:05,841+0530","service":"FyersAPI"}
{"level":"ERROR","location":"[error:54] fyers_logger","message":{"API":"/history","Error":{"code":429,"message":"request limit reached","s":"error"}},"timestamp":"2026-08-21 13:52:06,006+0530","service":"FyersAPI"}
{"level":"ERROR","location":"[error:54] fyers_logger","message":{"API":"/history","Error":{"code":429,"message":"request limit reached","s":"error"}},"timestamp":"2026-08-21 13:52:06,099+0530","service":"FyersAPI"}
{"level":"ERROR","location":"[error:54] fyers_logger","message":{"API":"/history","Error":{"code":429,"message":"request limit reached","s":"error"}},"timestamp":"2026-08-21 13:52:06,253+0530","service":"FyersAPI"}
{"level":"ERROR","location":"[error:54] fyers_logger","message":{"API":"/history","Error":{"code":429,"message":"request limit reached","s":"error"}},"timestamp":"2026-08-21 13:52:06,360+0530","service":"FyersAPI"}
{"level":"ERROR","location":"[error:54] fyers_logger","message":{"API":"/history","Error":{"code":429,"message":"request limit reached","s":"error"}},"timestamp":"2026-08-21 13:52:06,505+0530","service":"FyersAPI"}
{"level":"ERROR","location":"[error:54] fyers_logger","message":{"API":"/history","Error":{"code":429,"message":"request limit reached","s":"error"}},"timestamp":"2026-08-21 13:52:06,612+0530","service":"FyersAPI"}
{"level":"ERROR","location":"[error:54] fyers_logger","message":{"API":"/history","Error":{"code":429,"message":"request limit reached","s":"error"}},"timestamp":"2026-08-21 13:52:06,752+0530","service":"FyersAPI"}
{"level":"ERROR","location":"[error:54] fyers_logger","message":{"API":"/history","Error":{"code":429,"message":"request limit reached","s":"error"}},"timestamp":"2026-08-21 13:52:06,865+0530","service":"FyersAPI"}
{"level":"ERROR","location":"[error:54] fyers_logger","message":{"API":"/history","Error":{"code":429,"message":"request limit reached","s":"error"}},"timestamp":"2026-08-21 13:52:07,023+0530","service":"FyersAPI"}
{"level":"ERROR","location":"[error:54] fyers_logger","message":{"API":"/history","Error":{"code":429,"message":"request limit reached","s":"error"}},"timestamp":"2026-08-21 13:52:07,120+0530","service":"FyersAPI"}
{"level":"ERROR","location":"[error:54] fyers_logger","message":{"API":"/history","Error":{"code":429,"message":"request limit reached","s":"error"}},"timestamp":"2026-08-21 13:52:07,290+0530","service":"FyersAPI"}
{"level":"ERROR","location":"[error:54] fyers_logger","message":{"API":"/history","Error":{"code":429,"message":"request limit reached","s":"error"}},"timestamp":"2026-08-21 13:52:07,380+0530","service":"FyersAPI"}
{"level":"ERROR","location":"[error:54] fyers_logger","message":{"API":"/history","Error":{"code":429,"message":"request limit reached","s":"error"}},"timestamp":"2026-08-21 13:52:07,542+0530","service":"FyersAPI"}
{"level":"ERROR","location":"[error:54] fyers_logger","message":{"API":"/history","Error":{"code":429,"message":"request limit reached","s":"error"}},"timestamp":"2026-08-21 13:52:07,639+0530","service":"FyersAPI"}
{"level":"ERROR","location":"[error:54] fyers_logger","message":{"API":"/history","Error":{"code":429,"message":"request limit reached","s":"error"}},"timestamp":"2026-08-21 13:52:07,821+0530","service":"FyersAPI"}
{"level":"ERROR","location":"[error:54] fyers_logger","message":{"API":"/history","Error":{"code":429,"message":"request limit reached","s":"error"}},"timestamp":"2026-08-21 13:52:07,890+0530","service":"FyersAPI"}
{"level":"ERROR","location":"[error:54] fyers_logger","message":{"API":"/history","Error":{"code":429,"message":"request limit reached","s":"error"}},"timestamp":"2026-08-21 13:52:08,138+0530","service":"FyersAPI"}
{"level":"ERROR","location":"[error:54] fyers_logger","message":{"API":"/history","Error":{"code":429,"message":"request limit reached","s":"error"}},"timestamp":"2026-08-21 13:52:08,146+0530","service":"FyersAPI"}
{"level":"ERROR","location":"[error:54] fyers_logger","message":{"API":"/history","Error":{"code":429,"message":"request limit reached","s":"error"}},"timestamp":"2026-08-21 13:52:08,392+0530","service":"FyersAPI"}
{"level":"ERROR","location":"[error:54] fyers_logger","message":{"API":"/history","Error":{"code":429,"message":"request limit reached","s":"error"}},"timestamp":"2026-08-21 13:52:08,435+0530","service":"FyersAPI"}
{"level":"ERROR","location":"[error:54] fyers_logger","message":{"API":"/history","Error":{"code":429,"message":"request limit reached","s":"error"}},"timestamp":"2026-08-21 13:52:08,649+0530","service":"FyersAPI"}
{"level":"ERROR","location":"[error:54] fyers_logger","message":{"API":"/history","Error":{"code":429,"message":"request limit reached","s":"error"}},"timestamp":"2026-08-21 13:52:08,690+0530","service":"FyersAPI"}
{"level":"ERROR","location":"[error:54] fyers_logger","message":{"API":"/history","Error":{"code":429,"message":"request limit reached","s":"error"}},"timestamp":"2026-08-21 13:52:08,899+0530","service":"FyersAPI"}
{"level":"ERROR","location":"[error:54] fyers_logger","message":{"API":"/history","Error":{"code":429,"message":"request limit reached","s":"error"}},"timestamp":"2026-08-21 13:52:09,119+0530","service":"FyersAPI"}
{"level":"ERROR","location":"[error:54] fyers_logger","message":{"API":"/history","Error":{"code":429,"message":"request limit reached","s":"error"}},"timestamp":"2026-08-21 13:52:09,153+0530","service":"FyersAPI"}
{"level":"ERROR","location":"[error:54] fyers_logger","message":{"API":"/history","Error":{"code":429,"message":"request limit reached","s":"error"}},"timestamp":"2026-08-21 13:52:09,367+0530","service":"FyersAPI"}
{"level":"ERROR","location":"[error:54] fyers_logger","message":{"API":"/history","Error":{"code":429,"message":"request limit reached","s":"error"}},"timestamp":"2026-08-21 13:52:09,416+0530","service":"FyersAPI"}
{"level":"ERROR","location":"[error:54] fyers_logger","message":{"API":"/history","Error":{"code":429,"message":"request limit reached","s":"error"}},"timestamp":"2026-08-21 13:52:09,626+0530","service":"FyersAPI"}
{"level":"ERROR","location":"[error:54] fyers_logger","message":{"API":"/history","Error":{"code":429,"message":"request limit reached","s":"error"}},"timestamp":"2026-08-21 13:52:09,666+0530","service":"FyersAPI"}
{"level":"ERROR","location":"[error:54] fyers_logger","message":{"API":"/history","Error":{"code":429,"message":"request limit reached","s":"error"}},"timestamp":"2026-08-21 13:52:09,882+0530","service":"FyersAPI"}
{"level":"ERROR","location":"[error:54] fyers_logger","message":{"API":"/history","Error":{"code":429,"message":"request limit reached","s":"error"}},"timestamp":"2026-08-21 13:52:09,935+0530","service":"FyersAPI"}
{"level":"ERROR","location":"[error:54] fyers_logger","message":{"API":"/history","Error":{"code":429,"message":"request limit reached","s":"error"}},"timestamp":"2026-08-21 13:52:10,138+0530","service":"FyersAPI"}
{"level":"ERROR","location":"[error:54] fyers_logger","message":{"API":"/history","Error":{"code":429,"message":"request limit reached","s":"error"}},"timestamp":"2026-08-21 13:52:10,187+0530","service":"FyersAPI"}
{"level":"ERROR","location":"[error:54] fyers_logger","message":{"API":"/history","error":"Expecting value: line 1 column 1 (char 0)"},"timestamp":"2026-08-21 13:52:10,405+0530","service":"FyersAPI"}
{"level":"ERROR","location":"[error:54] fyers_logger","message":{"API":"/history","Error":{"code":429,"message":"request limit reached","s":"error"}},"timestamp":"2026-08-21 13:52:10,428+0530","service":"FyersAPI"}
{"level":"ERROR","location":"[error:54] fyers_logger","message":{"API":"/history","error":"Expecting value: line 1 column 1 (char 0)"},"timestamp":"2026-08-21 13:52:10,626+0530","service":"FyersAPI"}
{"level":"ERROR","location":"[error:54] fyers_logger","message":{"API":"/history","Error":{"code":429,"message":"request limit reached","s":"error"}},"timestamp":"2026-08-21 13:52:10,703+0530","service":"FyersAPI"}
{"level":"ERROR","location":"[error:54] fyers_logger","message":{"API":"/history","error":"Expecting value: line 1 column 1 (char 0)"},"timestamp":"2026-08-21 13:52:10,850+0530","service":"FyersAPI"}
{"level":"ERROR","location":"[error:54] fyers_logger","message":{"API":"/history","error":"Expecting value: line 1 column 1 (char 0)"},"timestamp":"2026-08-21 13:52:10,922+0530","service":"FyersAPI"}
{"level":"ERROR","location":"[error:54] fyers_logger","message":{"API":"/history","error":"Expecting value: line 1 column 1 (char 0)"},"timestamp":"2026-08-21 13:52:11,070+0530","service":"FyersAPI"}
{"level":"ERROR","location":"[error:54] fyers_logger","message":{"API":"/history","error":"Expecting value: line 1 column 1 (char 0)"},"timestamp":"2026-08-21 13:52:11,139+0530","service":"FyersAPI"}
{"level":"ERROR","location":"[error:54] fyers_logger","message":{"API":"/history","error":"Expecting value: line 1 column 1 (char 0)"},"timestamp":"2026-08-21 13:52:11,302+0530","service":"FyersAPI"}
{"level":"ERROR","location":"[error:54] fyers_logger","message":{"API":"/history","error":"Expecting value: line 1 column 1 (char 0)"},"timestamp":"2026-08-21 13:52:11,358+0530","service":"FyersAPI"}
{"level":"ERROR","location":"[error:54] fyers_logger","message":{"API":"/history","error":"Expecting value: line 1 column 1 (char 0)"},"timestamp":"2026-08-21 13:52:11,520+0530","service":"FyersAPI"}
{"level":"ERROR","location":"[error:54] fyers_logger","message":{"API":"/history","error":"Expecting value: line 1 column 1 (char 0)"},"timestamp":"2026-08-21 13:52:11,577+0530","service":"FyersAPI"}
{"level":"ERROR","location":"[error:54] fyers_logger","message":{"API":"/history","error":"Expecting value: line 1 column 1 (char 0)"},"timestamp":"2026-08-21 13:52:11,740+0530","service":"FyersAPI"}
{"level":"ERROR","location":"[error:54] fyers_logger","message":{"API":"/history","error":"Expecting value: line 1 column 1 (char 0)"},"timestamp":"2026-08-21 13:52:11,800+0530","service":"FyersAPI"}
{"level":"ERROR","location":"[error:54] fyers_logger","message":{"API":"/history","error":"Expecting value: line 1 column 1 (char 0)"},"timestamp":"2026-08-21 13:52:11,961+0530","service":"FyersAPI"}
{"level":"ERROR","location":"[error:54] fyers_logger","message":{"API":"/history","error":"Expecting value: line 1 column 1 (char 0)"},"timestamp":"2026-08-21 13:52:12,020+0530","service":"FyersAPI"}
{"level":"ERROR","location":"[error:54] fyers_logger","message":{"API":"/history","error":"Expecting value: line 1 column 1 (char 0)"},"timestamp":"2026-08-21 13:52:12,184+0530","service":"FyersAPI"}
{"level":"ERROR","location":"[error:54] fyers_logger","message":{"API":"/history","error":"Expecting value: line 1 column 1 (char 0)"},"timestamp":"2026-08-21 13:52:12,239+0530","service":"FyersAPI"}
{"level":"ERROR","location":"[error:54] fyers_logger","message":{"API":"/history","error":"Expecting value: line 1 column 1 (char 0)"},"timestamp":"2026-08-21 13:52:12,405+0530","service":"FyersAPI"}
{"level":"ERROR","location":"[error:54] fyers_logger","message":{"API":"/history","error":"Expecting value: line 1 column 1 (char 0)"},"timestamp":"2026-08-21 13:52:12,460+0530","service":"FyersAPI"}
{"level":"ERROR","location":"[error:54] fyers_logger","message":{"API":"/history","error":"Expecting value: line 1 column 1 (char 0)"},"timestamp":"2026-08-21 13:52:12,654+0530","service":"FyersAPI"}
{"level":"ERROR","location":"[error:54] fyers_logger","message":{"API":"/history","error":"Expecting value: line 1 column 1 (char 0)"},"timestamp":"2026-08-21 13:52:12,680+0530","service":"FyersAPI"}
{"level":"ERROR","location":"[error:54] fyers_logger","message":{"API":"/history","error":"Expecting value: line 1 column 1 (char 0)"},"timestamp":"2026-08-21 13:52:12,886+0530","service":"FyersAPI"}
{"level":"ERROR","location":"[error:54] fyers_logger","message":{"API":"/history","error":"Expecting value: line 1 column 1 (char 0)"},"timestamp":"2026-08-21 13:52:12,934+0530","service":"FyersAPI"}
{"level":"ERROR","location":"[error:54] fyers_logger","message":{"API":"/history","Error":{"code":429,"message":"request limit reached","s":"error"}},"timestamp":"2026-08-21 13:52:13,154+0530","service":"FyersAPI"}
{"level":"ERROR","location":"[error:54] fyers_logger","message":{"API":"/history","Error":{"code":429,"message":"request limit reached","s":"error"}},"timestamp":"2026-08-21 13:52:13,216+0530","service":"FyersAPI"}
{"level":"ERROR","location":"[error:54] fyers_logger","message":{"API":"/history","error":"Expecting value: line 1 column 1 (char 0)"},"timestamp":"2026-08-21 13:52:13,376+0530","service":"FyersAPI"}
{"level":"ERROR","location":"[error:54] fyers_logger","message":{"API":"/history","error":"Expecting value: line 1 column 1 (char 0)"},"timestamp":"2026-08-21 13:52:13,434+0530","service":"FyersAPI"}
{"level":"ERROR","location":"[error:54] fyers_logger","message":{"API":"/history","error":"Expecting value: line 1 column 1 (char 0)"},"timestamp":"2026-08-21 13:52:13,602+0530","service":"FyersAPI"}
{"level":"ERROR","location":"[error:54] fyers_logger","message":{"API":"/history","error":"Expecting value: line 1 column 1 (char 0)"},"timestamp":"2026-08-21 13:52:13,652+0530","service":"FyersAPI"}
{"level":"ERROR","location":"[error:54] fyers_logger","message":{"API":"/history","error":"Expecting value: line 1 column 1 (char 0)"},"timestamp":"2026-08-21 13:52:13,818+0530","service":"FyersAPI"}
{"level":"ERROR","location":"[error:54] fyers_logger","message":{"API":"/history","error":"Expecting value: line 1 column 1 (char 0)"},"timestamp":"2026-08-21 13:52:13,871+0530","service":"FyersAPI"}
{"level":"ERROR","location":"[error:54] fyers_logger","message":{"API":"/history","error":"Expecting value: line 1 column 1 (char 0)"},"timestamp":"2026-08-21 13:52:14,038+0530","service":"FyersAPI"}
{"level":"ERROR","location":"[error:54] fyers_logger","message":{"API":"/history","error":"Expecting value: line 1 column 1 (char 0)"},"timestamp":"2026-08-21 13:52:14,091+0530","service":"FyersAPI"}
{"level":"ERROR","location":"[error:54] fyers_logger","message":{"API":"/history","error":"Expecting value: line 1 column 1 (char 0)"},"timestamp":"2026-08-21 13:52:14,261+0530","service":"FyersAPI"}
{"level":"ERROR","location":"[error:54] fyers_logger","message":{"API":"/history","error":"Expecting value: line 1 column 1 (char 0)"},"timestamp":"2026-08-21 13:52:14,312+0530","service":"FyersAPI"}
{"level":"ERROR","location":"[error:54] fyers_logger","message":{"API":"/history","error":"Expecting value: line 1 column 1 (char 0)"},"timestamp":"2026-08-21 13:52:14,482+0530","service":"FyersAPI"}
{"level":"ERROR","location":"[error:54] fyers_logger","message":{"API":"/history","error":"Expecting value: line 1 column 1 (char 0)"},"timestamp":"2026-08-21 13:52:14,532+0530","service":"FyersAPI"}
{"level":"ERROR","location":"[error:54] fyers_logger","message":{"API":"/history","error":"Expecting value: line 1 column 1 (char 0)"},"timestamp":"2026-08-21 13:52:14,709+0530","service":"FyersAPI"}
{"level":"ERROR","location":"[error:54] fyers_logger","message":{"API":"/history","error":"Expecting value: line 1 column 1 (char 0)"},"timestamp":"2026-08-21 13:52:14,749+0530","service":"FyersAPI"}
{"level":"ERROR","location":"[error:54] fyers_logger","message":{"API":"/history","error":"Expecting value: line 1 column 1 (char 0)"},"timestamp":"2026-08-21 13:52:14,932+0530","service":"FyersAPI"}
{"level":"ERROR","location":"[error:54] fyers_logger","message":{"API":"/history","error":"Expecting value: line 1 column 1 (char 0)"},"timestamp":"2026-08-21 13:52:14,967+0530","service":"FyersAPI"}
{"level":"ERROR","location":"[error:54] fyers_logger","message":{"API":"/history","error":"Expecting value: line 1 column 1 (char 0)"},"timestamp":"2026-08-21 13:52:15,151+0530","service":"FyersAPI"}
{"level":"ERROR","location":"[error:54] fyers_logger","message":{"API":"/history","error":"Expecting value: line 1 column 1 (char 0)"},"timestamp":"2026-08-21 13:52:15,184+0530","service":"FyersAPI"}
{"level":"ERROR","location":"[error:54] fyers_logger","message":{"API":"/history","error":"Expecting value: line 1 column 1 (char 0)"},"timestamp":"2026-08-21 13:52:15,379+0530","service":"FyersAPI"}
{"level":"ERROR","location":"[error:54] fyers_logger","message":{"API":"/history","error":"Expecting value: line 1 column 1 (char 0)"},"timestamp":"2026-08-21 13:52:15,411+0530","service":"FyersAPI"}
{"level":"ERROR","location":"[error:54] fyers_logger","message":{"API":"/history","error":"Expecting value: line 1 column 1 (char 0)"},"timestamp":"2026-08-21 13:52:15,598+0530","service":"FyersAPI"}
{"level":"ERROR","location":"[error:54] fyers_logger","message":{"API":"/history","error":"Expecting value: line 1 column 1 (char 0)"},"timestamp":"2026-08-21 13:52:15,630+0530","service":"FyersAPI"}
{"level":"ERROR","location":"[error:54] fyers_logger","message":{"API":"/history","error":"Expecting value: line 1 column 1 (char 0)"},"timestamp":"2026-08-21 13:52:15,820+0530","service":"FyersAPI"}
{"level":"ERROR","location":"[error:54] fyers_logger","message":{"API":"/history","error":"Expecting value: line 1 column 1 (char 0)"},"timestamp":"2026-08-21 13:52:15,848+0530","service":"FyersAPI"}
{"level":"ERROR","location":"[error:54] fyers_logger","message":{"API":"/history","error":"Expecting value: line 1 column 1 (char 0)"},"timestamp":"2026-08-21 13:52:16,044+0530","service":"FyersAPI"}
{"level":"ERROR","location":"[error:54] fyers_logger","message":{"API":"/history","error":"Expecting value: line 1 column 1 (char 0)"},"timestamp":"2026-08-21 13:52:16,067+0530","service":"FyersAPI"}
{"level":"ERROR","location":"[error:54] fyers_logger","message":{"API":"/history","error":"Expecting value: line 1 column 1 (char 0)"},"timestamp":"2026-08-21 13:52:16,273+0530","service":"FyersAPI"}
{"level":"ERROR","location":"[error:54] fyers_logger","message":{"API":"/history","error":"Expecting value: line 1 column 1 (char 0)"},"timestamp":"2026-08-21 13:52:16,285+0530","service":"FyersAPI"}
{"level":"ERROR","location":"[error:54] fyers_logger","message":{"API":"/history","error":"Expecting value: line 1 column 1 (char 0)"},"timestamp":"2026-08-21 13:52:16,495+0530","service":"FyersAPI"}
{"level":"ERROR","location":"[error:54] fyers_logger","message":{"API":"/history","error":"Expecting value: line 1 column 1 (char 0)"},"timestamp":"2026-08-21 13:52:16,504+0530","service":"FyersAPI"}
{"level":"ERROR","location":"[error:54] fyers_logger","message":{"API":"/history","error":"Expecting value: line 1 column 1 (char 0)"},"timestamp":"2026-08-21 13:52:16,714+0530","service":"FyersAPI"}
{"level":"ERROR","location":"[error:54] fyers_logger","message":{"API":"/history","error":"Expecting value: line 1 column 1 (char 0)"},"timestamp":"2026-08-21 13:52:16,726+0530","service":"FyersAPI"}
{"level":"ERROR","location":"[error:54] fyers_logger","message":{"API":"/history","error":"Expecting value: line 1 column 1 (char 0)"},"timestamp":"2026-08-21 13:52:16,932+0530","service":"FyersAPI"}
{"level":"ERROR","location":"[error:54] fyers_logger","message":{"API":"/history","error":"Expecting value: line 1 column 1 (char 0)"},"timestamp":"2026-08-21 13:52:16,945+0530","service":"FyersAPI"}
{"level":"ERROR","location":"[error:54] fyers_logger","message":{"API":"/history","error":"Expecting value: line 1 column 1 (char 0)"},"timestamp":"2026-08-21 13:52:17,163+0530","service":"FyersAPI"}
{"level":"ERROR","location":"[error:54] fyers_logger","message":{"API":"/history","Error":{"code":429,"message":"request limit reached","s":"error"}},"timestamp":"2026-08-21 13:52:17,204+0530","service":"FyersAPI"}
{"level":"ERROR","location":"[error:54] fyers_logger","message":{"API":"/history","error":"Expecting value: line 1 column 1 (char 0)"},"timestamp":"2026-08-21 13:52:17,382+0530","service":"FyersAPI"}
{"level":"ERROR","location":"[error:54] fyers_logger","message":{"API":"/history","error":"Expecting value: line 1 column 1 (char 0)"},"timestamp":"2026-08-21 13:52:17,429+0530","service":"FyersAPI"}
{"level":"ERROR","location":"[error:54] fyers_logger","message":{"API":"/history","error":"Expecting value: line 1 column 1 (char 0)"},"timestamp":"2026-08-21 13:52:17,600+0530","service":"FyersAPI"}
{"level":"ERROR","location":"[error:54] fyers_logger","message":{"API":"/history","error":"Expecting value: line 1 column 1 (char 0)"},"timestamp":"2026-08-21 13:52:17,650+0530","service":"FyersAPI"}
{"level":"ERROR","location":"[error:54] fyers_logger","message":{"API":"/history","error":"Expecting value: line 1 column 1 (char 0)"},"timestamp":"2026-08-21 13:52:17,823+0530","service":"FyersAPI"}
{"level":"ERROR","location":"[error:54] fyers_logger","message":{"API":"/history","error":"Expecting value: line 1 column 1 (char 0)"},"timestamp":"2026-08-21 13:52:17,875+0530","service":"FyersAPI"}
{"level":"ERROR","location":"[error:54] fyers_logger","message":{"API":"/history","error":"Expecting value: line 1 column 1 (char 0)"},"timestamp":"2026-08-21 13:52:18,044+0530","service":"FyersAPI"}
{"level":"ERROR","location":"[error:54] fyers_logger","message":{"API":"/history","error":"Expecting value: line 1 column 1 (char 0)"},"timestamp":"2026-08-21 13:52:18,113+0530","service":"FyersAPI"}
{"level":"ERROR","location":"[error:54] fyers_logger","message":{"API":"/history","Error":{"code":429,"message":"request limit reached","s":"error"}},"timestamp":"2026-08-21 13:52:18,305+0530","service":"FyersAPI"}
{"level":"ERROR","location":"[error:54] fyers_logger","message":{"API":"/history","error":"Expecting value: line 1 column 1 (char 0)"},"timestamp":"2026-08-21 13:52:18,334+0530","service":"FyersAPI"}
{"level":"ERROR","location":"[error:54] fyers_logger","message":{"API":"/history","error":"Expecting value: line 1 column 1 (char 0)"},"timestamp":"2026-08-21 13:52:18,528+0530","service":"FyersAPI"}
{"level":"ERROR","location":"[error:54] fyers_logger","message":{"API":"/history","error":"Expecting value: line 1 column 1 (char 0)"},"timestamp":"2026-08-21 13:52:18,556+0530","service":"FyersAPI"}
{"level":"ERROR","location":"[error:54] fyers_logger","message":{"API":"/history","error":"Expecting value: line 1 column 1 (char 0)"},"timestamp":"2026-08-21 13:52:18,748+0530","service":"FyersAPI"}
{"level":"ERROR","location":"[error:54] fyers_logger","message":{"API":"/history","error":"Expecting value: line 1 column 1 (char 0)"},"timestamp":"2026-08-21 13:52:18,779+0530","service":"FyersAPI"}
{"level":"ERROR","location":"[error:54] fyers_logger","message":{"API":"/history","error":"Expecting value: line 1 column 1 (char 0)"},"timestamp":"2026-08-21 13:52:18,965+0530","service":"FyersAPI"}
{"level":"ERROR","location":"[error:54] fyers_logger","message":{"API":"/history","error":"Expecting value: line 1 column 1 (char 0)"},"timestamp":"2026-08-21 13:52:18,998+0530","service":"FyersAPI"}
{"level":"ERROR","location":"[error:54] fyers_logger","message":{"API":"/history","error":"Expecting value: line 1 column 1 (char 0)"},"timestamp":"2026-08-21 13:52:19,191+0530","service":"FyersAPI"}
{"level":"ERROR","location":"[error:54] fyers_logger","message":{"API":"/history","error":"Expecting value: line 1 column 1 (char 0)"},"timestamp":"2026-08-21 13:52:19,219+0530","service":"FyersAPI"}
{"level":"ERROR","location":"[error:54] fyers_logger","message":{"API":"/history","error":"Expecting value: line 1 column 1 (char 0)"},"timestamp":"2026-08-21 13:52:19,410+0530","service":"FyersAPI"}
{"level":"ERROR","location":"[error:54] fyers_logger","message":{"API":"/history","error":"Expecting value: line 1 column 1 (char 0)"},"timestamp":"2026-08-21 13:52:19,474+0530","service":"FyersAPI"}
{"level":"ERROR","location":"[error:54] fyers_logger","message":{"API":"/history","error":"Expecting value: line 1 column 1 (char 0)"},"timestamp":"2026-08-21 13:52:19,632+0530","service":"FyersAPI"}
{"level":"ERROR","location":"[error:54] fyers_logger","message":{"API":"/history","error":"Expecting value: line 1 column 1 (char 0)"},"timestamp":"2026-08-21 13:52:19,849+0530","service":"FyersAPI"}
{"level":"ERROR","location":"[error:54] fyers_logger","message":{"API":"/history","error":"Expecting value: line 1 column 1 (char 0)"},"timestamp":"2026-08-21 13:52:20,070+0530","service":"FyersAPI"}
{"level":"ERROR","location":"[error:54] fyers_logger","message":{"API":"/history","error":"Expecting value: line 1 column 1 (char 0)"},"timestamp":"2026-08-21 13:52:20,292+0530","service":"FyersAPI"}
{"level":"ERROR","location":"[error:54] fyers_logger","message":{"API":"/history","error":"Expecting value: line 1 column 1 (char 0)"},"timestamp":"2026-08-21 13:52:20,510+0530","service":"FyersAPI"}
{"level":"ERROR","location":"[error:54] fyers_logger","message":{"API":"/history","error":"Expecting value: line 1 column 1 (char 0)"},"timestamp":"2026-08-21 13:52:20,726+0530","service":"FyersAPI"}
{"level":"ERROR","location":"[error:54] fyers_logger","message":{"API":"/history","error":"Expecting value: line 1 column 1 (char 0)"},"timestamp":"2026-08-21 13:52:20,943+0530","service":"FyersAPI"}
{"level":"ERROR","location":"[error:54] fyers_logger","message":{"API":"/history","error":"Expecting value: line 1 column 1 (char 0)"},"timestamp":"2026-08-21 13:52:21,161+0530","service":"FyersAPI"}
{"level":"ERROR","location":"[error:54] fyers_logger","message":{"API":"/history","error":"Expecting value: line 1 column 1 (char 0)"},"timestamp":"2026-08-21 13:52:21,379+0530","service":"FyersAPI"}
{"level":"ERROR","location":"[error:54] fyers_logger","message":{"API":"/history","error":"Expecting value: line 1 column 1 (char 0)"},"timestamp":"2026-08-21 13:52:21,600+0530","service":"FyersAPI"}
{"level":"ERROR","location":"[error:54] fyers_logger","message":{"API":"/history","error":"Expecting value: line 1 column 1 (char 0)"},"timestamp":"2026-08-21 13:52:21,824+0530","service":"FyersAPI"}
{"level":"ERROR","location":"[error:54] fyers_logger","message":{"API":"/history","error":"Expecting value: line 1 column 1 (char 0)"},"timestamp":"2026-08-21 13:52:22,042+0530","service":"FyersAPI"}
{"level":"ERROR","location":"[error:54] fyers_logger","message":{"API":"/history","Error":{"code":-300,"message":"Invalid symbol provided","s":"error"}},"timestamp":"2026-08-21 13:52:33,117+0530","service":"FyersAPI"}
{"level":"ERROR","location":"[error:54] fyers_logger","message":{"API":"/history","Error":{"code":-300,"message":"Invalid symbol provided","s":"error"}},"timestamp":"2026-08-21 13:58:32,788+0530","service":"FyersAPI"}
{"level":"ERROR","location":"[error:54] fyers_logger","message":{"API":"/history","Error":{"code":-300,"message":"Invalid symbol provided","s":"error"}},"timestamp":"2026-08-21 13:58:33,831+0530","service":"FyersAPI"}
{"level":"ERROR","location":"[error:54] fyers_logger","message":{"API":"/history","Error":{"code":-300,"message":"Invalid symbol provided","s":"error"}},"timestamp":"2026-08-21 13:58:51,709+0530","service":"FyersAPI"}
{"level":"ERROR","location":"[error:54] fyers_logger","message":{"API":"/history","Error":{"code":-300,"message":"Invalid symbol provided","s":"error"}},"timestamp":"2026-08-21 13:59:30,299+0530","service":"FyersAPI"}
{"level":"ERROR","location":"[error:54] fyers_logger","message":{"API":"/history","Error":{"code":429,"message":"request limit reached","s":"error"}},"timestamp":"2026-08-21 13:59:59,684+0530","service":"FyersAPI"}
{"level":"ERROR","location":"[error:54] fyers_logger","message":{"API":"/history","Error":{"code":-300,"message":"Invalid symbol provided","s":"error"}},"timestamp":"2026-08-21 14:00:37,466+0530","service":"FyersAPI"}
{"level":"ERROR","location":"[error:54] fyers_logger","message":{"API":"/history","Error":{"code":-300,"message":"Invalid symbol provided","s":"error"}},"timestamp":"2026-08-21 14:00:38,561+0530","service":"FyersAPI"}
{"level":"ERROR","location":"[error:54] fyers_logger","message":{"API":"/history","Error":{"code":-300,"message":"Invalid symbol provided","s":"error"}},"timestamp":"2026-08-21 14:00:59,228+0530","service":"FyersAPI"}
{"level":"ERROR","location":"[error:54] fyers_logger","message":{"API":"/history","Error":{"code":-300,"message":"Invalid symbol provided","s":"error"}},"timestamp":"2026-08-21 14:01:43,074+0530","service":"FyersAPI"}
{"level":"ERROR","location":"[error:54] fyers_logger","message":{"API":"/history","Error":{"code":-300,"message":"Invalid symbol provided","s":"error"}},"timestamp":"2026-08-21 14:02:39,200+0530","service":"FyersAPI"}
{"level":"ERROR","location":"[error:54] fyers_logger","message":{"API":"/history","Error":{"code":-300,"message":"Invalid symbol provided","s":"error"}},"timestamp":"2026-08-21 14:02:40,219+0530","service":"FyersAPI"}
{"level":"ERROR","location":"[error:54] fyers_logger","message":{"API":"/history","Error":{"code":-300,"message":"Invalid symbol provided","s":"error"}},"timestamp":"2026-08-21 14:02:58,187+0530","service":"FyersAPI"}
{"level":"ERROR","location":"[error:54] fyers_logger","message":{"API":"/history","Error":{"code":429,"message":"request limit reached","s":"error"}},"timestamp":"2026-08-21 14:03:33,809+0530","service":"FyersAPI"}
{"level":"ERROR","location":"[error:54] fyers_logger","message":{"API":"/history","Error":{"code":429,"message":"request limit reached","s":"error"}},"timestamp":"2026-08-21 14:03:34,070+0530","service":"FyersAPI"}
{"level":"ERROR","location":"[error:54] fyers_logger","message":{"API":"/history","Error":{"code":429,"message":"request limit reached","s":"error"}},"timestamp":"2026-08-21 14:03:34,314+0530","service":"FyersAPI"}
{"level":"ERROR","location":"[error:54] fyers_logger","message":{"API":"/history","Error":{"code":429,"message":"request limit reached","s":"error"}},"timestamp":"2026-08-21 14:03:34,565+0530","service":"FyersAPI"}
{"level":"ERROR","location":"[error:54] fyers_logger","message":{"API":"/history","Error":{"code":429,"message":"request limit reached","s":"error"}},"timestamp":"2026-08-21 14:03:34,811+0530","service":"FyersAPI"}
{"level":"ERROR","location":"[error:54] fyers_logger","message":{"API":"/history","Error":{"code":429,"message":"request limit reached","s":"error"}},"timestamp":"2026-08-21 14:03:35,141+0530","service":"FyersAPI"}
{"level":"ERROR","location":"[error:54] fyers_logger","message":{"API":"/history","Error":{"code":429,"message":"request limit reached","s":"error"}},"timestamp":"2026-08-21 14:03:35,495+0530","service":"FyersAPI"}
{"level":"ERROR","location":"[error:54] fyers_logger","message":{"API":"/history","Error":{"code":429,"message":"request limit reached","s":"error"}},"timestamp":"2026-08-21 14:03:36,020+0530","service":"FyersAPI"}
{"level":"ERROR","location":"[error:54] fyers_logger","message":{"API":"/history","Error":{"code":429,"message":"request limit reached","s":"error"}},"timestamp":"2026-08-21 14:03:36,271+0530","service":"FyersAPI"}
{"level":"ERROR","location":"[error:54] fyers_logger","message":{"API":"/history","Error":{"code":429,"message":"request limit reached","s":"error"}},"timestamp":"2026-08-21 14:03:36,527+0530","service":"FyersAPI"}
{"level":"ERROR","location":"[error:54] fyers_logger","message":{"API":"/history","Error":{"code":429,"message":"request limit reached","s":"error"}},"timestamp":"2026-08-21 14:03:36,808+0530","service":"FyersAPI"}
{"level":"ERROR","location":"[error:54] fyers_logger","message":{"API":"/history","Error":{"code":429,"message":"request limit reached","s":"error"}},"timestamp":"2026-08-21 14:03:37,075+0530","service":"FyersAPI"}
{"level":"ERROR","location":"[error:54] fyers_logger","message":{"API":"/history","Error":{"code":429,"message":"request limit reached","s":"error"}},"timestamp":"2026-08-21 14:03:37,351+0530","service":"FyersAPI"}
{"level":"ERROR","location":"[error:54] fyers_logger","message":{"API":"/history","Error":{"code":429,"message":"request limit reached","s":"error"}},"timestamp":"2026-08-21 14:03:37,600+0530","service":"FyersAPI"}
{"level":"ERROR","location":"[error:54] fyers_logger","message":{"API":"/history","Error":{"code":429,"message":"request limit reached","s":"error"}},"timestamp":"2026-08-21 14:03:37,847+0530","service":"FyersAPI"}
{"level":"ERROR","location":"[error:54] fyers_logger","message":{"API":"/history","Error":{"code":429,"message":"request limit reached","s":"error"}},"timestamp":"2026-08-21 14:03:38,102+0530","service":"FyersAPI"}
{"level":"ERROR","location":"[error:54] fyers_logger","message":{"API":"/history","Error":{"code":429,"message":"request limit reached","s":"error"}},"timestamp":"2026-08-21 14:03:38,346+0530","service":"FyersAPI"}
{"level":"ERROR","location":"[error:54] fyers_logger","message":{"API":"/history","Error":{"code":429,"message":"request limit reached","s":"error"}},"timestamp":"2026-08-21 14:03:38,598+0530","service":"FyersAPI"}
{"level":"ERROR","location":"[error:54] fyers_logger","message":{"API":"/history","Error":{"code":429,"message":"request limit reached","s":"error"}},"timestamp":"2026-08-21 14:03:38,870+0530","service":"FyersAPI"}
{"level":"ERROR","location":"[error:54] fyers_logger","message":{"API":"/history","Error":{"code":-300,"message":"Invalid symbol provided","s":"error"}},"timestamp":"2026-08-21 14:07:27,303+0530","service":"FyersAPI"}
{"level":"ERROR","location":"[error:54] fyers_logger","message":{"API":"/history","Error":{"code":-300,"message":"Invalid symbol provided","s":"error"}},"timestamp":"2026-08-21 14:07:28,330+0530","service":"FyersAPI"}
{"level":"ERROR","location":"[error:54] fyers_logger","message":{"API":"/history","Error":{"code":-300,"message":"Invalid symbol provided","s":"error"}},"timestamp":"2026-08-21 14:07:46,308+0530","service":"FyersAPI"}
{"level":"ERROR","location":"[error:54] fyers_logger","message":{"API":"/history","Error":{"code":429,"message":"request limit reached","s":"error"}},"timestamp":"2026-08-21 14:08:21,200+0530","service":"FyersAPI"}
{"level":"ERROR","location":"[error:54] fyers_logger","message":{"API":"/history","Error":{"code":429,"message":"request limit reached","s":"error"}},"timestamp":"2026-08-21 14:08:21,484+0530","service":"FyersAPI"}
{"level":"ERROR","location":"[error:54] fyers_logger","message":{"API":"/history","Error":{"code":429,"message":"request limit reached","s":"error"}},"timestamp":"2026-08-21 14:08:21,731+0530","service":"FyersAPI"}
{"level":"ERROR","location":"[error:54] fyers_logger","message":{"API":"/history","Error":{"code":429,"message":"request limit reached","s":"error"}},"timestamp":"2026-08-21 14:08:21,983+0530","service":"FyersAPI"}
{"level":"ERROR","location":"[error:54] fyers_logger","message":{"API":"/history","Error":{"code":429,"message":"request limit reached","s":"error"}},"timestamp":"2026-08-21 14:08:22,264+0530","service":"FyersAPI"}
{"level":"ERROR","location":"[error:54] fyers_logger","message":{"API":"/history","Error":{"code":429,"message":"request limit reached","s":"error"}},"timestamp":"2026-08-21 14:08:22,579+0530","service":"FyersAPI"}
{"level":"ERROR","location":"[error:54] fyers_logger","message":{"API":"/history","Error":{"code":429,"message":"request limit reached","s":"error"}},"timestamp":"2026-08-21 14:08:22,827+0530","service":"FyersAPI"}
{"level":"ERROR","location":"[error:54] fyers_logger","message":{"API":"/history","Error":{"code":429,"message":"request limit reached","s":"error"}},"timestamp":"2026-08-21 14:08:23,082+0530","service":"FyersAPI"}
{"level":"ERROR","location":"[error:54] fyers_logger","message":{"API":"/history","Error":{"code":429,"message":"request limit reached","s":"error"}},"timestamp":"2026-08-21 14:08:23,333+0530","service":"FyersAPI"}
{"level":"ERROR","location":"[error:54] fyers_logger","message":{"API":"/history","Error":{"code":429,"message":"request limit reached","s":"error"}},"timestamp":"2026-08-21 14:08:23,579+0530","service":"FyersAPI"}
{"level":"ERROR","location":"[error:54] fyers_logger","message":{"API":"/history","Error":{"code":429,"message":"request limit reached","s":"error"}},"timestamp":"2026-08-21 14:08:23,826+0530","service":"FyersAPI"}
{"level":"ERROR","location":"[error:54] fyers_logger","message":{"API":"/history","Error":{"code":429,"message":"request limit reached","s":"error"}},"timestamp":"2026-08-21 14:08:24,090+0530","service":"FyersAPI"}
{"level":"ERROR","location":"[error:54] fyers_logger","message":{"API":"/history","Error":{"code":429,"message":"request limit reached","s":"error"}},"timestamp":"2026-08-21 14:08:24,339+0530","service":"FyersAPI"}
{"level":"ERROR","location":"[error:54] fyers_logger","message":{"API":"/history","Error":{"code":429,"message":"request limit reached","s":"error"}},"timestamp":"2026-08-21 14:08:24,591+0530","service":"FyersAPI"}
{"level":"ERROR","location":"[error:54] fyers_logger","message":{"API":"/history","Error":{"code":429,"message":"request limit reached","s":"error"}},"timestamp":"2026-08-21 14:08:24,843+0530","service":"FyersAPI"}
{"level":"ERROR","location":"[error:54] fyers_logger","message":{"API":"/history","Error":{"code":429,"message":"request limit reached","s":"error"}},"timestamp":"2026-08-21 14:08:25,111+0530","service":"FyersAPI"}
{"level":"ERROR","location":"[error:54] fyers_logger","message":{"API":"/history","Error":{"code":429,"message":"request limit reached","s":"error"}},"timestamp":"2026-08-21 14:08:25,361+0530","service":"FyersAPI"}
{"level":"ERROR","location":"[error:54] fyers_logger","message":{"API":"/history","Error":{"code":429,"message":"request limit reached","s":"error"}},"timestamp":"2026-08-21 14:08:25,609+0530","service":"FyersAPI"}
{"level":"ERROR","location":"[error:54] fyers_logger","message":{"API":"/history","Error":{"code":429,"message":"request limit reached","s":"error"}},"timestamp":"2026-08-21 14:08:25,857+0530","service":"FyersAPI"}
{"level":"ERROR","location":"[error:54] fyers_logger","message":{"API":"/history","Error":{"code":429,"message":"request limit reached","s":"error"}},"timestamp":"2026-08-21 14:08:26,107+0530","service":"FyersAPI"}
{"level":"ERROR","location":"[error:54] fyers_logger","message":{"API":"/history","Error":{"code":429,"message":"request limit reached","s":"error"}},"timestamp":"2026-08-21 14:08:26,357+0530","service":"FyersAPI"}
{"level":"ERROR","location":"[error:54] fyers_logger","message":{"API":"/history","Error":{"code":-300,"message":"Invalid symbol provided","s":"error"}},"timestamp":"2026-08-21 14:16:07,141+0530","service":"FyersAPI"}
{"level":"ERROR","location":"[error:54] fyers_logger","message":{"API":"/history","Error":{"code":-300,"message":"Invalid symbol provided","s":"error"}},"timestamp":"2026-08-21 14:16:08,251+0530","service":"FyersAPI"}
{"level":"ERROR","location":"[error:54] fyers_logger","message":{"API":"/history","Error":{"code":-300,"message":"Invalid symbol provided","s":"error"}},"timestamp":"2026-08-21 14:16:26,062+0530","service":"FyersAPI"}
{"level":"ERROR","location":"[error:54] fyers_logger","message":{"API":"/history","Error":{"code":-300,"message":"Invalid symbol provided","s":"error"}},"timestamp":"2026-08-21 14:17:03,409+0530","service":"FyersAPI"}
{"level":"ERROR","location":"[error:54] fyers_logger","message":{"API":"/history","Error":{"code":-300,"message":"Invalid symbol provided","s":"error"}},"timestamp":"2026-08-21 14:17:56,724+0530","service":"FyersAPI"}
{"level":"ERROR","location":"[error:54] fyers_logger","message":{"API":"/history","Error":{"code":-300,"message":"Invalid symbol provided","s":"error"}},"timestamp":"2026-08-21 14:17:57,782+0530","service":"FyersAPI"}
{"level":"ERROR","location":"[error:54] fyers_logger","message":{"API":"/history","Error":{"code":-300,"message":"Invalid symbol provided","s":"error"}},"timestamp":"2026-08-21 14:18:18,219+0530","service":"FyersAPI"}
{"level":"ERROR","location":"[error:54] fyers_logger","message":{"API":"/history","Error":{"code":429,"message":"request limit reached","s":"error"}},"timestamp":"2026-08-21 14:18:55,558+0530","service":"FyersAPI"}
{"level":"ERROR","location":"[error:54] fyers_logger","message":{"API":"/history","Error":{"code":429,"message":"request limit reached","s":"error"}},"timestamp":"2026-08-21 14:18:55,961+0530","service":"FyersAPI"}
{"level":"ERROR","location":"[error:54] fyers_logger","message":{"API":"/history","Error":{"code":429,"message":"request limit reached","s":"error"}},"timestamp":"2026-08-21 14:18:56,217+0530","service":"FyersAPI"}
{"level":"ERROR","location":"[error:54] fyers_logger","message":{"API":"/history","Error":{"code":-300,"message":"Invalid symbol provided","s":"error"}},"timestamp":"2026-08-21 14:18:59,180+0530","service":"FyersAPI"}
{"level":"ERROR","location":"[error:54] fyers_logger","message":{"API":"/history","Error":{"code":-300,"message":"Invalid symbol provided","s":"error"}},"timestamp":"2026-08-21 14:19:14,390+0530","service":"FyersAPI"}
{"level":"ERROR","location":"[error:54] fyers_logger","message":{"API":"/history","Error":{"code":-300,"message":"Invalid symbol provided","s":"error"}},"timestamp":"2026-08-21 14:19:15,676+0530","service":"FyersAPI"}
{"level":"ERROR","location":"[error:54] fyers_logger","message":{"API":"/history","Error":{"code":-300,"message":"Invalid symbol provided","s":"error"}},"timestamp":"2026-08-21 14:19:35,988+0530","service":"FyersAPI"}
{"level":"ERROR","location":"[error:54] fyers_logger","message":{"API":"/history","Error":{"code":-300,"message":"Invalid symbol provided","s":"error"}},"timestamp":"2026-08-21 14:20:18,252+0530","service":"FyersAPI"}
{"level":"ERROR","location":"[error:54] fyers_logger","message":{"API":"/history","Error":{"code":-300,"message":"Invalid symbol provided","s":"error"}},"timestamp":"2026-08-21 14:27:05,398+0530","service":"FyersAPI"}
{"level":"ERROR","location":"[error:54] fyers_logger","message":{"API":"/history","Error":{"code":-300,"message":"Invalid symbol provided","s":"error"}},"timestamp":"2026-08-21 14:27:06,459+0530","service":"FyersAPI"}
{"level":"ERROR","location":"[error:54] fyers_logger","message":{"API":"/history","Error":{"code":-300,"message":"Invalid symbol provided","s":"error"}},"timestamp":"2026-08-21 14:27:24,662+0530","service":"FyersAPI"}
{"level":"ERROR","location":"[error:54] fyers_logger","message":{"API":"/history","Error":{"code":429,"message":"request limit reached","s":"error"}},"timestamp":"2026-08-21 14:27:59,758+0530","service":"FyersAPI"}
{"level":"ERROR","location":"[error:54] fyers_logger","message":{"API":"/history","Error":{"code":429,"message":"request limit reached","s":"error"}},"timestamp":"2026-08-21 14:28:00,002+0530","service":"FyersAPI"}
{"level":"ERROR","location":"[error:54] fyers_logger","message":{"API":"/history","Error":{"code":429,"message":"request limit reached","s":"error"}},"timestamp":"2026-08-21 14:28:00,250+0530","service":"FyersAPI"}
{"level":"ERROR","location":"[error:54] fyers_logger","message":{"API":"/history","Error":{"code":429,"message":"request limit reached","s":"error"}},"timestamp":"2026-08-21 14:28:00,503+0530","service":"FyersAPI"}
{"level":"ERROR","location":"[error:54] fyers_logger","message":{"API":"/history","Error":{"code":429,"message":"request limit reached","s":"error"}},"timestamp":"2026-08-21 14:28:00,808+0530","service":"FyersAPI"}
{"level":"ERROR","location":"[error:54] fyers_logger","message":{"API":"/history","Error":{"code":429,"message":"request limit reached","s":"error"}},"timestamp":"2026-08-21 14:28:01,052+0530","service":"FyersAPI"}
{"level":"ERROR","location":"[error:54] fyers_logger","message":{"API":"/history","Error":{"code":429,"message":"request limit reached","s":"error"}},"timestamp":"2026-08-21 14:28:01,321+0530","service":"FyersAPI"}
{"level":"ERROR","location":"[error:54] fyers_logger","message":{"API":"/history","Error":{"code":429,"message":"request limit reached","s":"error"}},"timestamp":"2026-08-21 14:28:01,566+0530","service":"FyersAPI"}
{"level":"ERROR","location":"[error:54] fyers_logger","message":{"API":"/history","Error":{"code":429,"message":"request limit reached","s":"error"}},"timestamp":"2026-08-21 14:28:01,815+0530","service":"FyersAPI"}
{"level":"ERROR","location":"[error:54] fyers_logger","message":{"API":"/history","Error":{"code":429,"message":"request limit reached","s":"error"}},"timestamp":"2026-08-21 14:28:02,066+0530","service":"FyersAPI"}
{"level":"ERROR","location":"[error:54] fyers_logger","message":{"API":"/history","Error":{"code":429,"message":"request limit reached","s":"error"}},"timestamp":"2026-08-21 14:28:02,315+0530","service":"FyersAPI"}
{"level":"ERROR","location":"[error:54] fyers_logger","message":{"API":"/history","Error":{"code":429,"message":"request limit reached","s":"error"}},"timestamp":"2026-08-21 14:28:02,564+0530","service":"FyersAPI"}
{"level":"ERROR","location":"[error:54] fyers_logger","message":{"API":"/history","Error":{"code":429,"message":"request limit reached","s":"error"}},"timestamp":"2026-08-21 14:28:02,809+0530","service":"FyersAPI"}
{"level":"ERROR","location":"[error:54] fyers_logger","message":{"API":"/history","Error":{"code":429,"message":"request limit reached","s":"error"}},"timestamp":"2026-08-21 14:28:03,074+0530","service":"FyersAPI"}
{"level":"ERROR","location":"[error:54] fyers_logger","message":{"API":"/history","Error":{"code":429,"message":"request limit reached","s":"error"}},"timestamp":"2026-08-21 14:28:03,322+0530","service":"FyersAPI"}
{"level":"ERROR","location":"[error:54] fyers_logger","message":{"API":"/history","Error":{"code":429,"message":"request limit reached","s":"error"}},"timestamp":"2026-08-21 14:28:03,582+0530","service":"FyersAPI"}
{"level":"ERROR","location":"[error:54] fyers_logger","message":{"API":"/history","Error":{"code":429,"message":"request limit reached","s":"error"}},"timestamp":"2026-08-21 14:28:03,828+0530","service":"FyersAPI"}
{"level":"ERROR","location":"[error:54] fyers_logger","message":{"API":"/history","Error":{"code":429,"message":"request limit reached","s":"error"}},"timestamp":"2026-08-21 14:28:04,074+0530","service":"FyersAPI"}
{"level":"ERROR","location":"[error:54] fyers_logger","message":{"API":"/history","Error":{"code":429,"message":"request limit reached","s":"error"}},"timestamp":"2026-08-21 14:28:04,333+0530","service":"FyersAPI"}
{"level":"ERROR","location":"[error:54] fyers_logger","message":{"API":"/history","Error":{"code":429,"message":"request limit reached","s":"error"}},"timestamp":"2026-08-21 14:28:04,575+0530","service":"FyersAPI"}
{"level":"ERROR","location":"[error:54] fyers_logger","message":{"API":"/history","Error":{"code":429,"message":"request limit reached","s":"error"}},"timestamp":"2026-08-21 14:28:04,819+0530","service":"FyersAPI"}
{"level":"ERROR","location":"[error:54] fyers_logger","message":{"API":"/history","Error":{"code":-300,"message":"Invalid symbol provided","s":"error"}},"timestamp":"2026-08-21 14:36:11,398+0530","service":"FyersAPI"}
{"level":"ERROR","location":"[error:54] fyers_logger","message":{"API":"/history","Error":{"code":-300,"message":"Invalid symbol provided","s":"error"}},"timestamp":"2026-08-21 14:36:12,639+0530","service":"FyersAPI"}
{"level":"ERROR","location":"[error:54] fyers_logger","message":{"API":"/history","Error":{"code":-300,"message":"Invalid symbol provided","s":"error"}},"timestamp":"2026-08-21 14:41:16,380+0530","service":"FyersAPI"}
{"level":"ERROR","location":"[error:54] fyers_logger","message":{"API":"/history","Error":{"code":-300,"message":"Invalid symbol provided","s":"error"}},"timestamp":"2026-08-21 14:41:17,463+0530","service":"FyersAPI"}
{"level":"ERROR","location":"[error:54] fyers_logger","message":{"API":"/history","Error":{"code":-300,"message":"Invalid symbol provided","s":"error"}},"timestamp":"2026-08-21 14:41:22,353+0530","service":"FyersAPI"}
{"level":"ERROR","location":"[error:54] fyers_logger","message":{"API":"/history","Error":{"code":-300,"message":"Invalid symbol provided","s":"error"}},"timestamp":"2026-08-21 14:41:23,486+0530","service":"FyersAPI"}
{"level":"ERROR","location":"[error:54] fyers_logger","message":{"API":"/history","Error":{"code":-300,"message":"Invalid symbol provided","s":"error"}},"timestamp":"2026-08-21 14:41:35,810+0530","service":"FyersAPI"}
{"level":"ERROR","location":"[error:54] fyers_logger","message":{"API":"/history","Error":{"code":-300,"message":"Invalid symbol provided","s":"error"}},"timestamp":"2026-08-21 14:41:41,879+0530","service":"FyersAPI"}
{"level":"ERROR","location":"[error:54] fyers_logger","message":{"API":"/history","Error":{"code":429,"message":"request limit reached","s":"error"}},"timestamp":"2026-08-21 14:41:46,345+0530","service":"FyersAPI"}
{"level":"ERROR","location":"[error:54] fyers_logger","message":{"API":"/history","Error":{"code":429,"message":"request limit reached","s":"error"}},"timestamp":"2026-08-21 14:41:46,373+0530","service":"FyersAPI"}
{"level":"ERROR","location":"[error:54] fyers_logger","message":{"API":"/history","Error":{"code":429,"message":"request limit reached","s":"error"}},"timestamp":"2026-08-21 14:41:46,593+0530","service":"FyersAPI"}
{"level":"ERROR","location":"[error:54] fyers_logger","message":{"API":"/history","Error":{"code":429,"message":"request limit reached","s":"error"}},"timestamp":"2026-08-21 14:41:46,618+0530","service":"FyersAPI"}
{"level":"ERROR","location":"[error:54] fyers_logger","message":{"API":"/history","Error":{"code":429,"message":"request limit reached","s":"error"}},"timestamp":"2026-08-21 14:41:46,835+0530","service":"FyersAPI"}
{"level":"ERROR","location":"[error:54] fyers_logger","message":{"API":"/history","Error":{"code":429,"message":"request limit reached","s":"error"}},"timestamp":"2026-08-21 14:41:46,869+0530","service":"FyersAPI"}
{"level":"ERROR","location":"[error:54] fyers_logger","message":{"API":"/history","Error":{"code":429,"message":"request limit reached","s":"error"}},"timestamp":"2026-08-21 14:41:47,078+0530","service":"FyersAPI"}
{"level":"ERROR","location":"[error:54] fyers_logger","message":{"API":"/history","Error":{"code":429,"message":"request limit reached","s":"error"}},"timestamp":"2026-08-21 14:41:47,115+0530","service":"FyersAPI"}
{"level":"ERROR","location":"[error:54] fyers_logger","message":{"API":"/history","Error":{"code":429,"message":"request limit reached","s":"error"}},"timestamp":"2026-08-21 14:41:47,321+0530","service":"FyersAPI"}
{"level":"ERROR","location":"[error:54] fyers_logger","message":{"API":"/history","Error":{"code":429,"message":"request limit reached","s":"error"}},"timestamp":"2026-08-21 14:41:47,358+0530","service":"FyersAPI"}
{"level":"ERROR","location":"[error:54] fyers_logger","message":{"API":"/history","Error":{"code":429,"message":"request limit reached","s":"error"}},"timestamp":"2026-08-21 14:41:47,567+0530","service":"FyersAPI"}
{"level":"ERROR","location":"[error:54] fyers_logger","message":{"API":"/history","Error":{"code":429,"message":"request limit reached","s":"error"}},"timestamp":"2026-08-21 14:41:47,616+0530","service":"FyersAPI"}
{"level":"ERROR","location":"[error:54] fyers_logger","message":{"API":"/history","Error":{"code":429,"message":"request limit reached","s":"error"}},"timestamp":"2026-08-21 14:41:47,827+0530","service":"FyersAPI"}
{"level":"ERROR","location":"[error:54] fyers_logger","message":{"API":"/history","Error":{"code":429,"message":"request limit reached","s":"error"}},"timestamp":"2026-08-21 14:41:47,864+0530","service":"FyersAPI"}
{"level":"ERROR","location":"[error:54] fyers_logger","message":{"API":"/history","Error":{"code":429,"message":"request limit reached","s":"error"}},"timestamp":"2026-08-21 14:41:48,068+0530","service":"FyersAPI"}
{"level":"ERROR","location":"[error:54] fyers_logger","message":{"API":"/history","Error":{"code":429,"message":"request limit reached","s":"error"}},"timestamp":"2026-08-21 14:41:48,109+0530","service":"FyersAPI"}
{"level":"ERROR","location":"[error:54] fyers_logger","message":{"API":"/history","Error":{"code":429,"message":"request limit reached","s":"error"}},"timestamp":"2026-08-21 14:41:48,314+0530","service":"FyersAPI"}
{"level":"ERROR","location":"[error:54] fyers_logger","message":{"API":"/history","Error":{"code":429,"message":"request limit reached","s":"error"}},"timestamp":"2026-08-21 14:41:48,357+0530","service":"FyersAPI"}
{"level":"ERROR","location":"[error:54] fyers_logger","message":{"API":"/history","Error":{"code":429,"message":"request limit reached","s":"error"}},"timestamp":"2026-08-21 14:41:48,554+0530","service":"FyersAPI"}
{"level":"ERROR","location":"[error:54] fyers_logger","message":{"API":"/history","Error":{"code":429,"message":"request limit reached","s":"error"}},"timestamp":"2026-08-21 14:41:48,602+0530","service":"FyersAPI"}
{"level":"ERROR","location":"[error:54] fyers_logger","message":{"API":"/history","Error":{"code":429,"message":"request limit reached","s":"error"}},"timestamp":"2026-08-21 14:41:48,799+0530","service":"FyersAPI"}
{"level":"ERROR","location":"[error:54] fyers_logger","message":{"API":"/history","Error":{"code":429,"message":"request limit reached","s":"error"}},"timestamp":"2026-08-21 14:41:48,842+0530","service":"FyersAPI"}
{"level":"ERROR","location":"[error:54] fyers_logger","message":{"API":"/history","Error":{"code":429,"message":"request limit reached","s":"error"}},"timestamp":"2026-08-21 14:41:49,042+0530","service":"FyersAPI"}
{"level":"ERROR","location":"[error:54] fyers_logger","message":{"API":"/history","Error":{"code":429,"message":"request limit reached","s":"error"}},"timestamp":"2026-08-21 14:41:49,086+0530","service":"FyersAPI"}
{"level":"ERROR","location":"[error:54] fyers_logger","message":{"API":"/history","Error":{"code":429,"message":"request limit reached","s":"error"}},"timestamp":"2026-08-21 14:41:49,290+0530","service":"FyersAPI"}
{"level":"ERROR","location":"[error:54] fyers_logger","message":{"API":"/history","Error":{"code":429,"message":"request limit reached","s":"error"}},"timestamp":"2026-08-21 14:41:49,334+0530","service":"FyersAPI"}
{"level":"ERROR","location":"[error:54] fyers_logger","message":{"API":"/history","Error":{"code":429,"message":"request limit reached","s":"error"}},"timestamp":"2026-08-21 14:41:49,534+0530","service":"FyersAPI"}
{"level":"ERROR","location":"[error:54] fyers_logger","message":{"API":"/history","Error":{"code":429,"message":"request limit reached","s":"error"}},"timestamp":"2026-08-21 14:41:49,580+0530","service":"FyersAPI"}
{"level":"ERROR","location":"[error:54] fyers_logger","message":{"API":"/history","Error":{"code":429,"message":"request limit reached","s":"error"}},"timestamp":"2026-08-21 14:41:49,776+0530","service":"FyersAPI"}
{"level":"ERROR","location":"[error:54] fyers_logger","message":{"API":"/history","Error":{"code":429,"message":"request limit reached","s":"error"}},"timestamp":"2026-08-21 14:41:49,821+0530","service":"FyersAPI"}
{"level":"ERROR","location":"[error:54] fyers_logger","message":{"API":"/history","Error":{"code":429,"message":"request limit reached","s":"error"}},"timestamp":"2026-08-21 14:41:50,019+0530","service":"FyersAPI"}
{"level":"ERROR","location":"[error:54] fyers_logger","message":{"API":"/history","Error":{"code":429,"message":"request limit reached","s":"error"}},"timestamp":"2026-08-21 14:41:50,074+0530","service":"FyersAPI"}
{"level":"ERROR","location":"[error:54] fyers_logger","message":{"API":"/history","Error":{"code":429,"message":"request limit reached","s":"error"}},"timestamp":"2026-08-21 14:41:50,297+0530","service":"FyersAPI"}
{"level":"ERROR","location":"[error:54] fyers_logger","message":{"API":"/history","Error":{"code":429,"message":"request limit reached","s":"error"}},"timestamp":"2026-08-21 14:41:50,325+0530","service":"FyersAPI"}
{"level":"ERROR","location":"[error:54] fyers_logger","message":{"API":"/history","Error":{"code":429,"message":"request limit reached","s":"error"}},"timestamp":"2026-08-21 14:41:50,543+0530","service":"FyersAPI"}
{"level":"ERROR","location":"[error:54] fyers_logger","message":{"API":"/history","Error":{"code":429,"message":"request limit reached","s":"error"}},"timestamp":"2026-08-21 14:41:50,573+0530","service":"FyersAPI"}
{"level":"ERROR","location":"[error:54] fyers_logger","message":{"API":"/history","Error":{"code":429,"message":"request limit reached","s":"error"}},"timestamp":"2026-08-21 14:41:50,795+0530","service":"FyersAPI"}
{"level":"ERROR","location":"[error:54] fyers_logger","message":{"API":"/history","Error":{"code":429,"message":"request limit reached","s":"error"}},"timestamp":"2026-08-21 14:41:50,815+0530","service":"FyersAPI"}
{"level":"ERROR","location":"[error:54] fyers_logger","message":{"API":"/history","Error":{"code":429,"message":"request limit reached","s":"error"}},"timestamp":"2026-08-21 14:41:51,043+0530","service":"FyersAPI"}
{"level":"ERROR","location":"[error:54] fyers_logger","message":{"API":"/history","Error":{"code":429,"message":"request limit reached","s":"error"}},"timestamp":"2026-08-21 14:41:51,060+0530","service":"FyersAPI"}
{"level":"ERROR","location":"[error:54] fyers_logger","message":{"API":"/history","Error":{"code":429,"message":"request limit reached","s":"error"}},"timestamp":"2026-08-21 14:41:51,286+0530","service":"FyersAPI"}
{"level":"ERROR","location":"[error:54] fyers_logger","message":{"API":"/history","Error":{"code":429,"message":"request limit reached","s":"error"}},"timestamp":"2026-08-21 14:41:51,305+0530","service":"FyersAPI"}
{"level":"ERROR","location":"[error:54] fyers_logger","message":{"API":"/history","Error":{"code":429,"message":"request limit reached","s":"error"}},"timestamp":"2026-08-21 14:41:51,529+0530","service":"FyersAPI"}
{"level":"ERROR","location":"[error:54] fyers_logger","message":{"API":"/history","Error":{"code":429,"message":"request limit reached","s":"error"}},"timestamp":"2026-08-21 14:41:51,547+0530","service":"FyersAPI"}
{"level":"ERROR","location":"[error:54] fyers_logger","message":{"API":"/history","Error":{"code":429,"message":"request limit reached","s":"error"}},"timestamp":"2026-08-21 14:41:51,795+0530","service":"FyersAPI"}
{"level":"ERROR","location":"[error:54] fyers_logger","message":{"API":"/history","Error":{"code":429,"message":"request limit reached","s":"error"}},"timestamp":"2026-08-21 14:41:51,801+0530","service":"FyersAPI"}
{"level":"ERROR","location":"[error:54] fyers_logger","message":{"API":"/history","Error":{"code":429,"message":"request limit reached","s":"error"}},"timestamp":"2026-08-21 14:41:52,044+0530","service":"FyersAPI"}
{"level":"ERROR","location":"[error:54] fyers_logger","message":{"API":"/history","Error":{"code":429,"message":"request limit reached","s":"error"}},"timestamp":"2026-08-21 14:41:52,047+0530","service":"FyersAPI"}
{"level":"ERROR","location":"[error:54] fyers_logger","message":{"API":"/history","Error":{"code":429,"message":"request limit reached","s":"error"}},"timestamp":"2026-08-21 14:41:52,289+0530","service":"FyersAPI"}
{"level":"ERROR","location":"[error:54] fyers_logger","message":{"API":"/history","Error":{"code":429,"message":"request limit reached","s":"error"}},"timestamp":"2026-08-21 14:41:52,294+0530","service":"FyersAPI"}
{"level":"ERROR","location":"[error:54] fyers_logger","message":{"API":"/history","Error":{"code":429,"message":"request limit reached","s":"error"}},"timestamp":"2026-08-21 14:41:52,532+0530","service":"FyersAPI"}
{"level":"ERROR","location":"[error:54] fyers_logger","message":{"API":"/history","Error":{"code":429,"message":"request limit reached","s":"error"}},"timestamp":"2026-08-21 14:41:52,536+0530","service":"FyersAPI"}
{"level":"ERROR","location":"[error:54] fyers_logger","message":{"API":"/history","Error":{"code":429,"message":"request limit reached","s":"error"}},"timestamp":"2026-08-21 14:41:52,776+0530","service":"FyersAPI"}
{"level":"ERROR","location":"[error:54] fyers_logger","message":{"API":"/history","Error":{"code":429,"message":"request limit reached","s":"error"}},"timestamp":"2026-08-21 14:41:52,781+0530","service":"FyersAPI"}
{"level":"ERROR","location":"[error:54] fyers_logger","message":{"API":"/history","Error":{"code":429,"message":"request limit reached","s":"error"}},"timestamp":"2026-08-21 14:41:53,025+0530","service":"FyersAPI"}
{"level":"ERROR","location":"[error:54] fyers_logger","message":{"API":"/history","Error":{"code":429,"message":"request limit reached","s":"error"}},"timestamp":"2026-08-21 14:41:53,025+0530","service":"FyersAPI"}
{"level":"ERROR","location":"[error:54] fyers_logger","message":{"API":"/history","Error":{"code":429,"message":"request limit reached","s":"error"}},"timestamp":"2026-08-21 14:41:53,276+0530","service":"FyersAPI"}
{"level":"ERROR","location":"[error:54] fyers_logger","message":{"API":"/history","Error":{"code":429,"message":"request limit reached","s":"error"}},"timestamp":"2026-08-21 14:41:53,276+0530","service":"FyersAPI"}
{"level":"ERROR","location":"[error:54] fyers_logger","message":{"API":"/history","Error":{"code":429,"message":"request limit reached","s":"error"}},"timestamp":"2026-08-21 14:41:53,530+0530","service":"FyersAPI"}
{"level":"ERROR","location":"[error:54] fyers_logger","message":{"API":"/history","Error":{"code":429,"message":"request limit reached","s":"error"}},"timestamp":"2026-08-21 14:41:53,531+0530","service":"FyersAPI"}
{"level":"ERROR","location":"[error:54] fyers_logger","message":{"API":"/history","Error":{"code":429,"message":"request limit reached","s":"error"}},"timestamp":"2026-08-21 14:41:53,776+0530","service":"FyersAPI"}
{"level":"ERROR","location":"[error:54] fyers_logger","message":{"API":"/history","Error":{"code":429,"message":"request limit reached","s":"error"}},"timestamp":"2026-08-21 14:41:53,788+0530","service":"FyersAPI"}
{"level":"ERROR","location":"[error:54] fyers_logger","message":{"API":"/history","Error":{"code":429,"message":"request limit reached","s":"error"}},"timestamp":"2026-08-21 14:41:54,019+0530","service":"FyersAPI"}
{"level":"ERROR","location":"[error:54] fyers_logger","message":{"API":"/history","Error":{"code":429,"message":"request limit reached","s":"error"}},"timestamp":"2026-08-21 14:41:54,035+0530","service":"FyersAPI"}
{"level":"ERROR","location":"[error:54] fyers_logger","message":{"API":"/history","Error":{"code":429,"message":"request limit reached","s":"error"}},"timestamp":"2026-08-21 14:41:54,261+0530","service":"FyersAPI"}
{"level":"ERROR","location":"[error:54] fyers_logger","message":{"API":"/history","Error":{"code":429,"message":"request limit reached","s":"error"}},"timestamp":"2026-08-21 14:41:54,282+0530","service":"FyersAPI"}
{"level":"ERROR","location":"[error:54] fyers_logger","message":{"API":"/history","Error":{"code":429,"message":"request limit reached","s":"error"}},"timestamp":"2026-08-21 14:41:54,503+0530","service":"FyersAPI"}
{"level":"ERROR","location":"[error:54] fyers_logger","message":{"API":"/history","Error":{"code":429,"message":"request limit reached","s":"error"}},"timestamp":"2026-08-21 14:41:54,529+0530","service":"FyersAPI"}
{"level":"ERROR","location":"[error:54] fyers_logger","message":{"API":"/history","Error":{"code":429,"message":"request limit reached","s":"error"}},"timestamp":"2026-08-21 14:41:54,751+0530","service":"FyersAPI"}
{"level":"ERROR","location":"[error:54] fyers_logger","message":{"API":"/history","Error":{"code":429,"message":"request limit reached","s":"error"}},"timestamp":"2026-08-21 14:41:54,771+0530","service":"FyersAPI"}
{"level":"ERROR","location":"[error:54] fyers_logger","message":{"API":"/history","Error":{"code":429,"message":"request limit reached","s":"error"}},"timestamp":"2026-08-21 14:41:54,995+0530","service":"FyersAPI"}
{"level":"ERROR","location":"[error:54] fyers_logger","message":{"API":"/history","Error":{"code":429,"message":"request limit reached","s":"error"}},"timestamp":"2026-08-21 14:41:55,019+0530","service":"FyersAPI"}
{"level":"ERROR","location":"[error:54] fyers_logger","message":{"API":"/history","Error":{"code":429,"message":"request limit reached","s":"error"}},"timestamp":"2026-08-21 14:41:55,248+0530","service":"FyersAPI"}
{"level":"ERROR","location":"[error:54] fyers_logger","message":{"API":"/history","Error":{"code":429,"message":"request limit reached","s":"error"}},"timestamp":"2026-08-21 14:41:55,265+0530","service":"FyersAPI"}
{"level":"ERROR","location":"[error:54] fyers_logger","message":{"API":"/history","Error":{"code":429,"message":"request limit reached","s":"error"}},"timestamp":"2026-08-21 14:41:55,487+0530","service":"FyersAPI"}
{"level":"ERROR","location":"[error:54] fyers_logger","message":{"API":"/history","Error":{"code":429,"message":"request limit reached","s":"error"}},"timestamp":"2026-08-21 14:41:55,510+0530","service":"FyersAPI"}
{"level":"ERROR","location":"[error:54] fyers_logger","message":{"API":"/history","Error":{"code":429,"message":"request limit reached","s":"error"}},"timestamp":"2026-08-21 14:41:55,728+0530","service":"FyersAPI"}
{"level":"ERROR","location":"[error:54] fyers_logger","message":{"API":"/history","Error":{"code":429,"message":"request limit reached","s":"error"}},"timestamp":"2026-08-21 14:41:55,762+0530","service":"FyersAPI"}
{"level":"ERROR","location":"[error:54] fyers_logger","message":{"API":"/history","Error":{"code":429,"message":"request limit reached","s":"error"}},"timestamp":"2026-08-21 14:41:55,992+0530","service":"FyersAPI"}
{"level":"ERROR","location":"[error:54] fyers_logger","message":{"API":"/history","Error":{"code":429,"message":"request limit reached","s":"error"}},"timestamp":"2026-08-21 14:41:56,022+0530","service":"FyersAPI"}
{"level":"ERROR","location":"[error:54] fyers_logger","message":{"API":"/history","Error":{"code":429,"message":"request limit reached","s":"error"}},"timestamp":"2026-08-21 14:41:56,265+0530","service":"FyersAPI"}
{"level":"ERROR","location":"[error:54] fyers_logger","message":{"API":"/history","Error":{"code":429,"message":"request limit reached","s":"error"}},"timestamp":"2026-08-21 14:41:56,293+0530","service":"FyersAPI"}
{"level":"ERROR","location":"[error:54] fyers_logger","message":{"API":"/history","Error":{"code":429,"message":"request limit reached","s":"error"}},"timestamp":"2026-08-21 14:41:56,509+0530","service":"FyersAPI"}
{"level":"ERROR","location":"[error:54] fyers_logger","message":{"API":"/history","Error":{"code":429,"message":"request limit reached","s":"error"}},"timestamp":"2026-08-21 14:41:56,539+0530","service":"FyersAPI"}
{"level":"ERROR","location":"[error:54] fyers_logger","message":{"API":"/history","Error":{"code":429,"message":"request limit reached","s":"error"}},"timestamp":"2026-08-21 14:41:56,780+0530","service":"FyersAPI"}
{"level":"ERROR","location":"[error:54] fyers_logger","message":{"API":"/history","Error":{"code":429,"message":"request limit reached","s":"error"}},"timestamp":"2026-08-21 14:41:56,789+0530","service":"FyersAPI"}
{"level":"ERROR","location":"[error:54] fyers_logger","message":{"API":"/history","Error":{"code":429,"message":"request limit reached","s":"error"}},"timestamp":"2026-08-21 14:41:57,034+0530","service":"FyersAPI"}
{"level":"ERROR","location":"[error:54] fyers_logger","message":{"API":"/history","Error":{"code":429,"message":"request limit reached","s":"error"}},"timestamp":"2026-08-21 14:41:57,094+0530","service":"FyersAPI"}
{"level":"ERROR","location":"[error:54] fyers_logger","message":{"API":"/history","Error":{"code":429,"message":"request limit reached","s":"error"}},"timestamp":"2026-08-21 14:41:57,281+0530","service":"FyersAPI"}
{"level":"ERROR","location":"[error:54] fyers_logger","message":{"API":"/history","Error":{"code":429,"message":"request limit reached","s":"error"}},"timestamp":"2026-08-21 14:41:57,342+0530","service":"FyersAPI"}
{"level":"ERROR","location":"[error:54] fyers_logger","message":{"API":"/history","Error":{"code":429,"message":"request limit reached","s":"error"}},"timestamp":"2026-08-21 14:41:57,538+0530","service":"FyersAPI"}
{"level":"ERROR","location":"[error:54] fyers_logger","message":{"API":"/history","Error":{"code":429,"message":"request limit reached","s":"error"}},"timestamp":"2026-08-21 14:41:57,592+0530","service":"FyersAPI"}
{"level":"ERROR","location":"[error:54] fyers_logger","message":{"API":"/history","Error":{"code":429,"message":"request limit reached","s":"error"}},"timestamp":"2026-08-21 14:41:57,785+0530","service":"FyersAPI"}
{"level":"ERROR","location":"[error:54] fyers_logger","message":{"API":"/history","Error":{"code":429,"message":"request limit reached","s":"error"}},"timestamp":"2026-08-21 14:41:57,835+0530","service":"FyersAPI"}
{"level":"ERROR","location":"[error:54] fyers_logger","message":{"API":"/history","Error":{"code":429,"message":"request limit reached","s":"error"}},"timestamp":"2026-08-21 14:41:58,027+0530","service":"FyersAPI"}
{"level":"ERROR","location":"[error:54] fyers_logger","message":{"API":"/history","Error":{"code":429,"message":"request limit reached","s":"error"}},"timestamp":"2026-08-21 14:41:58,083+0530","service":"FyersAPI"}
{"level":"ERROR","location":"[error:54] fyers_logger","message":{"API":"/history","Error":{"code":429,"message":"request limit reached","s":"error"}},"timestamp":"2026-08-21 14:41:58,271+0530","service":"FyersAPI"}
{"level":"ERROR","location":"[error:54] fyers_logger","message":{"API":"/history","Error":{"code":429,"message":"request limit reached","s":"error"}},"timestamp":"2026-08-21 14:41:58,327+0530","service":"FyersAPI"}
{"level":"ERROR","location":"[error:54] fyers_logger","message":{"API":"/history","Error":{"code":429,"message":"request limit reached","s":"error"}},"timestamp":"2026-08-21 14:41:58,520+0530","service":"FyersAPI"}
{"level":"ERROR","location":"[error:54] fyers_logger","message":{"API":"/history","Error":{"code":429,"message":"request limit reached","s":"error"}},"timestamp":"2026-08-21 14:41:58,568+0530","service":"FyersAPI"}
{"level":"ERROR","location":"[error:54] fyers_logger","message":{"API":"/history","error":"Expecting value: line 1 column 1 (char 0)"},"timestamp":"2026-08-21 14:41:58,742+0530","service":"FyersAPI"}
{"level":"ERROR","location":"[error:54] fyers_logger","message":{"API":"/history","error":"Expecting value: line 1 column 1 (char 0)"},"timestamp":"2026-08-21 14:41:58,788+0530","service":"FyersAPI"}
{"level":"ERROR","location":"[error:54] fyers_logger","message":{"API":"/history","error":"Expecting value: line 1 column 1 (char 0)"},"timestamp":"2026-08-21 14:41:58,963+0530","service":"FyersAPI"}
{"level":"ERROR","location":"[error:54] fyers_logger","message":{"API":"/history","error":"Expecting value: line 1 column 1 (char 0)"},"timestamp":"2026-08-21 14:41:59,007+0530","service":"FyersAPI"}
{"level":"ERROR","location":"[error:54] fyers_logger","message":{"API":"/history","error":"Expecting value: line 1 column 1 (char 0)"},"timestamp":"2026-08-21 14:41:59,183+0530","service":"FyersAPI"}
{"level":"ERROR","location":"[error:54] fyers_logger","message":{"API":"/history","error":"Expecting value: line 1 column 1 (char 0)"},"timestamp":"2026-08-21 14:41:59,227+0530","service":"FyersAPI"}
{"level":"ERROR","location":"[error:54] fyers_logger","message":{"API":"/history","error":"Expecting value: line 1 column 1 (char 0)"},"timestamp":"2026-08-21 14:41:59,408+0530","service":"FyersAPI"}
{"level":"ERROR","location":"[error:54] fyers_logger","message":{"API":"/history","error":"Expecting value: line 1 column 1 (char 0)"},"timestamp":"2026-08-21 14:41:59,448+0530","service":"FyersAPI"}
{"level":"ERROR","location":"[error:54] fyers_logger","message":{"API":"/history","error":"Expecting value: line 1 column 1 (char 0)"},"timestamp":"2026-08-21 14:41:59,630+0530","service":"FyersAPI"}
{"level":"ERROR","location":"[error:54] fyers_logger","message":{"API":"/history","error":"Expecting value: line 1 column 1 (char 0)"},"timestamp":"2026-08-21 14:41:59,666+0530","service":"FyersAPI"}
{"level":"ERROR","location":"[error:54] fyers_logger","message":{"API":"/history","error":"Expecting value: line 1 column 1 (char 0)"},"timestamp":"2026-08-21 14:41:59,853+0530","service":"FyersAPI"}
{"level":"ERROR","location":"[error:54] fyers_logger","message":{"API":"/history","error":"Expecting value: line 1 column 1 (char 0)"},"timestamp":"2026-08-21 14:41:59,884+0530","service":"FyersAPI"}
{"level":"ERROR","location":"[error:54] fyers_logger","message":{"API":"/history","error":"Expecting value: line 1 column 1 (char 0)"},"timestamp":"2026-08-21 14:42:00,072+0530","service":"FyersAPI"}
{"level":"ERROR","location":"[error:54] fyers_logger","message":{"API":"/history","error":"Expecting value: line 1 column 1 (char 0)"},"timestamp":"2026-08-21 14:42:00,102+0530","service":"FyersAPI"}
{"level":"ERROR","location":"[error:54] fyers_logger","message":{"API":"/history","error":"Expecting value: line 1 column 1 (char 0)"},"timestamp":"2026-08-21 14:42:00,291+0530","service":"FyersAPI"}
{"level":"ERROR","location":"[error:54] fyers_logger","message":{"API":"/history","error":"Expecting value: line 1 column 1 (char 0)"},"timestamp":"2026-08-21 14:42:00,319+0530","service":"FyersAPI"}
{"level":"ERROR","location":"[error:54] fyers_logger","message":{"API":"/history","error":"Expecting value: line 1 column 1 (char 0)"},"timestamp":"2026-08-21 14:42:00,522+0530","service":"FyersAPI"}
{"level":"ERROR","location":"[error:54] fyers_logger","message":{"API":"/history","error":"Expecting value: line 1 column 1 (char 0)"},"timestamp":"2026-08-21 14:42:00,537+0530","service":"FyersAPI"}
{"level":"ERROR","location":"[error:54] fyers_logger","message":{"API":"/history","error":"Expecting value: line 1 column 1 (char 0)"},"timestamp":"2026-08-21 14:42:00,743+0530","service":"FyersAPI"}
{"level":"ERROR","location":"[error:54] fyers_logger","message":{"API":"/history","error":"Expecting value: line 1 column 1 (char 0)"},"timestamp":"2026-08-21 14:42:00,758+0530","service":"FyersAPI"}
{"level":"ERROR","location":"[error:54] fyers_logger","message":{"API":"/history","error":"Expecting value: line 1 column 1 (char 0)"},"timestamp":"2026-08-21 14:42:00,963+0530","service":"FyersAPI"}
{"level":"ERROR","location":"[error:54] fyers_logger","message":{"API":"/history","error":"Expecting value: line 1 column 1 (char 0)"},"timestamp":"2026-08-21 14:42:00,981+0530","service":"FyersAPI"}
{"level":"ERROR","location":"[error:54] fyers_logger","message":{"API":"/history","Error":{"code":429,"message":"request limit reached","s":"error"}},"timestamp":"2026-08-21 14:42:01,216+0530","service":"FyersAPI"}
{"level":"ERROR","location":"[error:54] fyers_logger","message":{"API":"/history","Error":{"code":429,"message":"request limit reached","s":"error"}},"timestamp":"2026-08-21 14:42:01,233+0530","service":"FyersAPI"}
{"level":"ERROR","location":"[error:54] fyers_logger","message":{"API":"/history","error":"Expecting value: line 1 column 1 (char 0)"},"timestamp":"2026-08-21 14:42:01,436+0530","service":"FyersAPI"}
{"level":"ERROR","location":"[error:54] fyers_logger","message":{"API":"/history","error":"Expecting value: line 1 column 1 (char 0)"},"timestamp":"2026-08-21 14:42:01,453+0530","service":"FyersAPI"}
{"level":"ERROR","location":"[error:54] fyers_logger","message":{"API":"/history","error":"Expecting value: line 1 column 1 (char 0)"},"timestamp":"2026-08-21 14:42:01,655+0530","service":"FyersAPI"}
{"level":"ERROR","location":"[error:54] fyers_logger","message":{"API":"/history","error":"Expecting value: line 1 column 1 (char 0)"},"timestamp":"2026-08-21 14:42:01,671+0530","service":"FyersAPI"}
{"level":"ERROR","location":"[error:54] fyers_logger","message":{"API":"/history","error":"Expecting value: line 1 column 1 (char 0)"},"timestamp":"2026-08-21 14:42:01,874+0530","service":"FyersAPI"}
{"level":"ERROR","location":"[error:54] fyers_logger","message":{"API":"/history","error":"Expecting value: line 1 column 1 (char 0)"},"timestamp":"2026-08-21 14:42:01,890+0530","service":"FyersAPI"}
{"level":"ERROR","location":"[error:54] fyers_logger","message":{"API":"/history","Error":{"code":429,"message":"request limit reached","s":"error"}},"timestamp":"2026-08-21 14:42:02,118+0530","service":"FyersAPI"}
{"level":"ERROR","location":"[error:54] fyers_logger","message":{"API":"/history","Error":{"code":429,"message":"request limit reached","s":"error"}},"timestamp":"2026-08-21 14:42:02,131+0530","service":"FyersAPI"}
{"level":"ERROR","location":"[error:54] fyers_logger","message":{"API":"/history","error":"Expecting value: line 1 column 1 (char 0)"},"timestamp":"2026-08-21 14:42:02,336+0530","service":"FyersAPI"}
{"level":"ERROR","location":"[error:54] fyers_logger","message":{"API":"/history","error":"Expecting value: line 1 column 1 (char 0)"},"timestamp":"2026-08-21 14:42:02,351+0530","service":"FyersAPI"}
{"level":"ERROR","location":"[error:54] fyers_logger","message":{"API":"/history","error":"Expecting value: line 1 column 1 (char 0)"},"timestamp":"2026-08-21 14:42:02,558+0530","service":"FyersAPI"}
{"level":"ERROR","location":"[error:54] fyers_logger","message":{"API":"/history","error":"Expecting value: line 1 column 1 (char 0)"},"timestamp":"2026-08-21 14:42:02,570+0530","service":"FyersAPI"}
{"level":"ERROR","location":"[error:54] fyers_logger","message":{"API":"/history","error":"Expecting value: line 1 column 1 (char 0)"},"timestamp":"2026-08-21 14:42:02,777+0530","service":"FyersAPI"}
{"level":"ERROR","location":"[error:54] fyers_logger","message":{"API":"/history","error":"Expecting value: line 1 column 1 (char 0)"},"timestamp":"2026-08-21 14:42:02,785+0530","service":"FyersAPI"}
{"level":"ERROR","location":"[error:54] fyers_logger","message":{"API":"/history","error":"Expecting value: line 1 column 1 (char 0)"},"timestamp":"2026-08-21 14:42:03,002+0530","service":"FyersAPI"}
{"level":"ERROR","location":"[error:54] fyers_logger","message":{"API":"/history","error":"Expecting value: line 1 column 1 (char 0)"},"timestamp":"2026-08-21 14:42:03,006+0530","service":"FyersAPI"}
{"level":"ERROR","location":"[error:54] fyers_logger","message":{"API":"/history","Error":{"code":429,"message":"request limit reached","s":"error"}},"timestamp":"2026-08-21 14:42:03,266+0530","service":"FyersAPI"}
{"level":"ERROR","location":"[error:54] fyers_logger","message":{"API":"/history","Error":{"code":429,"message":"request limit reached","s":"error"}},"timestamp":"2026-08-21 14:42:03,266+0530","service":"FyersAPI"}
{"level":"ERROR","location":"[error:54] fyers_logger","message":{"API":"/history","error":"Expecting value: line 1 column 1 (char 0)"},"timestamp":"2026-08-21 14:42:03,487+0530","service":"FyersAPI"}
{"level":"ERROR","location":"[error:54] fyers_logger","message":{"API":"/history","error":"Expecting value: line 1 column 1 (char 0)"},"timestamp":"2026-08-21 14:42:03,489+0530","service":"FyersAPI"}
{"level":"ERROR","location":"[error:54] fyers_logger","message":{"API":"/history","error":"Expecting value: line 1 column 1 (char 0)"},"timestamp":"2026-08-21 14:42:03,704+0530","service":"FyersAPI"}
{"level":"ERROR","location":"[error:54] fyers_logger","message":{"API":"/history","error":"Expecting value: line 1 column 1 (char 0)"},"timestamp":"2026-08-21 14:42:03,709+0530","service":"FyersAPI"}
{"level":"ERROR","location":"[error:54] fyers_logger","message":{"API":"/history","error":"Expecting value: line 1 column 1 (char 0)"},"timestamp":"2026-08-21 14:42:03,927+0530","service":"FyersAPI"}
{"level":"ERROR","location":"[error:54] fyers_logger","message":{"API":"/history","error":"Expecting value: line 1 column 1 (char 0)"},"timestamp":"2026-08-21 14:42:03,928+0530","service":"FyersAPI"}
{"level":"ERROR","location":"[error:54] fyers_logger","message":{"API":"/history","Error":{"code":429,"message":"request limit reached","s":"error"}},"timestamp":"2026-08-21 14:42:04,170+0530","service":"FyersAPI"}
{"level":"ERROR","location":"[error:54] fyers_logger","message":{"API":"/history","Error":{"code":429,"message":"request limit reached","s":"error"}},"timestamp":"2026-08-21 14:42:04,181+0530","service":"FyersAPI"}
{"level":"ERROR","location":"[error:54] fyers_logger","message":{"API":"/history","error":"Expecting value: line 1 column 1 (char 0)"},"timestamp":"2026-08-21 14:42:04,391+0530","service":"FyersAPI"}
{"level":"ERROR","location":"[error:54] fyers_logger","message":{"API":"/history","error":"Expecting value: line 1 column 1 (char 0)"},"timestamp":"2026-08-21 14:42:04,403+0530","service":"FyersAPI"}
{"level":"ERROR","location":"[error:54] fyers_logger","message":{"API":"/history","error":"Expecting value: line 1 column 1 (char 0)"},"timestamp":"2026-08-21 14:42:04,611+0530","service":"FyersAPI"}
{"level":"ERROR","location":"[error:54] fyers_logger","message":{"API":"/history","error":"Expecting value: line 1 column 1 (char 0)"},"timestamp":"2026-08-21 14:42:04,626+0530","service":"FyersAPI"}
{"level":"ERROR","location":"[error:54] fyers_logger","message":{"API":"/history","error":"Expecting value: line 1 column 1 (char 0)"},"timestamp":"2026-08-21 14:42:04,832+0530","service":"FyersAPI"}
{"level":"ERROR","location":"[error:54] fyers_logger","message":{"API":"/history","error":"Expecting value: line 1 column 1 (char 0)"},"timestamp":"2026-08-21 14:42:04,847+0530","service":"FyersAPI"}
{"level":"ERROR","location":"[error:54] fyers_logger","message":{"API":"/history","Error":{"code":429,"message":"request limit reached","s":"error"}},"timestamp":"2026-08-21 14:42:05,078+0530","service":"FyersAPI"}
{"level":"ERROR","location":"[error:54] fyers_logger","message":{"API":"/history","Error":{"code":429,"message":"request limit reached","s":"error"}},"timestamp":"2026-08-21 14:42:05,098+0530","service":"FyersAPI"}
{"level":"ERROR","location":"[error:54] fyers_logger","message":{"API":"/history","error":"Expecting value: line 1 column 1 (char 0)"},"timestamp":"2026-08-21 14:42:05,296+0530","service":"FyersAPI"}
{"level":"ERROR","location":"[error:54] fyers_logger","message":{"API":"/history","error":"Expecting value: line 1 column 1 (char 0)"},"timestamp":"2026-08-21 14:42:05,318+0530","service":"FyersAPI"}
{"level":"ERROR","location":"[error:54] fyers_logger","message":{"API":"/history","error":"Expecting value: line 1 column 1 (char 0)"},"timestamp":"2026-08-21 14:42:05,512+0530","service":"FyersAPI"}
{"level":"ERROR","location":"[error:54] fyers_logger","message":{"API":"/history","error":"Expecting value: line 1 column 1 (char 0)"},"timestamp":"2026-08-21 14:42:05,539+0530","service":"FyersAPI"}
{"level":"ERROR","location":"[error:54] fyers_logger","message":{"API":"/history","error":"Expecting value: line 1 column 1 (char 0)"},"timestamp":"2026-08-21 14:42:05,727+0530","service":"FyersAPI"}
{"level":"ERROR","location":"[error:54] fyers_logger","message":{"API":"/history","error":"Expecting value: line 1 column 1 (char 0)"},"timestamp":"2026-08-21 14:42:05,754+0530","service":"FyersAPI"}
{"level":"ERROR","location":"[error:54] fyers_logger","message":{"API":"/history","error":"Expecting value: line 1 column 1 (char 0)"},"timestamp":"2026-08-21 14:42:05,943+0530","service":"FyersAPI"}
{"level":"ERROR","location":"[error:54] fyers_logger","message":{"API":"/history","error":"Expecting value: line 1 column 1 (char 0)"},"timestamp":"2026-08-21 14:42:05,975+0530","service":"FyersAPI"}
{"level":"ERROR","location":"[error:54] fyers_logger","message":{"API":"/history","error":"Expecting value: line 1 column 1 (char 0)"},"timestamp":"2026-08-21 14:42:06,160+0530","service":"FyersAPI"}
{"level":"ERROR","location":"[error:54] fyers_logger","message":{"API":"/history","error":"Expecting value: line 1 column 1 (char 0)"},"timestamp":"2026-08-21 14:42:06,194+0530","service":"FyersAPI"}
{"level":"ERROR","location":"[error:54] fyers_logger","message":{"API":"/history","error":"Expecting value: line 1 column 1 (char 0)"},"timestamp":"2026-08-21 14:42:06,378+0530","service":"FyersAPI"}
{"level":"ERROR","location":"[error:54] fyers_logger","message":{"API":"/history","error":"Expecting value: line 1 column 1 (char 0)"},"timestamp":"2026-08-21 14:42:06,417+0530","service":"FyersAPI"}
{"level":"ERROR","location":"[error:54] fyers_logger","message":{"API":"/history","error":"Expecting value: line 1 column 1 (char 0)"},"timestamp":"2026-08-21 14:42:06,595+0530","service":"FyersAPI"}
{"level":"ERROR","location":"[error:54] fyers_logger","message":{"API":"/history","error":"Expecting value: line 1 column 1 (char 0)"},"timestamp":"2026-08-21 14:42:06,644+0530","service":"FyersAPI"}
{"level":"ERROR","location":"[error:54] fyers_logger","message":{"API":"/history","error":"Expecting value: line 1 column 1 (char 0)"},"timestamp":"2026-08-21 14:42:06,812+0530","service":"FyersAPI"}
{"level":"ERROR","location":"[error:54] fyers_logger","message":{"API":"/history","error":"Expecting value: line 1 column 1 (char 0)"},"timestamp":"2026-08-21 14:42:06,863+0530","service":"FyersAPI"}
{"level":"ERROR","location":"[error:54] fyers_logger","message":{"API":"/history","Error":{"code":429,"message":"request limit reached","s":"error"}},"timestamp":"2026-08-21 14:42:07,066+0530","service":"FyersAPI"}
{"level":"ERROR","location":"[error:54] fyers_logger","message":{"API":"/history","Error":{"code":429,"message":"request limit reached","s":"error"}},"timestamp":"2026-08-21 14:42:07,167+0530","service":"FyersAPI"}
{"level":"ERROR","location":"[error:54] fyers_logger","message":{"API":"/history","error":"Expecting value: line 1 column 1 (char 0)"},"timestamp":"2026-08-21 14:42:07,286+0530","service":"FyersAPI"}
{"level":"ERROR","location":"[error:54] fyers_logger","message":{"API":"/history","error":"Expecting value: line 1 column 1 (char 0)"},"timestamp":"2026-08-21 14:42:07,386+0530","service":"FyersAPI"}
{"level":"ERROR","location":"[error:54] fyers_logger","message":{"API":"/history","error":"Expecting value: line 1 column 1 (char 0)"},"timestamp":"2026-08-21 14:42:07,503+0530","service":"FyersAPI"}
{"level":"ERROR","location":"[error:54] fyers_logger","message":{"API":"/history","error":"Expecting value: line 1 column 1 (char 0)"},"timestamp":"2026-08-21 14:42:07,608+0530","service":"FyersAPI"}
{"level":"ERROR","location":"[error:54] fyers_logger","message":{"API":"/history","error":"Expecting value: line 1 column 1 (char 0)"},"timestamp":"2026-08-21 14:42:07,720+0530","service":"FyersAPI"}
{"level":"ERROR","location":"[error:54] fyers_logger","message":{"API":"/history","error":"Expecting value: line 1 column 1 (char 0)"},"timestamp":"2026-08-21 14:42:07,830+0530","service":"FyersAPI"}
{"level":"ERROR","location":"[error:54] fyers_logger","message":{"API":"/history","error":"Expecting value: line 1 column 1 (char 0)"},"timestamp":"2026-08-21 14:42:07,937+0530","service":"FyersAPI"}
{"level":"ERROR","location":"[error:54] fyers_logger","message":{"API":"/history","Error":{"code":429,"message":"request limit reached","s":"error"}},"timestamp":"2026-08-21 14:42:08,081+0530","service":"FyersAPI"}
{"level":"ERROR","location":"[error:54] fyers_logger","message":{"API":"/history","Error":{"code":429,"message":"request limit reached","s":"error"}},"timestamp":"2026-08-21 14:42:08,179+0530","service":"FyersAPI"}
{"level":"ERROR","location":"[error:54] fyers_logger","message":{"API":"/history","error":"Expecting value: line 1 column 1 (char 0)"},"timestamp":"2026-08-21 14:42:08,304+0530","service":"FyersAPI"}
{"level":"ERROR","location":"[error:54] fyers_logger","message":{"API":"/history","error":"Expecting value: line 1 column 1 (char 0)"},"timestamp":"2026-08-21 14:42:08,396+0530","service":"FyersAPI"}
{"level":"ERROR","location":"[error:54] fyers_logger","message":{"API":"/history","error":"Expecting value: line 1 column 1 (char 0)"},"timestamp":"2026-08-21 14:42:08,524+0530","service":"FyersAPI"}
{"level":"ERROR","location":"[error:54] fyers_logger","message":{"API":"/history","error":"Expecting value: line 1 column 1 (char 0)"},"timestamp":"2026-08-21 14:42:08,613+0530","service":"FyersAPI"}
{"level":"ERROR","location":"[error:54] fyers_logger","message":{"API":"/history","error":"Expecting value: line 1 column 1 (char 0)"},"timestamp":"2026-08-21 14:42:08,742+0530","service":"FyersAPI"}
{"level":"ERROR","location":"[error:54] fyers_logger","message":{"API":"/history","error":"Expecting value: line 1 column 1 (char 0)"},"timestamp":"2026-08-21 14:42:08,831+0530","service":"FyersAPI"}
{"level":"ERROR","location":"[error:54] fyers_logger","message":{"API":"/history","error":"Expecting value: line 1 column 1 (char 0)"},"timestamp":"2026-08-21 14:42:08,963+0530","service":"FyersAPI"}
{"level":"ERROR","location":"[error:54] fyers_logger","message":{"API":"/history","Error":{"code":429,"message":"request limit reached","s":"error"}},"timestamp":"2026-08-21 14:42:09,074+0530","service":"FyersAPI"}
{"level":"ERROR","location":"[error:54] fyers_logger","message":{"API":"/history","Error":{"code":429,"message":"request limit reached","s":"error"}},"timestamp":"2026-08-21 14:42:09,208+0530","service":"FyersAPI"}
{"level":"ERROR","location":"[error:54] fyers_logger","message":{"API":"/history","error":"Expecting value: line 1 column 1 (char 0)"},"timestamp":"2026-08-21 14:42:09,290+0530","service":"FyersAPI"}
{"level":"ERROR","location":"[error:54] fyers_logger","message":{"API":"/history","error":"Expecting value: line 1 column 1 (char 0)"},"timestamp":"2026-08-21 14:42:09,424+0530","service":"FyersAPI"}
{"level":"ERROR","location":"[error:54] fyers_logger","message":{"API":"/history","error":"Expecting value: line 1 column 1 (char 0)"},"timestamp":"2026-08-21 14:42:09,509+0530","service":"FyersAPI"}
{"level":"ERROR","location":"[error:54] fyers_logger","message":{"API":"/history","error":"Expecting value: line 1 column 1 (char 0)"},"timestamp":"2026-08-21 14:42:09,644+0530","service":"FyersAPI"}
{"level":"ERROR","location":"[error:54] fyers_logger","message":{"API":"/history","error":"Expecting value: line 1 column 1 (char 0)"},"timestamp":"2026-08-21 14:42:09,725+0530","service":"FyersAPI"}
{"level":"ERROR","location":"[error:54] fyers_logger","message":{"API":"/history","error":"Expecting value: line 1 column 1 (char 0)"},"timestamp":"2026-08-21 14:42:09,867+0530","service":"FyersAPI"}
{"level":"ERROR","location":"[error:54] fyers_logger","message":{"API":"/history","error":"Expecting value: line 1 column 1 (char 0)"},"timestamp":"2026-08-21 14:42:09,943+0530","service":"FyersAPI"}
{"level":"ERROR","location":"[error:54] fyers_logger","message":{"API":"/history","Error":{"code":429,"message":"request limit reached","s":"error"}},"timestamp":"2026-08-21 14:42:10,112+0530","service":"FyersAPI"}
{"level":"ERROR","location":"[error:54] fyers_logger","message":{"API":"/history","error":"Expecting value: line 1 column 1 (char 0)"},"timestamp":"2026-08-21 14:42:10,813+0530","service":"FyersAPI"}
{"level":"ERROR","location":"[error:54] fyers_logger","message":{"API":"/history","Error":{"code":429,"message":"request limit reached","s":"error"}},"timestamp":"2026-08-21 14:42:10,814+0530","service":"FyersAPI"}
{"level":"ERROR","location":"[error:54] fyers_logger","message":{"API":"/history","Error":{"code":429,"message":"request limit reached","s":"error"}},"timestamp":"2026-08-21 14:42:11,059+0530","service":"FyersAPI"}
{"level":"ERROR","location":"[error:54] fyers_logger","message":{"API":"/history","Error":{"code":429,"message":"request limit reached","s":"error"}},"timestamp":"2026-08-21 14:42:11,060+0530","service":"FyersAPI"}
{"level":"ERROR","location":"[error:54] fyers_logger","message":{"API":"/history","error":"Expecting value: line 1 column 1 (char 0)"},"timestamp":"2026-08-21 14:42:11,277+0530","service":"FyersAPI"}
{"level":"ERROR","location":"[error:54] fyers_logger","message":{"API":"/history","error":"Expecting value: line 1 column 1 (char 0)"},"timestamp":"2026-08-21 14:42:11,279+0530","service":"FyersAPI"}
{"level":"ERROR","location":"[error:54] fyers_logger","message":{"API":"/history","error":"Expecting value: line 1 column 1 (char 0)"},"timestamp":"2026-08-21 14:42:11,494+0530","service":"FyersAPI"}
{"level":"ERROR","location":"[error:54] fyers_logger","message":{"API":"/history","error":"Expecting value: line 1 column 1 (char 0)"},"timestamp":"2026-08-21 14:42:11,498+0530","service":"FyersAPI"}
{"level":"ERROR","location":"[error:54] fyers_logger","message":{"API":"/history","error":"Expecting value: line 1 column 1 (char 0)"},"timestamp":"2026-08-21 14:42:11,712+0530","service":"FyersAPI"}
{"level":"ERROR","location":"[error:54] fyers_logger","message":{"API":"/history","error":"Expecting value: line 1 column 1 (char 0)"},"timestamp":"2026-08-21 14:42:11,718+0530","service":"FyersAPI"}
{"level":"ERROR","location":"[error:54] fyers_logger","message":{"API":"/history","error":"Expecting value: line 1 column 1 (char 0)"},"timestamp":"2026-08-21 14:42:11,931+0530","service":"FyersAPI"}
{"level":"ERROR","location":"[error:54] fyers_logger","message":{"API":"/history","error":"Expecting value: line 1 column 1 (char 0)"},"timestamp":"2026-08-21 14:42:11,937+0530","service":"FyersAPI"}
{"level":"ERROR","location":"[error:54] fyers_logger","message":{"API":"/history","error":"Expecting value: line 1 column 1 (char 0)"},"timestamp":"2026-08-21 14:42:12,152+0530","service":"FyersAPI"}
{"level":"ERROR","location":"[error:54] fyers_logger","message":{"API":"/history","error":"Expecting value: line 1 column 1 (char 0)"},"timestamp":"2026-08-21 14:42:12,159+0530","service":"FyersAPI"}
{"level":"ERROR","location":"[error:54] fyers_logger","message":{"API":"/history","error":"Expecting value: line 1 column 1 (char 0)"},"timestamp":"2026-08-21 14:42:12,368+0530","service":"FyersAPI"}
{"level":"ERROR","location":"[error:54] fyers_logger","message":{"API":"/history","error":"Expecting value: line 1 column 1 (char 0)"},"timestamp":"2026-08-21 14:42:12,377+0530","service":"FyersAPI"}
{"level":"ERROR","location":"[error:54] fyers_logger","message":{"API":"/history","error":"Expecting value: line 1 column 1 (char 0)"},"timestamp":"2026-08-21 14:42:12,584+0530","service":"FyersAPI"}
{"level":"ERROR","location":"[error:54] fyers_logger","message":{"API":"/history","error":"Expecting value: line 1 column 1 (char 0)"},"timestamp":"2026-08-21 14:42:12,598+0530","service":"FyersAPI"}
{"level":"ERROR","location":"[error:54] fyers_logger","message":{"API":"/history","error":"Expecting value: line 1 column 1 (char 0)"},"timestamp":"2026-08-21 14:42:12,819+0530","service":"FyersAPI"}
{"level":"ERROR","location":"[error:54] fyers_logger","message":{"API":"/history","Error":{"code":429,"message":"request limit reached","s":"error"}},"timestamp":"2026-08-21 14:42:13,067+0530","service":"FyersAPI"}
{"level":"ERROR","location":"[error:54] fyers_logger","message":{"API":"/history","error":"Expecting value: line 1 column 1 (char 0)"},"timestamp":"2026-08-21 14:42:13,286+0530","service":"FyersAPI"}
{"level":"ERROR","location":"[error:54] fyers_logger","message":{"API":"/history","error":"Expecting value: line 1 column 1 (char 0)"},"timestamp":"2026-08-21 14:42:13,507+0530","service":"FyersAPI"}
{"level":"ERROR","location":"[error:54] fyers_logger","message":{"API":"/history","error":"Expecting value: line 1 column 1 (char 0)"},"timestamp":"2026-08-21 14:42:13,739+0530","service":"FyersAPI"}
{"level":"ERROR","location":"[error:54] fyers_logger","message":{"API":"/history","error":"Expecting value: line 1 column 1 (char 0)"},"timestamp":"2026-08-21 14:42:13,958+0530","service":"FyersAPI"}
{"level":"ERROR","location":"[error:54] fyers_logger","message":{"API":"/history","Error":{"code":429,"message":"request limit reached","s":"error"}},"timestamp":"2026-08-21 14:42:14,205+0530","service":"FyersAPI"}
{"level":"ERROR","location":"[error:54] fyers_logger","message":{"API":"/history","error":"Expecting value: line 1 column 1 (char 0)"},"timestamp":"2026-08-21 14:42:14,426+0530","service":"FyersAPI"}
{"level":"ERROR","location":"[error:54] fyers_logger","message":{"API":"/history","error":"Expecting value: line 1 column 1 (char 0)"},"timestamp":"2026-08-21 14:42:14,651+0530","service":"FyersAPI"}
{"level":"ERROR","location":"[error:54] fyers_logger","message":{"API":"/history","error":"Expecting value: line 1 column 1 (char 0)"},"timestamp":"2026-08-21 14:42:14,869+0530","service":"FyersAPI"}
{"level":"ERROR","location":"[error:54] fyers_logger","message":{"API":"/history","Error":{"code":429,"message":"request limit reached","s":"error"}},"timestamp":"2026-08-21 14:42:15,110+0530","service":"FyersAPI"}
{"level":"ERROR","location":"[error:54] fyers_logger","message":{"API":"/history","error":"Expecting value: line 1 column 1 (char 0)"},"timestamp":"2026-08-21 14:42:15,328+0530","service":"FyersAPI"}
{"level":"ERROR","location":"[error:54] fyers_logger","message":{"API":"/history","error":"Expecting value: line 1 column 1 (char 0)"},"timestamp":"2026-08-21 14:42:15,552+0530","service":"FyersAPI"}
{"level":"ERROR","location":"[error:54] fyers_logger","message":{"API":"/history","error":"Expecting value: line 1 column 1 (char 0)"},"timestamp":"2026-08-21 14:42:15,772+0530","service":"FyersAPI"}
{"level":"ERROR","location":"[error:54] fyers_logger","message":{"API":"/history","error":"Expecting value: line 1 column 1 (char 0)"},"timestamp":"2026-08-21 14:42:15,994+0530","service":"FyersAPI"}
{"level":"ERROR","location":"[error:54] fyers_logger","message":{"API":"/history","Error":{"code":-300,"message":"Invalid symbol provided","s":"error"}},"timestamp":"2026-08-21 14:42:16,251+0530","service":"FyersAPI"}
{"level":"ERROR","location":"[error:54] fyers_logger","message":{"API":"/history","Error":{"code":-300,"message":"Invalid symbol provided","s":"error"}},"timestamp":"2026-08-21 14:46:06,768+0530","service":"FyersAPI"}
{"level":"ERROR","location":"[error:54] fyers_logger","message":{"API":"/history","Error":{"code":-300,"message":"Invalid symbol provided","s":"error"}},"timestamp":"2026-08-21 14:46:08,096+0530","service":"FyersAPI"}
{"level":"ERROR","location":"[error:54] fyers_logger","message":{"API":"/history","Error":{"code":-300,"message":"Invalid symbol provided","s":"error"}},"timestamp":"2026-08-21 14:47:25,132+0530","service":"FyersAPI"}
{"level":"ERROR","location":"[error:54] fyers_logger","message":{"API":"/history","Error":{"code":-300,"message":"Invalid symbol provided","s":"error"}},"timestamp":"2026-08-21 14:47:26,361+0530","service":"FyersAPI"}
{"level":"ERROR","location":"[error:54] fyers_logger","message":{"API":"/history","Error":{"code":-300,"message":"Invalid symbol provided","s":"error"}},"timestamp":"2026-08-21 14:47:46,882+0530","service":"FyersAPI"}
{"level":"ERROR","location":"[error:54] fyers_logger","message":{"API":"/history","Error":{"code":-300,"message":"Invalid symbol provided","s":"error"}},"timestamp":"2026-08-21 14:47:48,091+0530","service":"FyersAPI"}
{"level":"ERROR","location":"[error:54] fyers_logger","message":{"API":"/history","Error":{"code":-300,"message":"Invalid symbol provided","s":"error"}},"timestamp":"2026-08-21 14:48:14,815+0530","service":"FyersAPI"}
{"level":"ERROR","location":"[error:54] fyers_logger","message":{"API":"/history","Error":{"code":-300,"message":"Invalid symbol provided","s":"error"}},"timestamp":"2026-08-21 14:49:07,468+0530","service":"FyersAPI"}
{"level":"ERROR","location":"[error:54] fyers_logger","message":{"API":"/history","Error":{"code":-300,"message":"Invalid symbol provided","s":"error"}},"timestamp":"2026-08-21 14:49:08,528+0530","service":"FyersAPI"}
{"level":"ERROR","location":"[error:54] fyers_logger","message":{"API":"/history","Error":{"code":-300,"message":"Invalid symbol provided","s":"error"}},"timestamp":"2026-08-21 14:49:27,357+0530","service":"FyersAPI"}
{"level":"ERROR","location":"[error:54] fyers_logger","message":{"API":"/history","Error":{"code":-300,"message":"Invalid symbol provided","s":"error"}},"timestamp":"2026-08-21 14:50:09,660+0530","service":"FyersAPI"}
{"level":"ERROR","location":"[error:54] fyers_logger","message":{"API":"/history","Error":{"code":-300,"message":"Invalid symbol provided","s":"error"}},"timestamp":"2026-08-21 14:59:21,626+0530","service":"FyersAPI"}
{"level":"ERROR","location":"[error:54] fyers_logger","message":{"API":"/history","Error":{"code":-300,"message":"Invalid symbol provided","s":"error"}},"timestamp":"2026-08-21 14:59:22,719+0530","service":"FyersAPI"}
{"level":"ERROR","location":"[error:54] fyers_logger","message":{"API":"/history","Error":{"code":-300,"message":"Invalid symbol provided","s":"error"}},"timestamp":"2026-08-21 14:59:42,466+0530","service":"FyersAPI"}
{"level":"ERROR","location":"[error:54] fyers_logger","message":{"API":"/history","Error":{"code":-300,"message":"Invalid symbol provided","s":"error"}},"timestamp":"2026-08-21 15:00:25,359+0530","service":"FyersAPI"}
{"level":"ERROR","location":"[error:54] fyers_logger","message":{"API":"/history","Error":{"code":-300,"message":"Invalid symbol provided","s":"error"}},"timestamp":"2026-08-21 15:09:17,530+0530","service":"FyersAPI"}
{"level":"ERROR","location":"[error:54] fyers_logger","message":{"API":"/history","Error":{"code":-300,"message":"Invalid symbol provided","s":"error"}},"timestamp":"2026-08-21 15:09:19,082+0530","service":"FyersAPI"}
{"level":"ERROR","location":"[error:54] fyers_logger","message":{"API":"/history","Error":{"code":-300,"message":"Invalid symbol provided","s":"error"}},"timestamp":"2026-08-21 15:09:39,401+0530","service":"FyersAPI"}
{"level":"ERROR","location":"[error:54] fyers_logger","message":{"API":"/history","Error":{"code":-300,"message":"Invalid symbol provided","s":"error"}},"timestamp":"2026-08-21 15:10:25,771+0530","service":"FyersAPI"}
{"level":"ERROR","location":"[error:54] fyers_logger","message":{"API":"/options-chain-v3","Error":{"message":"Please provide valid inputs","code":-50,"s":"error"}},"timestamp":"2026-08-21 15:13:24,632+0530","service":"FyersAPI"}
{"level":"ERROR","location":"[error:54] fyers_logger","message":{"API":"/options-chain-v3","Error":{"message":"Please provide valid inputs","code":-50,"s":"error"}},"timestamp":"2026-08-21 15:13:35,831+0530","service":"FyersAPI"}
{"level":"ERROR","location":"[error:54] fyers_logger","message":{"API":"/options-chain-v3","Error":{"message":"Please provide valid inputs","code":-50,"s":"error"}},"timestamp":"2026-08-21 15:13:35,882+0530","service":"FyersAPI"}
{"level":"ERROR","location":"[error:54] fyers_logger","message":{"API":"/options-chain-v3","Error":{"message":"Please provide valid inputs","code":-50,"s":"error"}},"timestamp":"2026-08-21 15:13:35,935+0530","service":"FyersAPI"}
{"level":"ERROR","location":"[error:54] fyers_logger","message":{"API":"/options-chain-v3","Error":{"message":"Please provide valid inputs","code":-50,"s":"error"}},"timestamp":"2026-08-21 15:13:35,991+0530","service":"FyersAPI"}
{"level":"ERROR","location":"[error:54] fyers_logger","message":{"API":"/history","Error":{"code":-300,"message":"Invalid symbol provided","s":"error"}},"timestamp":"2026-08-21 15:20:07,266+0530","service":"FyersAPI"}
{"level":"ERROR","location":"[error:54] fyers_logger","message":{"API":"/history","Error":{"code":-300,"message":"Invalid symbol provided","s":"error"}},"timestamp":"2026-08-21 15:20:08,499+0530","service":"FyersAPI"}
{"level":"ERROR","location":"[error:54] fyers_logger","message":{"API":"/history","Error":{"code":-300,"message":"Invalid symbol provided","s":"error"}},"timestamp":"2026-08-21 15:20:28,179+0530","service":"FyersAPI"}
{"level":"ERROR","location":"[error:54] fyers_logger","message":{"API":"/history","Error":{"code":-300,"message":"Invalid symbol provided","s":"error"}},"timestamp":"2026-08-21 15:21:09,240+0530","service":"FyersAPI"}
{"level":"ERROR","location":"[error:54] fyers_logger","message":{"API":"/history","Error":{"code":-300,"message":"Invalid symbol provided","s":"error"}},"timestamp":"2026-08-22 10:32:43,616+0530","service":"FyersAPI"}
{"level":"ERROR","location":"[error:54] fyers_logger","message":{"API":"/history","Error":{"code":-300,"message":"Invalid symbol provided","s":"error"}},"timestamp":"2026-08-22 10:32:44,752+0530","service":"FyersAPI"}
{"level":"ERROR","location":"[error:54] fyers_logger","message":{"API":"/history","Error":{"code":-300,"message":"Invalid symbol provided","s":"error"}},"timestamp":"2026-08-22 10:33:08,636+0530","service":"FyersAPI"}
{"level":"ERROR","location":"[error:54] fyers_logger","message":{"API":"/history","Error":{"code":-300,"message":"Invalid symbol provided","s":"error"}},"timestamp":"2026-08-22 10:33:57,193+0530","service":"FyersAPI"}
{"level":"ERROR","location":"[error:54] fyers_logger","message":{"API":"/history","Error":{"code":-300,"message":"Invalid symbol provided","s":"error"}},"timestamp":"2026-08-22 10:33:58,325+0530","service":"FyersAPI"}
{"level":"ERROR","location":"[error:54] fyers_logger","message":{"API":"/history","Error":{"code":-300,"message":"Invalid symbol provided","s":"error"}},"timestamp":"2026-08-22 10:34:30,236+0530","service":"FyersAPI"}
{"level":"ERROR","location":"[error:54] fyers_logger","message":{"API":"/history","Error":{"code":-300,"message":"Invalid symbol provided","s":"error"}},"timestamp":"2026-08-22 10:35:26,970+0530","service":"FyersAPI"}
{"level":"ERROR","location":"[error:54] fyers_logger","message":{"API":"/history","Error":{"code":-300,"message":"Invalid symbol provided","s":"error"}},"timestamp":"2026-08-22 10:35:28,382+0530","service":"FyersAPI"}
{"level":"ERROR","location":"[error:54] fyers_logger","message":{"API":"/history","Error":{"code":-300,"message":"Invalid symbol provided","s":"error"}},"timestamp":"2026-08-22 10:35:59,058+0530","service":"FyersAPI"}
{"level":"ERROR","location":"[error:54] fyers_logger","message":{"API":"/history","Error":{"code":-300,"message":"Invalid symbol provided","s":"error"}},"timestamp":"2026-08-22 10:36:53,631+0530","service":"FyersAPI"}
{"level":"ERROR","location":"[error:54] fyers_logger","message":{"API":"/history","Error":{"code":-300,"message":"Invalid symbol provided","s":"error"}},"timestamp":"2026-08-22 10:36:54,760+0530","service":"FyersAPI"}
{"level":"ERROR","location":"[error:54] fyers_logger","message":{"API":"/history","Error":{"code":-300,"message":"Invalid symbol provided","s":"error"}},"timestamp":"2026-08-22 10:37:18,822+0530","service":"FyersAPI"}
{"level":"ERROR","location":"[error:54] fyers_logger","message":{"API":"/history","Error":{"code":-300,"message":"Invalid symbol provided","s":"error"}},"timestamp":"2026-08-22 10:38:02,693+0530","service":"FyersAPI"}
{"level":"ERROR","location":"[error:54] fyers_logger","message":{"API":"/history","Error":{"code":-300,"message":"Invalid symbol provided","s":"error"}},"timestamp":"2026-08-22 10:38:03,862+0530","service":"FyersAPI"}
{"level":"ERROR","location":"[error:54] fyers_logger","message":{"API":"/history","Error":{"code":-300,"message":"Invalid symbol provided","s":"error"}},"timestamp":"2026-08-22 10:38:28,517+0530","service":"FyersAPI"}
{"level":"ERROR","location":"[error:54] fyers_logger","message":{"API":"/history","Error":{"code":-300,"message":"Invalid symbol provided","s":"error"}},"timestamp":"2026-08-22 11:09:39,201+0530","service":"FyersAPI"}
{"level":"ERROR","location":"[error:54] fyers_logger","message":{"API":"/history","Error":{"code":-300,"message":"Invalid symbol provided","s":"error"}},"timestamp":"2026-08-22 11:09:40,228+0530","service":"FyersAPI"}
{"level":"ERROR","location":"[error:54] fyers_logger","message":{"API":"/history","Error":{"code":-300,"message":"Invalid symbol provided","s":"error"}},"timestamp":"2026-08-22 11:09:57,414+0530","service":"FyersAPI"}
{"level":"ERROR","location":"[error:54] fyers_logger","message":{"API":"/history","Error":{"code":429,"message":"request limit reached","s":"error"}},"timestamp":"2026-08-22 11:10:28,060+0530","service":"FyersAPI"}
{"level":"ERROR","location":"[error:54] fyers_logger","message":{"API":"/history","Error":{"code":429,"message":"request limit reached","s":"error"}},"timestamp":"2026-08-22 11:10:28,306+0530","service":"FyersAPI"}
{"level":"ERROR","location":"[error:54] fyers_logger","message":{"API":"/history","Error":{"code":429,"message":"request limit reached","s":"error"}},"timestamp":"2026-08-22 11:10:28,556+0530","service":"FyersAPI"}
{"level":"ERROR","location":"[error:54] fyers_logger","message":{"API":"/history","Error":{"code":429,"message":"request limit reached","s":"error"}},"timestamp":"2026-08-22 11:10:28,797+0530","service":"FyersAPI"}
{"level":"ERROR","location":"[error:54] fyers_logger","message":{"API":"/history","Error":{"code":429,"message":"request limit reached","s":"error"}},"timestamp":"2026-08-22 11:10:29,044+0530","service":"FyersAPI"}
{"level":"ERROR","location":"[error:54] fyers_logger","message":{"API":"/history","Error":{"code":429,"message":"request limit reached","s":"error"}},"timestamp":"2026-08-22 11:10:29,289+0530","service":"FyersAPI"}
{"level":"ERROR","location":"[error:54] fyers_logger","message":{"API":"/history","Error":{"code":429,"message":"request limit reached","s":"error"}},"timestamp":"2026-08-22 11:10:29,532+0530","service":"FyersAPI"}
{"level":"ERROR","location":"[error:54] fyers_logger","message":{"API":"/history","Error":{"code":429,"message":"request limit reached","s":"error"}},"timestamp":"2026-08-22 11:10:29,778+0530","service":"FyersAPI"}
{"level":"ERROR","location":"[error:54] fyers_logger","message":{"API":"/history","Error":{"code":429,"message":"request limit reached","s":"error"}},"timestamp":"2026-08-22 11:10:30,022+0530","service":"FyersAPI"}
{"level":"ERROR","location":"[error:54] fyers_logger","message":{"API":"/history","Error":{"code":429,"message":"request limit reached","s":"error"}},"timestamp":"2026-08-22 11:10:30,265+0530","service":"FyersAPI"}
{"level":"ERROR","location":"[error:54] fyers_logger","message":{"API":"/history","Error":{"code":-300,"message":"Invalid symbol provided","s":"error"}},"timestamp":"2026-08-22 11:10:33,820+0530","service":"FyersAPI"}
{"level":"ERROR","location":"[error:54] fyers_logger","message":{"API":"/history","Error":{"code":-300,"message":"Invalid symbol provided","s":"error"}},"timestamp":"2026-08-22 11:12:11,072+0530","service":"FyersAPI"}
{"level":"ERROR","location":"[error:54] fyers_logger","message":{"API":"/history","Error":{"code":-300,"message":"Invalid symbol provided","s":"error"}},"timestamp":"2026-08-22 11:12:12,110+0530","service":"FyersAPI"}
{"level":"ERROR","location":"[error:54] fyers_logger","message":{"API":"/history","Error":{"code":-300,"message":"Invalid symbol provided","s":"error"}},"timestamp":"2026-08-22 11:12:29,293+0530","service":"FyersAPI"}
{"level":"ERROR","location":"[error:54] fyers_logger","message":{"API":"/history","Error":{"code":429,"message":"request limit reached","s":"error"}},"timestamp":"2026-08-22 11:13:02,597+0530","service":"FyersAPI"}
{"level":"ERROR","location":"[error:54] fyers_logger","message":{"API":"/history","Error":{"code":429,"message":"request limit reached","s":"error"}},"timestamp":"2026-08-22 11:13:02,843+0530","service":"FyersAPI"}
{"level":"ERROR","location":"[error:54] fyers_logger","message":{"API":"/history","Error":{"code":429,"message":"request limit reached","s":"error"}},"timestamp":"2026-08-22 11:13:03,087+0530","service":"FyersAPI"}
{"level":"ERROR","location":"[error:54] fyers_logger","message":{"API":"/history","Error":{"code":429,"message":"request limit reached","s":"error"}},"timestamp":"2026-08-22 11:13:03,337+0530","service":"FyersAPI"}
{"level":"ERROR","location":"[error:54] fyers_logger","message":{"API":"/history","Error":{"code":429,"message":"request limit reached","s":"error"}},"timestamp":"2026-08-22 11:13:03,583+0530","service":"FyersAPI"}
{"level":"ERROR","location":"[error:54] fyers_logger","message":{"API":"/history","Error":{"code":429,"message":"request limit reached","s":"error"}},"timestamp":"2026-08-22 11:13:03,828+0530","service":"FyersAPI"}
{"level":"ERROR","location":"[error:54] fyers_logger","message":{"API":"/history","Error":{"code":429,"message":"request limit reached","s":"error"}},"timestamp":"2026-08-22 11:13:04,078+0530","service":"FyersAPI"}
{"level":"ERROR","location":"[error:54] fyers_logger","message":{"API":"/history","Error":{"code":429,"message":"request limit reached","s":"error"}},"timestamp":"2026-08-22 11:13:04,318+0530","service":"FyersAPI"}
{"level":"ERROR","location":"[error:54] fyers_logger","message":{"API":"/history","Error":{"code":429,"message":"request limit reached","s":"error"}},"timestamp":"2026-08-22 11:13:04,562+0530","service":"FyersAPI"}
{"level":"ERROR","location":"[error:54] fyers_logger","message":{"API":"/history","Error":{"code":429,"message":"request limit reached","s":"error"}},"timestamp":"2026-08-22 11:13:04,811+0530","service":"FyersAPI"}
{"level":"ERROR","location":"[error:54] fyers_logger","message":{"API":"/history","Error":{"code":429,"message":"request limit reached","s":"error"}},"timestamp":"2026-08-22 11:13:05,058+0530","service":"FyersAPI"}
{"level":"ERROR","location":"[error:54] fyers_logger","message":{"API":"/history","Error":{"code":429,"message":"request limit reached","s":"error"}},"timestamp":"2026-08-22 11:13:05,305+0530","service":"FyersAPI"}
{"level":"ERROR","location":"[error:54] fyers_logger","message":{"API":"/history","Error":{"code":429,"message":"request limit reached","s":"error"}},"timestamp":"2026-08-22 11:13:05,554+0530","service":"FyersAPI"}
{"level":"ERROR","location":"[error:54] fyers_logger","message":{"API":"/history","Error":{"code":429,"message":"request limit reached","s":"error"}},"timestamp":"2026-08-22 11:13:05,800+0530","service":"FyersAPI"}
{"level":"ERROR","location":"[error:54] fyers_logger","message":{"API":"/history","Error":{"code":429,"message":"request limit reached","s":"error"}},"timestamp":"2026-08-22 11:13:06,048+0530","service":"FyersAPI"}
{"level":"ERROR","location":"[error:54] fyers_logger","message":{"API":"/history","Error":{"code":429,"message":"request limit reached","s":"error"}},"timestamp":"2026-08-22 11:13:06,306+0530","service":"FyersAPI"}
{"level":"ERROR","location":"[error:54] fyers_logger","message":{"API":"/history","Error":{"code":429,"message":"request limit reached","s":"error"}},"timestamp":"2026-08-22 11:13:06,548+0530","service":"FyersAPI"}
{"level":"ERROR","location":"[error:54] fyers_logger","message":{"API":"/history","Error":{"code":429,"message":"request limit reached","s":"error"}},"timestamp":"2026-08-22 11:13:06,797+0530","service":"FyersAPI"}
{"level":"ERROR","location":"[error:54] fyers_logger","message":{"API":"/history","Error":{"code":429,"message":"request limit reached","s":"error"}},"timestamp":"2026-08-22 11:13:07,045+0530","service":"FyersAPI"}
{"level":"ERROR","location":"[error:54] fyers_logger","message":{"API":"/history","Error":{"code":429,"message":"request limit reached","s":"error"}},"timestamp":"2026-08-22 11:13:07,290+0530","service":"FyersAPI"}
{"level":"ERROR","location":"[error:54] fyers_logger","message":{"API":"/history","Error":{"code":429,"message":"request limit reached","s":"error"}},"timestamp":"2026-08-22 11:13:07,532+0530","service":"FyersAPI"}
{"level":"ERROR","location":"[error:54] fyers_logger","message":{"API":"/history","Error":{"code":-300,"message":"Invalid symbol provided","s":"error"}},"timestamp":"2026-08-22 11:15:48,171+0530","service":"FyersAPI"}
{"level":"ERROR","location":"[error:54] fyers_logger","message":{"API":"/history","Error":{"code":-300,"message":"Invalid symbol provided","s":"error"}},"timestamp":"2026-08-22 11:15:49,223+0530","service":"FyersAPI"}
{"level":"ERROR","location":"[error:54] fyers_logger","message":{"API":"/history","Error":{"code":-300,"message":"Invalid symbol provided","s":"error"}},"timestamp":"2026-08-22 11:16:06,638+0530","service":"FyersAPI"}
{"level":"ERROR","location":"[error:54] fyers_logger","message":{"API":"/history","Error":{"code":429,"message":"request limit reached","s":"error"}},"timestamp":"2026-08-22 11:16:39,854+0530","service":"FyersAPI"}
{"level":"ERROR","location":"[error:54] fyers_logger","message":{"API":"/history","Error":{"code":429,"message":"request limit reached","s":"error"}},"timestamp":"2026-08-22 11:16:40,100+0530","service":"FyersAPI"}
{"level":"ERROR","location":"[error:54] fyers_logger","message":{"API":"/history","Error":{"code":429,"message":"request limit reached","s":"error"}},"timestamp":"2026-08-22 11:16:40,349+0530","service":"FyersAPI"}
{"level":"ERROR","location":"[error:54] fyers_logger","message":{"API":"/history","Error":{"code":429,"message":"request limit reached","s":"error"}},"timestamp":"2026-08-22 11:16:40,597+0530","service":"FyersAPI"}
{"level":"ERROR","location":"[error:54] fyers_logger","message":{"API":"/history","Error":{"code":429,"message":"request limit reached","s":"error"}},"timestamp":"2026-08-22 11:16:40,847+0530","service":"FyersAPI"}
{"level":"ERROR","location":"[error:54] fyers_logger","message":{"API":"/history","Error":{"code":429,"message":"request limit reached","s":"error"}},"timestamp":"2026-08-22 11:16:41,097+0530","service":"FyersAPI"}
{"level":"ERROR","location":"[error:54] fyers_logger","message":{"API":"/history","Error":{"code":429,"message":"request limit reached","s":"error"}},"timestamp":"2026-08-22 11:16:41,341+0530","service":"FyersAPI"}
{"level":"ERROR","location":"[error:54] fyers_logger","message":{"API":"/history","Error":{"code":429,"message":"request limit reached","s":"error"}},"timestamp":"2026-08-22 11:16:41,587+0530","service":"FyersAPI"}
{"level":"ERROR","location":"[error:54] fyers_logger","message":{"API":"/history","Error":{"code":429,"message":"request limit reached","s":"error"}},"timestamp":"2026-08-22 11:16:41,833+0530","service":"FyersAPI"}
{"level":"ERROR","location":"[error:54] fyers_logger","message":{"API":"/history","Error":{"code":429,"message":"request limit reached","s":"error"}},"timestamp":"2026-08-22 11:16:42,083+0530","service":"FyersAPI"}
{"level":"ERROR","location":"[error:54] fyers_logger","message":{"API":"/history","Error":{"code":429,"message":"request limit reached","s":"error"}},"timestamp":"2026-08-22 11:16:42,331+0530","service":"FyersAPI"}
{"level":"ERROR","location":"[error:54] fyers_logger","message":{"API":"/history","Error":{"code":429,"message":"request limit reached","s":"error"}},"timestamp":"2026-08-22 11:16:42,580+0530","service":"FyersAPI"}
{"level":"ERROR","location":"[error:54] fyers_logger","message":{"API":"/history","Error":{"code":429,"message":"request limit reached","s":"error"}},"timestamp":"2026-08-22 11:16:42,829+0530","service":"FyersAPI"}
{"level":"ERROR","location":"[error:54] fyers_logger","message":{"API":"/history","Error":{"code":429,"message":"request limit reached","s":"error"}},"timestamp":"2026-08-22 11:16:43,079+0530","service":"FyersAPI"}
{"level":"ERROR","location":"[error:54] fyers_logger","message":{"API":"/history","Error":{"code":429,"message":"request limit reached","s":"error"}},"timestamp":"2026-08-22 11:16:43,323+0530","service":"FyersAPI"}
{"level":"ERROR","location":"[error:54] fyers_logger","message":{"API":"/history","Error":{"code":429,"message":"request limit reached","s":"error"}},"timestamp":"2026-08-22 11:16:43,569+0530","service":"FyersAPI"}
{"level":"ERROR","location":"[error:54] fyers_logger","message":{"API":"/history","Error":{"code":429,"message":"request limit reached","s":"error"}},"timestamp":"2026-08-22 11:16:43,811+0530","service":"FyersAPI"}
{"level":"ERROR","location":"[error:54] fyers_logger","message":{"API":"/history","Error":{"code":429,"message":"request limit reached","s":"error"}},"timestamp":"2026-08-22 11:16:44,061+0530","service":"FyersAPI"}
{"level":"ERROR","location":"[error:54] fyers_logger","message":{"API":"/history","Error":{"code":429,"message":"request limit reached","s":"error"}},"timestamp":"2026-08-22 11:16:44,309+0530","service":"FyersAPI"}
{"level":"ERROR","location":"[error:54] fyers_logger","message":{"API":"/history","Error":{"code":429,"message":"request limit reached","s":"error"}},"timestamp":"2026-08-22 11:16:44,556+0530","service":"FyersAPI"}
{"level":"ERROR","location":"[error:54] fyers_logger","message":{"API":"/history","Error":{"code":429,"message":"request limit reached","s":"error"}},"timestamp":"2026-08-22 11:16:44,802+0530","service":"FyersAPI"}
{"level":"ERROR","location":"[error:54] fyers_logger","message":{"API":"/history","Error":{"code":-300,"message":"Invalid symbol provided","s":"error"}},"timestamp":"2026-08-22 11:20:49,318+0530","service":"FyersAPI"}
{"level":"ERROR","location":"[error:54] fyers_logger","message":{"API":"/history","Error":{"code":-300,"message":"Invalid symbol provided","s":"error"}},"timestamp":"2026-08-22 11:20:50,324+0530","service":"FyersAPI"}
{"level":"ERROR","location":"[error:54] fyers_logger","message":{"API":"/history","Error":{"code":-300,"message":"Invalid symbol provided","s":"error"}},"timestamp":"2026-08-22 11:21:07,645+0530","service":"FyersAPI"}
{"level":"ERROR","location":"[error:54] fyers_logger","message":{"API":"/history","Error":{"code":429,"message":"request limit reached","s":"error"}},"timestamp":"2026-08-22 11:21:40,783+0530","service":"FyersAPI"}
{"level":"ERROR","location":"[error:54] fyers_logger","message":{"API":"/history","Error":{"code":429,"message":"request limit reached","s":"error"}},"timestamp":"2026-08-22 11:21:41,029+0530","service":"FyersAPI"}
{"level":"ERROR","location":"[error:54] fyers_logger","message":{"API":"/history","Error":{"code":429,"message":"request limit reached","s":"error"}},"timestamp":"2026-08-22 11:21:41,274+0530","service":"FyersAPI"}
{"level":"ERROR","location":"[error:54] fyers_logger","message":{"API":"/history","Error":{"code":429,"message":"request limit reached","s":"error"}},"timestamp":"2026-08-22 11:21:41,519+0530","service":"FyersAPI"}
{"level":"ERROR","location":"[error:54] fyers_logger","message":{"API":"/history","Error":{"code":429,"message":"request limit reached","s":"error"}},"timestamp":"2026-08-22 11:21:41,766+0530","service":"FyersAPI"}
{"level":"ERROR","location":"[error:54] fyers_logger","message":{"API":"/history","Error":{"code":429,"message":"request limit reached","s":"error"}},"timestamp":"2026-08-22 11:21:42,009+0530","service":"FyersAPI"}
{"level":"ERROR","location":"[error:54] fyers_logger","message":{"API":"/history","Error":{"code":429,"message":"request limit reached","s":"error"}},"timestamp":"2026-08-22 11:21:42,282+0530","service":"FyersAPI"}
{"level":"ERROR","location":"[error:54] fyers_logger","message":{"API":"/history","Error":{"code":429,"message":"request limit reached","s":"error"}},"timestamp":"2026-08-22 11:21:42,527+0530","service":"FyersAPI"}
{"level":"ERROR","location":"[error:54] fyers_logger","message":{"API":"/history","Error":{"code":429,"message":"request limit reached","s":"error"}},"timestamp":"2026-08-22 11:21:42,772+0530","service":"FyersAPI"}
{"level":"ERROR","location":"[error:54] fyers_logger","message":{"API":"/history","Error":{"code":429,"message":"request limit reached","s":"error"}},"timestamp":"2026-08-22 11:21:43,013+0530","service":"FyersAPI"}
{"level":"ERROR","location":"[error:54] fyers_logger","message":{"API":"/history","Error":{"code":429,"message":"request limit reached","s":"error"}},"timestamp":"2026-08-22 11:21:43,261+0530","service":"FyersAPI"}
{"level":"ERROR","location":"[error:54] fyers_logger","message":{"API":"/history","Error":{"code":429,"message":"request limit reached","s":"error"}},"timestamp":"2026-08-22 11:21:43,511+0530","service":"FyersAPI"}
{"level":"ERROR","location":"[error:54] fyers_logger","message":{"API":"/history","Error":{"code":429,"message":"request limit reached","s":"error"}},"timestamp":"2026-08-22 11:21:43,754+0530","service":"FyersAPI"}
{"level":"ERROR","location":"[error:54] fyers_logger","message":{"API":"/history","Error":{"code":429,"message":"request limit reached","s":"error"}},"timestamp":"2026-08-22 11:21:44,004+0530","service":"FyersAPI"}
{"level":"ERROR","location":"[error:54] fyers_logger","message":{"API":"/history","Error":{"code":429,"message":"request limit reached","s":"error"}},"timestamp":"2026-08-22 11:21:44,250+0530","service":"FyersAPI"}
{"level":"ERROR","location":"[error:54] fyers_logger","message":{"API":"/history","Error":{"code":429,"message":"request limit reached","s":"error"}},"timestamp":"2026-08-22 11:21:44,491+0530","service":"FyersAPI"}
{"level":"ERROR","location":"[error:54] fyers_logger","message":{"API":"/history","Error":{"code":429,"message":"request limit reached","s":"error"}},"timestamp":"2026-08-22 11:21:44,739+0530","service":"FyersAPI"}
{"level":"ERROR","location":"[error:54] fyers_logger","message":{"API":"/history","Error":{"code":429,"message":"request limit reached","s":"error"}},"timestamp":"2026-08-22 11:21:45,013+0530","service":"FyersAPI"}
{"level":"ERROR","location":"[error:54] fyers_logger","message":{"API":"/history","Error":{"code":429,"message":"request limit reached","s":"error"}},"timestamp":"2026-08-22 11:21:45,258+0530","service":"FyersAPI"}
{"level":"ERROR","location":"[error:54] fyers_logger","message":{"API":"/history","Error":{"code":429,"message":"request limit reached","s":"error"}},"timestamp":"2026-08-22 11:21:45,500+0530","service":"FyersAPI"}
{"level":"ERROR","location":"[error:54] fyers_logger","message":{"API":"/history","Error":{"code":429,"message":"request limit reached","s":"error"}},"timestamp":"2026-08-22 11:21:45,742+0530","service":"FyersAPI"}
{"level":"ERROR","location":"[error:54] fyers_logger","message":{"API":"/history","Error":{"code":-300,"message":"Invalid symbol provided","s":"error"}},"timestamp":"2026-08-22 11:38:18,891+0530","service":"FyersAPI"}
{"level":"ERROR","location":"[error:54] fyers_logger","message":{"API":"/history","Error":{"code":-300,"message":"Invalid symbol provided","s":"error"}},"timestamp":"2026-08-22 11:38:19,095+0530","service":"FyersAPI"}
{"level":"ERROR","location":"[error:54] fyers_logger","message":{"API":"/history","Error":{"code":429,"message":"request limit reached","s":"error"}},"timestamp":"2026-08-22 11:38:19,412+0530","service":"FyersAPI"}
{"level":"ERROR","location":"[error:54] fyers_logger","message":{"API":"/history","Error":{"code":429,"message":"request limit reached","s":"error"}},"timestamp":"2026-08-22 11:38:19,454+0530","service":"FyersAPI"}
{"level":"ERROR","location":"[error:54] fyers_logger","message":{"API":"/history","Error":{"code":429,"message":"request limit reached","s":"error"}},"timestamp":"2026-08-22 11:38:19,498+0530","service":"FyersAPI"}
{"level":"ERROR","location":"[error:54] fyers_logger","message":{"API":"/history","Error":{"code":429,"message":"request limit reached","s":"error"}},"timestamp":"2026-08-22 11:38:19,539+0530","service":"FyersAPI"}
{"level":"ERROR","location":"[error:54] fyers_logger","message":{"API":"/history","Error":{"code":429,"message":"request limit reached","s":"error"}},"timestamp":"2026-08-22 11:38:19,581+0530","service":"FyersAPI"}
{"level":"ERROR","location":"[error:54] fyers_logger","message":{"API":"/history","Error":{"code":429,"message":"request limit reached","s":"error"}},"timestamp":"2026-08-22 11:38:19,624+0530","service":"FyersAPI"}
{"level":"ERROR","location":"[error:54] fyers_logger","message":{"API":"/history","Error":{"code":429,"message":"request limit reached","s":"error"}},"timestamp":"2026-08-22 11:38:19,671+0530","service":"FyersAPI"}
{"level":"ERROR","location":"[error:54] fyers_logger","message":{"API":"/history","Error":{"code":429,"message":"request limit reached","s":"error"}},"timestamp":"2026-08-22 11:38:19,713+0530","service":"FyersAPI"}
{"level":"ERROR","location":"[error:54] fyers_logger","message":{"API":"/history","Error":{"code":429,"message":"request limit reached","s":"error"}},"timestamp":"2026-08-22 11:38:19,756+0530","service":"FyersAPI"}
{"level":"ERROR","location":"[error:54] fyers_logger","message":{"API":"/history","Error":{"code":429,"message":"request limit reached","s":"error"}},"timestamp":"2026-08-22 11:38:19,799+0530","service":"FyersAPI"}
{"level":"ERROR","location":"[error:54] fyers_logger","message":{"API":"/history","Error":{"code":429,"message":"request limit reached","s":"error"}},"timestamp":"2026-08-22 11:38:20,448+0530","service":"FyersAPI"}
{"level":"ERROR","location":"[error:54] fyers_logger","message":{"API":"/history","Error":{"code":429,"message":"request limit reached","s":"error"}},"timestamp":"2026-08-22 11:38:20,489+0530","service":"FyersAPI"}
{"level":"ERROR","location":"[error:54] fyers_logger","message":{"API":"/history","Error":{"code":429,"message":"request limit reached","s":"error"}},"timestamp":"2026-08-22 11:38:20,543+0530","service":"FyersAPI"}
{"level":"ERROR","location":"[error:54] fyers_logger","message":{"API":"/history","Error":{"code":429,"message":"request limit reached","s":"error"}},"timestamp":"2026-08-22 11:38:20,584+0530","service":"FyersAPI"}
{"level":"ERROR","location":"[error:54] fyers_logger","message":{"API":"/history","Error":{"code":429,"message":"request limit reached","s":"error"}},"timestamp":"2026-08-22 11:38:20,626+0530","service":"FyersAPI"}
{"level":"ERROR","location":"[error:54] fyers_logger","message":{"API":"/history","Error":{"code":429,"message":"request limit reached","s":"error"}},"timestamp":"2026-08-22 11:38:20,673+0530","service":"FyersAPI"}
{"level":"ERROR","location":"[error:54] fyers_logger","message":{"API":"/history","Error":{"code":429,"message":"request limit reached","s":"error"}},"timestamp":"2026-08-22 11:38:20,716+0530","service":"FyersAPI"}
{"level":"ERROR","location":"[error:54] fyers_logger","message":{"API":"/history","Error":{"code":429,"message":"request limit reached","s":"error"}},"timestamp":"2026-08-22 11:38:20,762+0530","service":"FyersAPI"}
{"level":"ERROR","location":"[error:54] fyers_logger","message":{"API":"/history","Error":{"code":-300,"message":"Invalid symbol provided","s":"error"}},"timestamp":"2026-08-22 11:38:32,022+0530","service":"FyersAPI"}
{"level":"ERROR","location":"[error:54] fyers_logger","message":{"API":"/history","Error":{"code":-300,"message":"Invalid symbol provided","s":"error"}},"timestamp":"2026-08-22 11:38:33,030+0530","service":"FyersAPI"}
{"level":"ERROR","location":"[error:54] fyers_logger","message":{"API":"/history","Error":{"code":-300,"message":"Invalid symbol provided","s":"error"}},"timestamp":"2026-08-22 11:38:50,216+0530","service":"FyersAPI"}
{"level":"ERROR","location":"[error:54] fyers_logger","message":{"API":"/history","Error":{"code":-300,"message":"Invalid symbol provided","s":"error"}},"timestamp":"2026-08-22 11:39:27,662+0530","service":"FyersAPI"}
{"level":"ERROR","location":"[error:54] fyers_logger","message":{"API":"/history","Error":{"code":-300,"message":"Invalid symbol provided","s":"error"}},"timestamp":"2026-08-22 12:00:40,450+0530","service":"FyersAPI"}
{"level":"ERROR","location":"[error:54] fyers_logger","message":{"API":"/history","Error":{"code":-300,"message":"Invalid symbol provided","s":"error"}},"timestamp":"2026-08-22 12:00:41,460+0530","service":"FyersAPI"}
{"level":"ERROR","location":"[error:54] fyers_logger","message":{"API":"/history","Error":{"code":-300,"message":"Invalid symbol provided","s":"error"}},"timestamp":"2026-08-22 12:00:58,774+0530","service":"FyersAPI"}
{"level":"ERROR","location":"[error:54] fyers_logger","message":{"API":"/history","Error":{"code":429,"message":"request limit reached","s":"error"}},"timestamp":"2026-08-22 12:01:32,528+0530","service":"FyersAPI"}
{"level":"ERROR","location":"[error:54] fyers_logger","message":{"API":"/history","Error":{"code":429,"message":"request limit reached","s":"error"}},"timestamp":"2026-08-22 12:01:32,779+0530","service":"FyersAPI"}
{"level":"ERROR","location":"[error:54] fyers_logger","message":{"API":"/history","Error":{"code":429,"message":"request limit reached","s":"error"}},"timestamp":"2026-08-22 12:01:33,028+0530","service":"FyersAPI"}
{"level":"ERROR","location":"[error:54] fyers_logger","message":{"API":"/history","Error":{"code":429,"message":"request limit reached","s":"error"}},"timestamp":"2026-08-22 12:01:33,277+0530","service":"FyersAPI"}
{"level":"ERROR","location":"[error:54] fyers_logger","message":{"API":"/history","Error":{"code":429,"message":"request limit reached","s":"error"}},"timestamp":"2026-08-22 12:01:33,529+0530","service":"FyersAPI"}
{"level":"ERROR","location":"[error:54] fyers_logger","message":{"API":"/history","Error":{"code":429,"message":"request limit reached","s":"error"}},"timestamp":"2026-08-22 12:01:33,780+0530","service":"FyersAPI"}
{"level":"ERROR","location":"[error:54] fyers_logger","message":{"API":"/history","Error":{"code":429,"message":"request limit reached","s":"error"}},"timestamp":"2026-08-22 12:01:34,035+0530","service":"FyersAPI"}
{"level":"ERROR","location":"[error:54] fyers_logger","message":{"API":"/history","Error":{"code":429,"message":"request limit reached","s":"error"}},"timestamp":"2026-08-22 12:01:34,288+0530","service":"FyersAPI"}
{"level":"ERROR","location":"[error:54] fyers_logger","message":{"API":"/history","Error":{"code":429,"message":"request limit reached","s":"error"}},"timestamp":"2026-08-22 12:01:34,537+0530","service":"FyersAPI"}
{"level":"ERROR","location":"[error:54] fyers_logger","message":{"API":"/history","Error":{"code":429,"message":"request limit reached","s":"error"}},"timestamp":"2026-08-22 12:01:34,788+0530","service":"FyersAPI"}
{"level":"ERROR","location":"[error:54] fyers_logger","message":{"API":"/history","Error":{"code":429,"message":"request limit reached","s":"error"}},"timestamp":"2026-08-22 12:01:35,038+0530","service":"FyersAPI"}
{"level":"ERROR","location":"[error:54] fyers_logger","message":{"API":"/history","Error":{"code":429,"message":"request limit reached","s":"error"}},"timestamp":"2026-08-22 12:01:35,284+0530","service":"FyersAPI"}
{"level":"ERROR","location":"[error:54] fyers_logger","message":{"API":"/history","Error":{"code":429,"message":"request limit reached","s":"error"}},"timestamp":"2026-08-22 12:01:35,530+0530","service":"FyersAPI"}
{"level":"ERROR","location":"[error:54] fyers_logger","message":{"API":"/history","Error":{"code":429,"message":"request limit reached","s":"error"}},"timestamp":"2026-08-22 12:01:35,778+0530","service":"FyersAPI"}
{"level":"ERROR","location":"[error:54] fyers_logger","message":{"API":"/history","Error":{"code":429,"message":"request limit reached","s":"error"}},"timestamp":"2026-08-22 12:01:36,027+0530","service":"FyersAPI"}
{"level":"ERROR","location":"[error:54] fyers_logger","message":{"API":"/history","Error":{"code":429,"message":"request limit reached","s":"error"}},"timestamp":"2026-08-22 12:01:36,284+0530","service":"FyersAPI"}
{"level":"ERROR","location":"[error:54] fyers_logger","message":{"API":"/history","Error":{"code":429,"message":"request limit reached","s":"error"}},"timestamp":"2026-08-22 12:01:36,533+0530","service":"FyersAPI"}
{"level":"ERROR","location":"[error:54] fyers_logger","message":{"API":"/history","Error":{"code":429,"message":"request limit reached","s":"error"}},"timestamp":"2026-08-22 12:01:36,782+0530","service":"FyersAPI"}
{"level":"ERROR","location":"[error:54] fyers_logger","message":{"API":"/history","Error":{"code":429,"message":"request limit reached","s":"error"}},"timestamp":"2026-08-22 12:01:37,035+0530","service":"FyersAPI"}
{"level":"ERROR","location":"[error:54] fyers_logger","message":{"API":"/history","Error":{"code":429,"message":"request limit reached","s":"error"}},"timestamp":"2026-08-22 12:01:37,281+0530","service":"FyersAPI"}
{"level":"ERROR","location":"[error:54] fyers_logger","message":{"API":"/history","Error":{"code":429,"message":"request limit reached","s":"error"}},"timestamp":"2026-08-22 12:01:37,532+0530","service":"FyersAPI"}
{"level":"ERROR","location":"[error:54] fyers_logger","message":{"API":"/history","Error":{"code":-300,"message":"Invalid symbol provided","s":"error"}},"timestamp":"2026-08-22 12:06:32,119+0530","service":"FyersAPI"}
{"level":"ERROR","location":"[error:54] fyers_logger","message":{"API":"/history","Error":{"code":-300,"message":"Invalid symbol provided","s":"error"}},"timestamp":"2026-08-22 12:06:33,335+0530","service":"FyersAPI"}
{"level":"ERROR","location":"[error:54] fyers_logger","message":{"API":"/history","Error":{"code":-300,"message":"Invalid symbol provided","s":"error"}},"timestamp":"2026-08-22 12:07:00,602+0530","service":"FyersAPI"}
{"level":"ERROR","location":"[error:54] fyers_logger","message":{"API":"/history","Error":{"code":-300,"message":"Invalid symbol provided","s":"error"}},"timestamp":"2026-08-22 12:07:44,984+0530","service":"FyersAPI"}
{"level":"ERROR","location":"[error:54] fyers_logger","message":{"API":"/history","Error":{"code":-300,"message":"Invalid symbol provided","s":"error"}},"timestamp":"2026-08-22 12:07:46,264+0530","service":"FyersAPI"}
{"level":"ERROR","location":"[error:54] fyers_logger","message":{"API":"/history","Error":{"code":-300,"message":"Invalid symbol provided","s":"error"}},"timestamp":"2026-08-22 12:08:14,115+0530","service":"FyersAPI"}
{"level":"ERROR","location":"[error:54] fyers_logger","message":{"API":"/history","Error":{"code":-300,"message":"Invalid symbol provided","s":"error"}},"timestamp":"2026-08-22 12:16:33,049+0530","service":"FyersAPI"}
{"level":"ERROR","location":"[error:54] fyers_logger","message":{"API":"/history","Error":{"code":-300,"message":"Invalid symbol provided","s":"error"}},"timestamp":"2026-08-22 12:16:34,313+0530","service":"FyersAPI"}
{"level":"ERROR","location":"[error:54] fyers_logger","message":{"API":"/history","Error":{"code":-300,"message":"Invalid symbol provided","s":"error"}},"timestamp":"2026-08-22 12:17:02,563+0530","service":"FyersAPI"}
{"level":"ERROR","location":"[error:54] fyers_logger","message":{"API":"/history","Error":{"code":-300,"message":"Invalid symbol provided","s":"error"}},"timestamp":"2026-08-22 13:11:10,403+0530","service":"FyersAPI"}
{"level":"ERROR","location":"[error:54] fyers_logger","message":{"API":"/history","Error":{"code":-300,"message":"Invalid symbol provided","s":"error"}},"timestamp":"2026-08-22 13:11:11,498+0530","service":"FyersAPI"}
{"level":"ERROR","location":"[error:54] fyers_logger","message":{"API":"/history","Error":{"code":-300,"message":"Invalid symbol provided","s":"error"}},"timestamp":"2026-08-22 13:11:29,295+0530","service":"FyersAPI"}
{"level":"ERROR","location":"[error:54] fyers_logger","message":{"API":"/history","Error":{"code":-300,"message":"Invalid symbol provided","s":"error"}},"timestamp":"2026-08-22 13:12:06,440+0530","service":"FyersAPI"}
{"level":"ERROR","location":"[error:54] fyers_logger","message":{"API":"/history","Error":{"code":-300,"message":"Invalid symbol provided","s":"error"}},"timestamp":"2026-08-22 13:16:05,993+0530","service":"FyersAPI"}
{"level":"ERROR","location":"[error:54] fyers_logger","message":{"API":"/history","Error":{"code":-300,"message":"Invalid symbol provided","s":"error"}},"timestamp":"2026-08-22 13:16:07,006+0530","service":"FyersAPI"}
{"level":"ERROR","location":"[error:54] fyers_logger","message":{"API":"/history","Error":{"code":-300,"message":"Invalid symbol provided","s":"error"}},"timestamp":"2026-08-22 13:16:24,384+0530","service":"FyersAPI"}
{"level":"ERROR","location":"[error:54] fyers_logger","message":{"API":"/history","Error":{"code":429,"message":"request limit reached","s":"error"}},"timestamp":"2026-08-22 13:16:58,525+0530","service":"FyersAPI"}
{"level":"ERROR","location":"[error:54] fyers_logger","message":{"API":"/history","Error":{"code":429,"message":"request limit reached","s":"error"}},"timestamp":"2026-08-22 13:16:58,766+0530","service":"FyersAPI"}
{"level":"ERROR","location":"[error:54] fyers_logger","message":{"API":"/history","Error":{"code":429,"message":"request limit reached","s":"error"}},"timestamp":"2026-08-22 13:16:59,039+0530","service":"FyersAPI"}
{"level":"ERROR","location":"[error:54] fyers_logger","message":{"API":"/history","Error":{"code":429,"message":"request limit reached","s":"error"}},"timestamp":"2026-08-22 13:16:59,281+0530","service":"FyersAPI"}
{"level":"ERROR","location":"[error:54] fyers_logger","message":{"API":"/history","Error":{"code":429,"message":"request limit reached","s":"error"}},"timestamp":"2026-08-22 13:16:59,523+0530","service":"FyersAPI"}
{"level":"ERROR","location":"[error:54] fyers_logger","message":{"API":"/history","Error":{"code":429,"message":"request limit reached","s":"error"}},"timestamp":"2026-08-22 13:16:59,765+0530","service":"FyersAPI"}
{"level":"ERROR","location":"[error:54] fyers_logger","message":{"API":"/history","Error":{"code":429,"message":"request limit reached","s":"error"}},"timestamp":"2026-08-22 13:17:00,015+0530","service":"FyersAPI"}
{"level":"ERROR","location":"[error:54] fyers_logger","message":{"API":"/history","Error":{"code":429,"message":"request limit reached","s":"error"}},"timestamp":"2026-08-22 13:17:00,268+0530","service":"FyersAPI"}
{"level":"ERROR","location":"[error:54] fyers_logger","message":{"API":"/history","Error":{"code":429,"message":"request limit reached","s":"error"}},"timestamp":"2026-08-22 13:17:00,512+0530","service":"FyersAPI"}
{"level":"ERROR","location":"[error:54] fyers_logger","message":{"API":"/history","Error":{"code":429,"message":"request limit reached","s":"error"}},"timestamp":"2026-08-22 13:17:00,763+0530","service":"FyersAPI"}
{"level":"ERROR","location":"[error:54] fyers_logger","message":{"API":"/history","Error":{"code":429,"message":"request limit reached","s":"error"}},"timestamp":"2026-08-22 13:17:01,006+0530","service":"FyersAPI"}
{"level":"ERROR","location":"[error:54] fyers_logger","message":{"API":"/history","Error":{"code":429,"message":"request limit reached","s":"error"}},"timestamp":"2026-08-22 13:17:01,254+0530","service":"FyersAPI"}
{"level":"ERROR","location":"[error:54] fyers_logger","message":{"API":"/history","Error":{"code":429,"message":"request limit reached","s":"error"}},"timestamp":"2026-08-22 13:17:01,502+0530","service":"FyersAPI"}
{"level":"ERROR","location":"[error:54] fyers_logger","message":{"API":"/history","Error":{"code":429,"message":"request limit reached","s":"error"}},"timestamp":"2026-08-22 13:17:01,742+0530","service":"FyersAPI"}
{"level":"ERROR","location":"[error:54] fyers_logger","message":{"API":"/history","Error":{"code":429,"message":"request limit reached","s":"error"}},"timestamp":"2026-08-22 13:17:01,984+0530","service":"FyersAPI"}
{"level":"ERROR","location":"[error:54] fyers_logger","message":{"API":"/history","Error":{"code":429,"message":"request limit reached","s":"error"}},"timestamp":"2026-08-22 13:17:02,226+0530","service":"FyersAPI"}
{"level":"ERROR","location":"[error:54] fyers_logger","message":{"API":"/history","Error":{"code":429,"message":"request limit reached","s":"error"}},"timestamp":"2026-08-22 13:17:02,475+0530","service":"FyersAPI"}
{"level":"ERROR","location":"[error:54] fyers_logger","message":{"API":"/history","Error":{"code":429,"message":"request limit reached","s":"error"}},"timestamp":"2026-08-22 13:17:02,717+0530","service":"FyersAPI"}
{"level":"ERROR","location":"[error:54] fyers_logger","message":{"API":"/history","Error":{"code":429,"message":"request limit reached","s":"error"}},"timestamp":"2026-08-22 13:17:02,965+0530","service":"FyersAPI"}
{"level":"ERROR","location":"[error:54] fyers_logger","message":{"API":"/history","Error":{"code":429,"message":"request limit reached","s":"error"}},"timestamp":"2026-08-22 13:17:03,206+0530","service":"FyersAPI"}
{"level":"ERROR","location":"[error:54] fyers_logger","message":{"API":"/history","Error":{"code":429,"message":"request limit reached","s":"error"}},"timestamp":"2026-08-22 13:17:03,448+0530","service":"FyersAPI"}
{"level":"ERROR","location":"[error:54] fyers_logger","message":{"API":"/history","Error":{"code":-300,"message":"Invalid symbol provided","s":"error"}},"timestamp":"2026-08-22 13:19:58,417+0530","service":"FyersAPI"}
{"level":"ERROR","location":"[error:54] fyers_logger","message":{"API":"/history","Error":{"code":-300,"message":"Invalid symbol provided","s":"error"}},"timestamp":"2026-08-22 13:19:59,468+0530","service":"FyersAPI"}
{"level":"ERROR","location":"[error:54] fyers_logger","message":{"API":"/history","Error":{"code":-300,"message":"Invalid symbol provided","s":"error"}},"timestamp":"2026-08-22 13:20:00,327+0530","service":"FyersAPI"}
{"level":"ERROR","location":"[error:54] fyers_logger","message":{"API":"/history","Error":{"code":-300,"message":"Invalid symbol provided","s":"error"}},"timestamp":"2026-08-22 13:20:01,399+0530","service":"FyersAPI"}
{"level":"ERROR","location":"[error:54] fyers_logger","message":{"API":"/history","Error":{"code":-300,"message":"Invalid symbol provided","s":"error"}},"timestamp":"2026-08-22 13:20:17,157+0530","service":"FyersAPI"}
{"level":"ERROR","location":"[error:54] fyers_logger","message":{"API":"/history","Error":{"code":-300,"message":"Invalid symbol provided","s":"error"}},"timestamp":"2026-08-22 13:20:19,062+0530","service":"FyersAPI"}
{"level":"ERROR","location":"[error:54] fyers_logger","message":{"API":"/history","Error":{"code":429,"message":"request limit reached","s":"error"}},"timestamp":"2026-08-22 13:20:25,604+0530","service":"FyersAPI"}
{"level":"ERROR","location":"[error:54] fyers_logger","message":{"API":"/history","Error":{"code":429,"message":"request limit reached","s":"error"}},"timestamp":"2026-08-22 13:20:25,659+0530","service":"FyersAPI"}
{"level":"ERROR","location":"[error:54] fyers_logger","message":{"API":"/history","Error":{"code":429,"message":"request limit reached","s":"error"}},"timestamp":"2026-08-22 13:20:25,859+0530","service":"FyersAPI"}
{"level":"ERROR","location":"[error:54] fyers_logger","message":{"API":"/history","Error":{"code":429,"message":"request limit reached","s":"error"}},"timestamp":"2026-08-22 13:20:25,912+0530","service":"FyersAPI"}
{"level":"ERROR","location":"[error:54] fyers_logger","message":{"API":"/history","Error":{"code":429,"message":"request limit reached","s":"error"}},"timestamp":"2026-08-22 13:20:26,110+0530","service":"FyersAPI"}
{"level":"ERROR","location":"[error:54] fyers_logger","message":{"API":"/history","Error":{"code":429,"message":"request limit reached","s":"error"}},"timestamp":"2026-08-22 13:20:26,163+0530","service":"FyersAPI"}
{"level":"ERROR","location":"[error:54] fyers_logger","message":{"API":"/history","Error":{"code":429,"message":"request limit reached","s":"error"}},"timestamp":"2026-08-22 13:20:26,355+0530","service":"FyersAPI"}
{"level":"ERROR","location":"[error:54] fyers_logger","message":{"API":"/history","Error":{"code":429,"message":"request limit reached","s":"error"}},"timestamp":"2026-08-22 13:20:26,417+0530","service":"FyersAPI"}
{"level":"ERROR","location":"[error:54] fyers_logger","message":{"API":"/history","Error":{"code":429,"message":"request limit reached","s":"error"}},"timestamp":"2026-08-22 13:20:26,607+0530","service":"FyersAPI"}
{"level":"ERROR","location":"[error:54] fyers_logger","message":{"API":"/history","Error":{"code":429,"message":"request limit reached","s":"error"}},"timestamp":"2026-08-22 13:20:26,659+0530","service":"FyersAPI"}
{"level":"ERROR","location":"[error:54] fyers_logger","message":{"API":"/history","Error":{"code":429,"message":"request limit reached","s":"error"}},"timestamp":"2026-08-22 13:20:26,861+0530","service":"FyersAPI"}
{"level":"ERROR","location":"[error:54] fyers_logger","message":{"API":"/history","Error":{"code":429,"message":"request limit reached","s":"error"}},"timestamp":"2026-08-22 13:20:26,907+0530","service":"FyersAPI"}
{"level":"ERROR","location":"[error:54] fyers_logger","message":{"API":"/history","Error":{"code":429,"message":"request limit reached","s":"error"}},"timestamp":"2026-08-22 13:20:27,112+0530","service":"FyersAPI"}
{"level":"ERROR","location":"[error:54] fyers_logger","message":{"API":"/history","Error":{"code":429,"message":"request limit reached","s":"error"}},"timestamp":"2026-08-22 13:20:27,154+0530","service":"FyersAPI"}
{"level":"ERROR","location":"[error:54] fyers_logger","message":{"API":"/history","Error":{"code":429,"message":"request limit reached","s":"error"}},"timestamp":"2026-08-22 13:20:27,360+0530","service":"FyersAPI"}
{"level":"ERROR","location":"[error:54] fyers_logger","message":{"API":"/history","Error":{"code":429,"message":"request limit reached","s":"error"}},"timestamp":"2026-08-22 13:20:27,402+0530","service":"FyersAPI"}
{"level":"ERROR","location":"[error:54] fyers_logger","message":{"API":"/history","Error":{"code":429,"message":"request limit reached","s":"error"}},"timestamp":"2026-08-22 13:20:27,608+0530","service":"FyersAPI"}
{"level":"ERROR","location":"[error:54] fyers_logger","message":{"API":"/history","Error":{"code":429,"message":"request limit reached","s":"error"}},"timestamp":"2026-08-22 13:20:27,661+0530","service":"FyersAPI"}
{"level":"ERROR","location":"[error:54] fyers_logger","message":{"API":"/history","Error":{"code":429,"message":"request limit reached","s":"error"}},"timestamp":"2026-08-22 13:20:27,859+0530","service":"FyersAPI"}
{"level":"ERROR","location":"[error:54] fyers_logger","message":{"API":"/history","Error":{"code":429,"message":"request limit reached","s":"error"}},"timestamp":"2026-08-22 13:20:27,909+0530","service":"FyersAPI"}
{"level":"ERROR","location":"[error:54] fyers_logger","message":{"API":"/history","Error":{"code":429,"message":"request limit reached","s":"error"}},"timestamp":"2026-08-22 13:20:28,109+0530","service":"FyersAPI"}
{"level":"ERROR","location":"[error:54] fyers_logger","message":{"API":"/history","Error":{"code":429,"message":"request limit reached","s":"error"}},"timestamp":"2026-08-22 13:20:28,154+0530","service":"FyersAPI"}
{"level":"ERROR","location":"[error:54] fyers_logger","message":{"API":"/history","Error":{"code":429,"message":"request limit reached","s":"error"}},"timestamp":"2026-08-22 13:20:28,359+0530","service":"FyersAPI"}
{"level":"ERROR","location":"[error:54] fyers_logger","message":{"API":"/history","Error":{"code":429,"message":"request limit reached","s":"error"}},"timestamp":"2026-08-22 13:20:28,411+0530","service":"FyersAPI"}
{"level":"ERROR","location":"[error:54] fyers_logger","message":{"API":"/history","Error":{"code":429,"message":"request limit reached","s":"error"}},"timestamp":"2026-08-22 13:20:28,608+0530","service":"FyersAPI"}
{"level":"ERROR","location":"[error:54] fyers_logger","message":{"API":"/history","Error":{"code":429,"message":"request limit reached","s":"error"}},"timestamp":"2026-08-22 13:20:28,658+0530","service":"FyersAPI"}
{"level":"ERROR","location":"[error:54] fyers_logger","message":{"API":"/history","Error":{"code":429,"message":"request limit reached","s":"error"}},"timestamp":"2026-08-22 13:20:28,860+0530","service":"FyersAPI"}
{"level":"ERROR","location":"[error:54] fyers_logger","message":{"API":"/history","Error":{"code":429,"message":"request limit reached","s":"error"}},"timestamp":"2026-08-22 13:20:28,906+0530","service":"FyersAPI"}
{"level":"ERROR","location":"[error:54] fyers_logger","message":{"API":"/history","Error":{"code":429,"message":"request limit reached","s":"error"}},"timestamp":"2026-08-22 13:20:29,108+0530","service":"FyersAPI"}
{"level":"ERROR","location":"[error:54] fyers_logger","message":{"API":"/history","Error":{"code":429,"message":"request limit reached","s":"error"}},"timestamp":"2026-08-22 13:20:29,155+0530","service":"FyersAPI"}
{"level":"ERROR","location":"[error:54] fyers_logger","message":{"API":"/history","Error":{"code":429,"message":"request limit reached","s":"error"}},"timestamp":"2026-08-22 13:20:29,359+0530","service":"FyersAPI"}
{"level":"ERROR","location":"[error:54] fyers_logger","message":{"API":"/history","Error":{"code":429,"message":"request limit reached","s":"error"}},"timestamp":"2026-08-22 13:20:29,411+0530","service":"FyersAPI"}
{"level":"ERROR","location":"[error:54] fyers_logger","message":{"API":"/history","Error":{"code":429,"message":"request limit reached","s":"error"}},"timestamp":"2026-08-22 13:20:29,607+0530","service":"FyersAPI"}
{"level":"ERROR","location":"[error:54] fyers_logger","message":{"API":"/history","Error":{"code":429,"message":"request limit reached","s":"error"}},"timestamp":"2026-08-22 13:20:29,656+0530","service":"FyersAPI"}
{"level":"ERROR","location":"[error:54] fyers_logger","message":{"API":"/history","Error":{"code":429,"message":"request limit reached","s":"error"}},"timestamp":"2026-08-22 13:20:29,856+0530","service":"FyersAPI"}
{"level":"ERROR","location":"[error:54] fyers_logger","message":{"API":"/history","Error":{"code":429,"message":"request limit reached","s":"error"}},"timestamp":"2026-08-22 13:20:29,905+0530","service":"FyersAPI"}
{"level":"ERROR","location":"[error:54] fyers_logger","message":{"API":"/history","Error":{"code":429,"message":"request limit reached","s":"error"}},"timestamp":"2026-08-22 13:20:30,108+0530","service":"FyersAPI"}
{"level":"ERROR","location":"[error:54] fyers_logger","message":{"API":"/history","Error":{"code":429,"message":"request limit reached","s":"error"}},"timestamp":"2026-08-22 13:20:30,153+0530","service":"FyersAPI"}
{"level":"ERROR","location":"[error:54] fyers_logger","message":{"API":"/history","Error":{"code":429,"message":"request limit reached","s":"error"}},"timestamp":"2026-08-22 13:20:30,354+0530","service":"FyersAPI"}
{"level":"ERROR","location":"[error:54] fyers_logger","message":{"API":"/history","Error":{"code":429,"message":"request limit reached","s":"error"}},"timestamp":"2026-08-22 13:20:30,398+0530","service":"FyersAPI"}
{"level":"ERROR","location":"[error:54] fyers_logger","message":{"API":"/history","Error":{"code":429,"message":"request limit reached","s":"error"}},"timestamp":"2026-08-22 13:20:30,602+0530","service":"FyersAPI"}
{"level":"ERROR","location":"[error:54] fyers_logger","message":{"API":"/history","Error":{"code":429,"message":"request limit reached","s":"error"}},"timestamp":"2026-08-22 13:20:30,645+0530","service":"FyersAPI"}
{"level":"ERROR","location":"[error:54] fyers_logger","message":{"API":"/history","Error":{"code":429,"message":"request limit reached","s":"error"}},"timestamp":"2026-08-22 13:20:30,854+0530","service":"FyersAPI"}
{"level":"ERROR","location":"[error:54] fyers_logger","message":{"API":"/history","Error":{"code":429,"message":"request limit reached","s":"error"}},"timestamp":"2026-08-22 13:20:30,890+0530","service":"FyersAPI"}
{"level":"ERROR","location":"[error:54] fyers_logger","message":{"API":"/history","Error":{"code":429,"message":"request limit reached","s":"error"}},"timestamp":"2026-08-22 13:20:31,100+0530","service":"FyersAPI"}
{"level":"ERROR","location":"[error:54] fyers_logger","message":{"API":"/history","Error":{"code":429,"message":"request limit reached","s":"error"}},"timestamp":"2026-08-22 13:20:31,139+0530","service":"FyersAPI"}
{"level":"ERROR","location":"[error:54] fyers_logger","message":{"API":"/history","Error":{"code":429,"message":"request limit reached","s":"error"}},"timestamp":"2026-08-22 13:20:31,350+0530","service":"FyersAPI"}
{"level":"ERROR","location":"[error:54] fyers_logger","message":{"API":"/history","Error":{"code":429,"message":"request limit reached","s":"error"}},"timestamp":"2026-08-22 13:20:31,386+0530","service":"FyersAPI"}
{"level":"ERROR","location":"[error:54] fyers_logger","message":{"API":"/history","Error":{"code":429,"message":"request limit reached","s":"error"}},"timestamp":"2026-08-22 13:20:31,598+0530","service":"FyersAPI"}
{"level":"ERROR","location":"[error:54] fyers_logger","message":{"API":"/history","Error":{"code":429,"message":"request limit reached","s":"error"}},"timestamp":"2026-08-22 13:20:31,638+0530","service":"FyersAPI"}
{"level":"ERROR","location":"[error:54] fyers_logger","message":{"API":"/history","Error":{"code":429,"message":"request limit reached","s":"error"}},"timestamp":"2026-08-22 13:20:31,846+0530","service":"FyersAPI"}
{"level":"ERROR","location":"[error:54] fyers_logger","message":{"API":"/history","Error":{"code":429,"message":"request limit reached","s":"error"}},"timestamp":"2026-08-22 13:20:31,889+0530","service":"FyersAPI"}
{"level":"ERROR","location":"[error:54] fyers_logger","message":{"API":"/history","Error":{"code":429,"message":"request limit reached","s":"error"}},"timestamp":"2026-08-22 13:20:32,100+0530","service":"FyersAPI"}
{"level":"ERROR","location":"[error:54] fyers_logger","message":{"API":"/history","Error":{"code":429,"message":"request limit reached","s":"error"}},"timestamp":"2026-08-22 13:20:32,146+0530","service":"FyersAPI"}
{"level":"ERROR","location":"[error:54] fyers_logger","message":{"API":"/history","Error":{"code":429,"message":"request limit reached","s":"error"}},"timestamp":"2026-08-22 13:20:32,348+0530","service":"FyersAPI"}
{"level":"ERROR","location":"[error:54] fyers_logger","message":{"API":"/history","Error":{"code":429,"message":"request limit reached","s":"error"}},"timestamp":"2026-08-22 13:20:32,396+0530","service":"FyersAPI"}
{"level":"ERROR","location":"[error:54] fyers_logger","message":{"API":"/history","Error":{"code":429,"message":"request limit reached","s":"error"}},"timestamp":"2026-08-22 13:20:32,600+0530","service":"FyersAPI"}
{"level":"ERROR","location":"[error:54] fyers_logger","message":{"API":"/history","Error":{"code":429,"message":"request limit reached","s":"error"}},"timestamp":"2026-08-22 13:20:32,646+0530","service":"FyersAPI"}
{"level":"ERROR","location":"[error:54] fyers_logger","message":{"API":"/history","Error":{"code":429,"message":"request limit reached","s":"error"}},"timestamp":"2026-08-22 13:20:32,861+0530","service":"FyersAPI"}
{"level":"ERROR","location":"[error:54] fyers_logger","message":{"API":"/history","Error":{"code":429,"message":"request limit reached","s":"error"}},"timestamp":"2026-08-22 13:20:32,897+0530","service":"FyersAPI"}
{"level":"ERROR","location":"[error:54] fyers_logger","message":{"API":"/history","Error":{"code":429,"message":"request limit reached","s":"error"}},"timestamp":"2026-08-22 13:20:33,109+0530","service":"FyersAPI"}
{"level":"ERROR","location":"[error:54] fyers_logger","message":{"API":"/history","Error":{"code":429,"message":"request limit reached","s":"error"}},"timestamp":"2026-08-22 13:20:33,151+0530","service":"FyersAPI"}
{"level":"ERROR","location":"[error:54] fyers_logger","message":{"API":"/history","Error":{"code":429,"message":"request limit reached","s":"error"}},"timestamp":"2026-08-22 13:20:33,361+0530","service":"FyersAPI"}
{"level":"ERROR","location":"[error:54] fyers_logger","message":{"API":"/history","Error":{"code":429,"message":"request limit reached","s":"error"}},"timestamp":"2026-08-22 13:20:33,408+0530","service":"FyersAPI"}
{"level":"ERROR","location":"[error:54] fyers_logger","message":{"API":"/history","Error":{"code":429,"message":"request limit reached","s":"error"}},"timestamp":"2026-08-22 13:20:33,617+0530","service":"FyersAPI"}
{"level":"ERROR","location":"[error:54] fyers_logger","message":{"API":"/history","Error":{"code":429,"message":"request limit reached","s":"error"}},"timestamp":"2026-08-22 13:20:33,657+0530","service":"FyersAPI"}
{"level":"ERROR","location":"[error:54] fyers_logger","message":{"API":"/history","Error":{"code":429,"message":"request limit reached","s":"error"}},"timestamp":"2026-08-22 13:20:33,868+0530","service":"FyersAPI"}
{"level":"ERROR","location":"[error:54] fyers_logger","message":{"API":"/history","Error":{"code":429,"message":"request limit reached","s":"error"}},"timestamp":"2026-08-22 13:20:33,904+0530","service":"FyersAPI"}
{"level":"ERROR","location":"[error:54] fyers_logger","message":{"API":"/history","Error":{"code":429,"message":"request limit reached","s":"error"}},"timestamp":"2026-08-22 13:20:34,118+0530","service":"FyersAPI"}
{"level":"ERROR","location":"[error:54] fyers_logger","message":{"API":"/history","Error":{"code":429,"message":"request limit reached","s":"error"}},"timestamp":"2026-08-22 13:20:34,159+0530","service":"FyersAPI"}
{"level":"ERROR","location":"[error:54] fyers_logger","message":{"API":"/history","Error":{"code":429,"message":"request limit reached","s":"error"}},"timestamp":"2026-08-22 13:20:34,378+0530","service":"FyersAPI"}
{"level":"ERROR","location":"[error:54] fyers_logger","message":{"API":"/history","Error":{"code":429,"message":"request limit reached","s":"error"}},"timestamp":"2026-08-22 13:20:34,407+0530","service":"FyersAPI"}
{"level":"ERROR","location":"[error:54] fyers_logger","message":{"API":"/history","Error":{"code":429,"message":"request limit reached","s":"error"}},"timestamp":"2026-08-22 13:20:34,632+0530","service":"FyersAPI"}
{"level":"ERROR","location":"[error:54] fyers_logger","message":{"API":"/history","Error":{"code":429,"message":"request limit reached","s":"error"}},"timestamp":"2026-08-22 13:20:34,656+0530","service":"FyersAPI"}
{"level":"ERROR","location":"[error:54] fyers_logger","message":{"API":"/history","Error":{"code":429,"message":"request limit reached","s":"error"}},"timestamp":"2026-08-22 13:20:34,880+0530","service":"FyersAPI"}
{"level":"ERROR","location":"[error:54] fyers_logger","message":{"API":"/history","Error":{"code":429,"message":"request limit reached","s":"error"}},"timestamp":"2026-08-22 13:20:34,904+0530","service":"FyersAPI"}
{"level":"ERROR","location":"[error:54] fyers_logger","message":{"API":"/history","Error":{"code":429,"message":"request limit reached","s":"error"}},"timestamp":"2026-08-22 13:20:35,138+0530","service":"FyersAPI"}
{"level":"ERROR","location":"[error:54] fyers_logger","message":{"API":"/history","Error":{"code":429,"message":"request limit reached","s":"error"}},"timestamp":"2026-08-22 13:20:35,150+0530","service":"FyersAPI"}
{"level":"ERROR","location":"[error:54] fyers_logger","message":{"API":"/history","Error":{"code":429,"message":"request limit reached","s":"error"}},"timestamp":"2026-08-22 13:20:35,387+0530","service":"FyersAPI"}
{"level":"ERROR","location":"[error:54] fyers_logger","message":{"API":"/history","Error":{"code":429,"message":"request limit reached","s":"error"}},"timestamp":"2026-08-22 13:20:35,403+0530","service":"FyersAPI"}
{"level":"ERROR","location":"[error:54] fyers_logger","message":{"API":"/history","Error":{"code":429,"message":"request limit reached","s":"error"}},"timestamp":"2026-08-22 13:20:35,635+0530","service":"FyersAPI"}
{"level":"ERROR","location":"[error:54] fyers_logger","message":{"API":"/history","Error":{"code":429,"message":"request limit reached","s":"error"}},"timestamp":"2026-08-22 13:20:35,646+0530","service":"FyersAPI"}
{"level":"ERROR","location":"[error:54] fyers_logger","message":{"API":"/history","Error":{"code":429,"message":"request limit reached","s":"error"}},"timestamp":"2026-08-22 13:20:35,890+0530","service":"FyersAPI"}
{"level":"ERROR","location":"[error:54] fyers_logger","message":{"API":"/history","Error":{"code":429,"message":"request limit reached","s":"error"}},"timestamp":"2026-08-22 13:20:35,900+0530","service":"FyersAPI"}
{"level":"ERROR","location":"[error:54] fyers_logger","message":{"API":"/history","Error":{"code":429,"message":"request limit reached","s":"error"}},"timestamp":"2026-08-22 13:20:36,144+0530","service":"FyersAPI"}
{"level":"ERROR","location":"[error:54] fyers_logger","message":{"API":"/history","Error":{"code":429,"message":"request limit reached","s":"error"}},"timestamp":"2026-08-22 13:20:36,154+0530","service":"FyersAPI"}
{"level":"ERROR","location":"[error:54] fyers_logger","message":{"API":"/history","Error":{"code":429,"message":"request limit reached","s":"error"}},"timestamp":"2026-08-22 13:20:36,399+0530","service":"FyersAPI"}
{"level":"ERROR","location":"[error:54] fyers_logger","message":{"API":"/history","Error":{"code":429,"message":"request limit reached","s":"error"}},"timestamp":"2026-08-22 13:20:36,403+0530","service":"FyersAPI"}
{"level":"ERROR","location":"[error:54] fyers_logger","message":{"API":"/history","Error":{"code":429,"message":"request limit reached","s":"error"}},"timestamp":"2026-08-22 13:20:36,652+0530","service":"FyersAPI"}
{"level":"ERROR","location":"[error:54] fyers_logger","message":{"API":"/history","Error":{"code":429,"message":"request limit reached","s":"error"}},"timestamp":"2026-08-22 13:20:36,655+0530","service":"FyersAPI"}
{"level":"ERROR","location":"[error:54] fyers_logger","message":{"API":"/history","Error":{"code":429,"message":"request limit reached","s":"error"}},"timestamp":"2026-08-22 13:20:36,902+0530","service":"FyersAPI"}
{"level":"ERROR","location":"[error:54] fyers_logger","message":{"API":"/history","Error":{"code":429,"message":"request limit reached","s":"error"}},"timestamp":"2026-08-22 13:20:36,907+0530","service":"FyersAPI"}
{"level":"ERROR","location":"[error:54] fyers_logger","message":{"API":"/history","Error":{"code":429,"message":"request limit reached","s":"error"}},"timestamp":"2026-08-22 13:20:37,156+0530","service":"FyersAPI"}
{"level":"ERROR","location":"[error:54] fyers_logger","message":{"API":"/history","Error":{"code":429,"message":"request limit reached","s":"error"}},"timestamp":"2026-08-22 13:20:37,159+0530","service":"FyersAPI"}
{"level":"ERROR","location":"[error:54] fyers_logger","message":{"API":"/history","Error":{"code":429,"message":"request limit reached","s":"error"}},"timestamp":"2026-08-22 13:20:37,408+0530","service":"FyersAPI"}
{"level":"ERROR","location":"[error:54] fyers_logger","message":{"API":"/history","Error":{"code":429,"message":"request limit reached","s":"error"}},"timestamp":"2026-08-22 13:20:37,411+0530","service":"FyersAPI"}
{"level":"ERROR","location":"[error:54] fyers_logger","message":{"API":"/history","Error":{"code":429,"message":"request limit reached","s":"error"}},"timestamp":"2026-08-22 13:20:37,663+0530","service":"FyersAPI"}
{"level":"ERROR","location":"[error:54] fyers_logger","message":{"API":"/history","Error":{"code":429,"message":"request limit reached","s":"error"}},"timestamp":"2026-08-22 13:20:37,668+0530","service":"FyersAPI"}
{"level":"ERROR","location":"[error:54] fyers_logger","message":{"API":"/history","Error":{"code":429,"message":"request limit reached","s":"error"}},"timestamp":"2026-08-22 13:20:37,931+0530","service":"FyersAPI"}
{"level":"ERROR","location":"[error:54] fyers_logger","message":{"API":"/history","Error":{"code":429,"message":"request limit reached","s":"error"}},"timestamp":"2026-08-22 13:20:37,932+0530","service":"FyersAPI"}
{"level":"ERROR","location":"[error:54] fyers_logger","message":{"API":"/history","error":"Expecting value: line 1 column 1 (char 0)"},"timestamp":"2026-08-22 13:20:38,164+0530","service":"FyersAPI"}
{"level":"ERROR","location":"[error:54] fyers_logger","message":{"API":"/history","error":"Expecting value: line 1 column 1 (char 0)"},"timestamp":"2026-08-22 13:20:38,166+0530","service":"FyersAPI"}
{"level":"ERROR","location":"[error:54] fyers_logger","message":{"API":"/history","error":"Expecting value: line 1 column 1 (char 0)"},"timestamp":"2026-08-22 13:20:38,389+0530","service":"FyersAPI"}
{"level":"ERROR","location":"[error:54] fyers_logger","message":{"API":"/history","error":"Expecting value: line 1 column 1 (char 0)"},"timestamp":"2026-08-22 13:20:38,390+0530","service":"FyersAPI"}
{"level":"ERROR","location":"[error:54] fyers_logger","message":{"API":"/history","error":"Expecting value: line 1 column 1 (char 0)"},"timestamp":"2026-08-22 13:20:38,619+0530","service":"FyersAPI"}
{"level":"ERROR","location":"[error:54] fyers_logger","message":{"API":"/history","error":"Expecting value: line 1 column 1 (char 0)"},"timestamp":"2026-08-22 13:20:38,620+0530","service":"FyersAPI"}
{"level":"ERROR","location":"[error:54] fyers_logger","message":{"API":"/history","error":"Expecting value: line 1 column 1 (char 0)"},"timestamp":"2026-08-22 13:20:38,848+0530","service":"FyersAPI"}
{"level":"ERROR","location":"[error:54] fyers_logger","message":{"API":"/history","error":"Expecting value: line 1 column 1 (char 0)"},"timestamp":"2026-08-22 13:20:38,852+0530","service":"FyersAPI"}
{"level":"ERROR","location":"[error:54] fyers_logger","message":{"API":"/history","error":"Expecting value: line 1 column 1 (char 0)"},"timestamp":"2026-08-22 13:20:39,073+0530","service":"FyersAPI"}
{"level":"ERROR","location":"[error:54] fyers_logger","message":{"API":"/history","error":"Expecting value: line 1 column 1 (char 0)"},"timestamp":"2026-08-22 13:20:39,078+0530","service":"FyersAPI"}
{"level":"ERROR","location":"[error:54] fyers_logger","message":{"API":"/history","error":"Expecting value: line 1 column 1 (char 0)"},"timestamp":"2026-08-22 13:20:39,296+0530","service":"FyersAPI"}
{"level":"ERROR","location":"[error:54] fyers_logger","message":{"API":"/history","error":"Expecting value: line 1 column 1 (char 0)"},"timestamp":"2026-08-22 13:20:39,300+0530","service":"FyersAPI"}
{"level":"ERROR","location":"[error:54] fyers_logger","message":{"API":"/history","error":"Expecting value: line 1 column 1 (char 0)"},"timestamp":"2026-08-22 13:20:39,522+0530","service":"FyersAPI"}
{"level":"ERROR","location":"[error:54] fyers_logger","message":{"API":"/history","error":"Expecting value: line 1 column 1 (char 0)"},"timestamp":"2026-08-22 13:20:39,525+0530","service":"FyersAPI"}
{"level":"ERROR","location":"[error:54] fyers_logger","message":{"API":"/history","error":"Expecting value: line 1 column 1 (char 0)"},"timestamp":"2026-08-22 13:20:39,751+0530","service":"FyersAPI"}
{"level":"ERROR","location":"[error:54] fyers_logger","message":{"API":"/history","error":"Expecting value: line 1 column 1 (char 0)"},"timestamp":"2026-08-22 13:20:39,753+0530","service":"FyersAPI"}
{"level":"ERROR","location":"[error:54] fyers_logger","message":{"API":"/history","error":"Expecting value: line 1 column 1 (char 0)"},"timestamp":"2026-08-22 13:20:39,975+0530","service":"FyersAPI"}
{"level":"ERROR","location":"[error:54] fyers_logger","message":{"API":"/history","error":"Expecting value: line 1 column 1 (char 0)"},"timestamp":"2026-08-22 13:20:39,980+0530","service":"FyersAPI"}
{"level":"ERROR","location":"[error:54] fyers_logger","message":{"API":"/history","error":"Expecting value: line 1 column 1 (char 0)"},"timestamp":"2026-08-22 13:20:40,201+0530","service":"FyersAPI"}
{"level":"ERROR","location":"[error:54] fyers_logger","message":{"API":"/history","error":"Expecting value: line 1 column 1 (char 0)"},"timestamp":"2026-08-22 13:20:40,205+0530","service":"FyersAPI"}
{"level":"ERROR","location":"[error:54] fyers_logger","message":{"API":"/history","error":"Expecting value: line 1 column 1 (char 0)"},"timestamp":"2026-08-22 13:20:40,433+0530","service":"FyersAPI"}
{"level":"ERROR","location":"[error:54] fyers_logger","message":{"API":"/history","error":"Expecting value: line 1 column 1 (char 0)"},"timestamp":"2026-08-22 13:20:40,434+0530","service":"FyersAPI"}
{"level":"ERROR","location":"[error:54] fyers_logger","message":{"API":"/history","error":"Expecting value: line 1 column 1 (char 0)"},"timestamp":"2026-08-22 13:20:40,663+0530","service":"FyersAPI"}
{"level":"ERROR","location":"[error:54] fyers_logger","message":{"API":"/history","error":"Expecting value: line 1 column 1 (char 0)"},"timestamp":"2026-08-22 13:20:40,665+0530","service":"FyersAPI"}
{"level":"ERROR","location":"[error:54] fyers_logger","message":{"API":"/history","error":"Expecting value: line 1 column 1 (char 0)"},"timestamp":"2026-08-22 13:20:40,893+0530","service":"FyersAPI"}
{"level":"ERROR","location":"[error:54] fyers_logger","message":{"API":"/history","error":"Expecting value: line 1 column 1 (char 0)"},"timestamp":"2026-08-22 13:20:40,894+0530","service":"FyersAPI"}
{"level":"ERROR","location":"[error:54] fyers_logger","message":{"API":"/history","error":"Expecting value: line 1 column 1 (char 0)"},"timestamp":"2026-08-22 13:20:41,121+0530","service":"FyersAPI"}
{"level":"ERROR","location":"[error:54] fyers_logger","message":{"API":"/history","error":"Expecting value: line 1 column 1 (char 0)"},"timestamp":"2026-08-22 13:20:41,123+0530","service":"FyersAPI"}
{"level":"ERROR","location":"[error:54] fyers_logger","message":{"API":"/history","error":"Expecting value: line 1 column 1 (char 0)"},"timestamp":"2026-08-22 13:20:41,351+0530","service":"FyersAPI"}
{"level":"ERROR","location":"[error:54] fyers_logger","message":{"API":"/history","error":"Expecting value: line 1 column 1 (char 0)"},"timestamp":"2026-08-22 13:20:41,352+0530","service":"FyersAPI"}
{"level":"ERROR","location":"[error:54] fyers_logger","message":{"API":"/history","error":"Expecting value: line 1 column 1 (char 0)"},"timestamp":"2026-08-22 13:20:41,580+0530","service":"FyersAPI"}
{"level":"ERROR","location":"[error:54] fyers_logger","message":{"API":"/history","error":"Expecting value: line 1 column 1 (char 0)"},"timestamp":"2026-08-22 13:20:41,582+0530","service":"FyersAPI"}
{"level":"ERROR","location":"[error:54] fyers_logger","message":{"API":"/history","error":"Expecting value: line 1 column 1 (char 0)"},"timestamp":"2026-08-22 13:20:41,811+0530","service":"FyersAPI"}
{"level":"ERROR","location":"[error:54] fyers_logger","message":{"API":"/history","error":"Expecting value: line 1 column 1 (char 0)"},"timestamp":"2026-08-22 13:20:41,812+0530","service":"FyersAPI"}
{"level":"ERROR","location":"[error:54] fyers_logger","message":{"API":"/history","error":"Expecting value: line 1 column 1 (char 0)"},"timestamp":"2026-08-22 13:20:42,035+0530","service":"FyersAPI"}
{"level":"ERROR","location":"[error:54] fyers_logger","message":{"API":"/history","error":"Expecting value: line 1 column 1 (char 0)"},"timestamp":"2026-08-22 13:20:42,040+0530","service":"FyersAPI"}
{"level":"ERROR","location":"[error:54] fyers_logger","message":{"API":"/history","error":"Expecting value: line 1 column 1 (char 0)"},"timestamp":"2026-08-22 13:20:42,265+0530","service":"FyersAPI"}
{"level":"ERROR","location":"[error:54] fyers_logger","message":{"API":"/history","error":"Expecting value: line 1 column 1 (char 0)"},"timestamp":"2026-08-22 13:20:42,266+0530","service":"FyersAPI"}
{"level":"ERROR","location":"[error:54] fyers_logger","message":{"API":"/history","error":"Expecting value: line 1 column 1 (char 0)"},"timestamp":"2026-08-22 13:20:42,494+0530","service":"FyersAPI"}
{"level":"ERROR","location":"[error:54] fyers_logger","message":{"API":"/history","error":"Expecting value: line 1 column 1 (char 0)"},"timestamp":"2026-08-22 13:20:42,499+0530","service":"FyersAPI"}
{"level":"ERROR","location":"[error:54] fyers_logger","message":{"API":"/history","error":"Expecting value: line 1 column 1 (char 0)"},"timestamp":"2026-08-22 13:20:42,727+0530","service":"FyersAPI"}
{"level":"ERROR","location":"[error:54] fyers_logger","message":{"API":"/history","error":"Expecting value: line 1 column 1 (char 0)"},"timestamp":"2026-08-22 13:20:42,729+0530","service":"FyersAPI"}
{"level":"ERROR","location":"[error:54] fyers_logger","message":{"API":"/history","error":"Expecting value: line 1 column 1 (char 0)"},"timestamp":"2026-08-22 13:20:42,951+0530","service":"FyersAPI"}
{"level":"ERROR","location":"[error:54] fyers_logger","message":{"API":"/history","error":"Expecting value: line 1 column 1 (char 0)"},"timestamp":"2026-08-22 13:20:42,954+0530","service":"FyersAPI"}
{"level":"ERROR","location":"[error:54] fyers_logger","message":{"API":"/history","error":"Expecting value: line 1 column 1 (char 0)"},"timestamp":"2026-08-22 13:20:43,180+0530","service":"FyersAPI"}
{"level":"ERROR","location":"[error:54] fyers_logger","message":{"API":"/history","error":"Expecting value: line 1 column 1 (char 0)"},"timestamp":"2026-08-22 13:20:43,181+0530","service":"FyersAPI"}
{"level":"ERROR","location":"[error:54] fyers_logger","message":{"API":"/history","error":"Expecting value: line 1 column 1 (char 0)"},"timestamp":"2026-08-22 13:20:43,411+0530","service":"FyersAPI"}
{"level":"ERROR","location":"[error:54] fyers_logger","message":{"API":"/history","error":"Expecting value: line 1 column 1 (char 0)"},"timestamp":"2026-08-22 13:20:43,413+0530","service":"FyersAPI"}
{"level":"ERROR","location":"[error:54] fyers_logger","message":{"API":"/history","error":"Expecting value: line 1 column 1 (char 0)"},"timestamp":"2026-08-22 13:20:43,638+0530","service":"FyersAPI"}
{"level":"ERROR","location":"[error:54] fyers_logger","message":{"API":"/history","error":"Expecting value: line 1 column 1 (char 0)"},"timestamp":"2026-08-22 13:20:43,639+0530","service":"FyersAPI"}
{"level":"ERROR","location":"[error:54] fyers_logger","message":{"API":"/history","error":"Expecting value: line 1 column 1 (char 0)"},"timestamp":"2026-08-22 13:20:43,868+0530","service":"FyersAPI"}
{"level":"ERROR","location":"[error:54] fyers_logger","message":{"API":"/history","error":"Expecting value: line 1 column 1 (char 0)"},"timestamp":"2026-08-22 13:20:43,870+0530","service":"FyersAPI"}
{"level":"ERROR","location":"[error:54] fyers_logger","message":{"API":"/history","error":"Expecting value: line 1 column 1 (char 0)"},"timestamp":"2026-08-22 13:20:44,094+0530","service":"FyersAPI"}
{"level":"ERROR","location":"[error:54] fyers_logger","message":{"API":"/history","error":"Expecting value: line 1 column 1 (char 0)"},"timestamp":"2026-08-22 13:20:44,094+0530","service":"FyersAPI"}
{"level":"ERROR","location":"[error:54] fyers_logger","message":{"API":"/history","error":"Expecting value: line 1 column 1 (char 0)"},"timestamp":"2026-08-22 13:20:44,313+0530","service":"FyersAPI"}
{"level":"ERROR","location":"[error:54] fyers_logger","message":{"API":"/history","error":"Expecting value: line 1 column 1 (char 0)"},"timestamp":"2026-08-22 13:20:44,315+0530","service":"FyersAPI"}
{"level":"ERROR","location":"[error:54] fyers_logger","message":{"API":"/history","error":"Expecting value: line 1 column 1 (char 0)"},"timestamp":"2026-08-22 13:20:44,527+0530","service":"FyersAPI"}
{"level":"ERROR","location":"[error:54] fyers_logger","message":{"API":"/history","error":"Expecting value: line 1 column 1 (char 0)"},"timestamp":"2026-08-22 13:20:44,531+0530","service":"FyersAPI"}
{"level":"ERROR","location":"[error:54] fyers_logger","message":{"API":"/history","error":"Expecting value: line 1 column 1 (char 0)"},"timestamp":"2026-08-22 13:20:44,742+0530","service":"FyersAPI"}
{"level":"ERROR","location":"[error:54] fyers_logger","message":{"API":"/history","error":"Expecting value: line 1 column 1 (char 0)"},"timestamp":"2026-08-22 13:20:44,746+0530","service":"FyersAPI"}
{"level":"ERROR","location":"[error:54] fyers_logger","message":{"API":"/history","error":"Expecting value: line 1 column 1 (char 0)"},"timestamp":"2026-08-22 13:20:44,959+0530","service":"FyersAPI"}
{"level":"ERROR","location":"[error:54] fyers_logger","message":{"API":"/history","error":"Expecting value: line 1 column 1 (char 0)"},"timestamp":"2026-08-22 13:20:44,960+0530","service":"FyersAPI"}
{"level":"ERROR","location":"[error:54] fyers_logger","message":{"API":"/history","error":"Expecting value: line 1 column 1 (char 0)"},"timestamp":"2026-08-22 13:20:45,177+0530","service":"FyersAPI"}
{"level":"ERROR","location":"[error:54] fyers_logger","message":{"API":"/history","error":"Expecting value: line 1 column 1 (char 0)"},"timestamp":"2026-08-22 13:20:45,178+0530","service":"FyersAPI"}
{"level":"ERROR","location":"[error:54] fyers_logger","message":{"API":"/history","error":"Expecting value: line 1 column 1 (char 0)"},"timestamp":"2026-08-22 13:20:45,395+0530","service":"FyersAPI"}
{"level":"ERROR","location":"[error:54] fyers_logger","message":{"API":"/history","error":"Expecting value: line 1 column 1 (char 0)"},"timestamp":"2026-08-22 13:20:45,396+0530","service":"FyersAPI"}
{"level":"ERROR","location":"[error:54] fyers_logger","message":{"API":"/history","error":"Expecting value: line 1 column 1 (char 0)"},"timestamp":"2026-08-22 13:20:45,612+0530","service":"FyersAPI"}
{"level":"ERROR","location":"[error:54] fyers_logger","message":{"API":"/history","error":"Expecting value: line 1 column 1 (char 0)"},"timestamp":"2026-08-22 13:20:45,612+0530","service":"FyersAPI"}
{"level":"ERROR","location":"[error:54] fyers_logger","message":{"API":"/history","error":"Expecting value: line 1 column 1 (char 0)"},"timestamp":"2026-08-22 13:20:45,832+0530","service":"FyersAPI"}
{"level":"ERROR","location":"[error:54] fyers_logger","message":{"API":"/history","error":"Expecting value: line 1 column 1 (char 0)"},"timestamp":"2026-08-22 13:20:45,833+0530","service":"FyersAPI"}
{"level":"ERROR","location":"[error:54] fyers_logger","message":{"API":"/history","error":"Expecting value: line 1 column 1 (char 0)"},"timestamp":"2026-08-22 13:20:46,054+0530","service":"FyersAPI"}
{"level":"ERROR","location":"[error:54] fyers_logger","message":{"API":"/history","error":"Expecting value: line 1 column 1 (char 0)"},"timestamp":"2026-08-22 13:20:46,057+0530","service":"FyersAPI"}
{"level":"ERROR","location":"[error:54] fyers_logger","message":{"API":"/history","error":"Expecting value: line 1 column 1 (char 0)"},"timestamp":"2026-08-22 13:20:46,278+0530","service":"FyersAPI"}
{"level":"ERROR","location":"[error:54] fyers_logger","message":{"API":"/history","error":"Expecting value: line 1 column 1 (char 0)"},"timestamp":"2026-08-22 13:20:46,279+0530","service":"FyersAPI"}
{"level":"ERROR","location":"[error:54] fyers_logger","message":{"API":"/history","error":"Expecting value: line 1 column 1 (char 0)"},"timestamp":"2026-08-22 13:20:46,505+0530","service":"FyersAPI"}
{"level":"ERROR","location":"[error:54] fyers_logger","message":{"API":"/history","error":"Expecting value: line 1 column 1 (char 0)"},"timestamp":"2026-08-22 13:20:46,506+0530","service":"FyersAPI"}
{"level":"ERROR","location":"[error:54] fyers_logger","message":{"API":"/history","error":"Expecting value: line 1 column 1 (char 0)"},"timestamp":"2026-08-22 13:20:46,728+0530","service":"FyersAPI"}
{"level":"ERROR","location":"[error:54] fyers_logger","message":{"API":"/history","error":"Expecting value: line 1 column 1 (char 0)"},"timestamp":"2026-08-22 13:20:46,729+0530","service":"FyersAPI"}
{"level":"ERROR","location":"[error:54] fyers_logger","message":{"API":"/history","error":"Expecting value: line 1 column 1 (char 0)"},"timestamp":"2026-08-22 13:20:46,949+0530","service":"FyersAPI"}
{"level":"ERROR","location":"[error:54] fyers_logger","message":{"API":"/history","error":"Expecting value: line 1 column 1 (char 0)"},"timestamp":"2026-08-22 13:20:46,951+0530","service":"FyersAPI"}
{"level":"ERROR","location":"[error:54] fyers_logger","message":{"API":"/history","error":"Expecting value: line 1 column 1 (char 0)"},"timestamp":"2026-08-22 13:20:47,173+0530","service":"FyersAPI"}
{"level":"ERROR","location":"[error:54] fyers_logger","message":{"API":"/history","error":"Expecting value: line 1 column 1 (char 0)"},"timestamp":"2026-08-22 13:20:47,174+0530","service":"FyersAPI"}
{"level":"ERROR","location":"[error:54] fyers_logger","message":{"API":"/history","error":"Expecting value: line 1 column 1 (char 0)"},"timestamp":"2026-08-22 13:20:47,391+0530","service":"FyersAPI"}
{"level":"ERROR","location":"[error:54] fyers_logger","message":{"API":"/history","error":"Expecting value: line 1 column 1 (char 0)"},"timestamp":"2026-08-22 13:20:47,393+0530","service":"FyersAPI"}
{"level":"ERROR","location":"[error:54] fyers_logger","message":{"API":"/history","error":"Expecting value: line 1 column 1 (char 0)"},"timestamp":"2026-08-22 13:20:47,607+0530","service":"FyersAPI"}
{"level":"ERROR","location":"[error:54] fyers_logger","message":{"API":"/history","error":"Expecting value: line 1 column 1 (char 0)"},"timestamp":"2026-08-22 13:20:47,607+0530","service":"FyersAPI"}
{"level":"ERROR","location":"[error:54] fyers_logger","message":{"API":"/history","error":"Expecting value: line 1 column 1 (char 0)"},"timestamp":"2026-08-22 13:20:47,823+0530","service":"FyersAPI"}
{"level":"ERROR","location":"[error:54] fyers_logger","message":{"API":"/history","error":"Expecting value: line 1 column 1 (char 0)"},"timestamp":"2026-08-22 13:20:47,825+0530","service":"FyersAPI"}
{"level":"ERROR","location":"[error:54] fyers_logger","message":{"API":"/history","error":"Expecting value: line 1 column 1 (char 0)"},"timestamp":"2026-08-22 13:20:48,040+0530","service":"FyersAPI"}
{"level":"ERROR","location":"[error:54] fyers_logger","message":{"API":"/history","error":"Expecting value: line 1 column 1 (char 0)"},"timestamp":"2026-08-22 13:20:48,042+0530","service":"FyersAPI"}
{"level":"ERROR","location":"[error:54] fyers_logger","message":{"API":"/history","error":"Expecting value: line 1 column 1 (char 0)"},"timestamp":"2026-08-22 13:20:48,261+0530","service":"FyersAPI"}
{"level":"ERROR","location":"[error:54] fyers_logger","message":{"API":"/history","error":"Expecting value: line 1 column 1 (char 0)"},"timestamp":"2026-08-22 13:20:48,263+0530","service":"FyersAPI"}
{"level":"ERROR","location":"[error:54] fyers_logger","message":{"API":"/history","error":"Expecting value: line 1 column 1 (char 0)"},"timestamp":"2026-08-22 13:20:48,493+0530","service":"FyersAPI"}
{"level":"ERROR","location":"[error:54] fyers_logger","message":{"API":"/history","error":"Expecting value: line 1 column 1 (char 0)"},"timestamp":"2026-08-22 13:20:48,494+0530","service":"FyersAPI"}
{"level":"ERROR","location":"[error:54] fyers_logger","message":{"API":"/history","error":"Expecting value: line 1 column 1 (char 0)"},"timestamp":"2026-08-22 13:20:48,714+0530","service":"FyersAPI"}
{"level":"ERROR","location":"[error:54] fyers_logger","message":{"API":"/history","error":"Expecting value: line 1 column 1 (char 0)"},"timestamp":"2026-08-22 13:20:48,716+0530","service":"FyersAPI"}
{"level":"ERROR","location":"[error:54] fyers_logger","message":{"API":"/history","error":"Expecting value: line 1 column 1 (char 0)"},"timestamp":"2026-08-22 13:20:48,926+0530","service":"FyersAPI"}
{"level":"ERROR","location":"[error:54] fyers_logger","message":{"API":"/history","error":"Expecting value: line 1 column 1 (char 0)"},"timestamp":"2026-08-22 13:20:48,928+0530","service":"FyersAPI"}
{"level":"ERROR","location":"[error:54] fyers_logger","message":{"API":"/history","error":"Expecting value: line 1 column 1 (char 0)"},"timestamp":"2026-08-22 13:20:49,147+0530","service":"FyersAPI"}
{"level":"ERROR","location":"[error:54] fyers_logger","message":{"API":"/history","error":"Expecting value: line 1 column 1 (char 0)"},"timestamp":"2026-08-22 13:20:49,148+0530","service":"FyersAPI"}
{"level":"ERROR","location":"[error:54] fyers_logger","message":{"API":"/history","error":"Expecting value: line 1 column 1 (char 0)"},"timestamp":"2026-08-22 13:20:49,372+0530","service":"FyersAPI"}
{"level":"ERROR","location":"[error:54] fyers_logger","message":{"API":"/history","error":"Expecting value: line 1 column 1 (char 0)"},"timestamp":"2026-08-22 13:20:49,373+0530","service":"FyersAPI"}
{"level":"ERROR","location":"[error:54] fyers_logger","message":{"API":"/history","error":"Expecting value: line 1 column 1 (char 0)"},"timestamp":"2026-08-22 13:20:49,589+0530","service":"FyersAPI"}
{"level":"ERROR","location":"[error:54] fyers_logger","message":{"API":"/history","error":"Expecting value: line 1 column 1 (char 0)"},"timestamp":"2026-08-22 13:20:49,591+0530","service":"FyersAPI"}
{"level":"ERROR","location":"[error:54] fyers_logger","message":{"API":"/history","error":"Expecting value: line 1 column 1 (char 0)"},"timestamp":"2026-08-22 13:20:49,804+0530","service":"FyersAPI"}
{"level":"ERROR","location":"[error:54] fyers_logger","message":{"API":"/history","error":"Expecting value: line 1 column 1 (char 0)"},"timestamp":"2026-08-22 13:20:49,806+0530","service":"FyersAPI"}
{"level":"ERROR","location":"[error:54] fyers_logger","message":{"API":"/history","error":"Expecting value: line 1 column 1 (char 0)"},"timestamp":"2026-08-22 13:20:50,024+0530","service":"FyersAPI"}
{"level":"ERROR","location":"[error:54] fyers_logger","message":{"API":"/history","error":"Expecting value: line 1 column 1 (char 0)"},"timestamp":"2026-08-22 13:20:50,025+0530","service":"FyersAPI"}
{"level":"ERROR","location":"[error:54] fyers_logger","message":{"API":"/history","error":"Expecting value: line 1 column 1 (char 0)"},"timestamp":"2026-08-22 13:20:50,242+0530","service":"FyersAPI"}
{"level":"ERROR","location":"[error:54] fyers_logger","message":{"API":"/history","error":"Expecting value: line 1 column 1 (char 0)"},"timestamp":"2026-08-22 13:20:50,247+0530","service":"FyersAPI"}
{"level":"ERROR","location":"[error:54] fyers_logger","message":{"API":"/history","error":"Expecting value: line 1 column 1 (char 0)"},"timestamp":"2026-08-22 13:20:50,456+0530","service":"FyersAPI"}
{"level":"ERROR","location":"[error:54] fyers_logger","message":{"API":"/history","error":"Expecting value: line 1 column 1 (char 0)"},"timestamp":"2026-08-22 13:20:50,465+0530","service":"FyersAPI"}
{"level":"ERROR","location":"[error:54] fyers_logger","message":{"API":"/history","error":"Expecting value: line 1 column 1 (char 0)"},"timestamp":"2026-08-22 13:20:50,671+0530","service":"FyersAPI"}
{"level":"ERROR","location":"[error:54] fyers_logger","message":{"API":"/history","error":"Expecting value: line 1 column 1 (char 0)"},"timestamp":"2026-08-22 13:20:50,686+0530","service":"FyersAPI"}
{"level":"ERROR","location":"[error:54] fyers_logger","message":{"API":"/history","error":"Expecting value: line 1 column 1 (char 0)"},"timestamp":"2026-08-22 13:20:50,888+0530","service":"FyersAPI"}
{"level":"ERROR","location":"[error:54] fyers_logger","message":{"API":"/history","error":"Expecting value: line 1 column 1 (char 0)"},"timestamp":"2026-08-22 13:20:50,902+0530","service":"FyersAPI"}
{"level":"ERROR","location":"[error:54] fyers_logger","message":{"API":"/history","error":"Expecting value: line 1 column 1 (char 0)"},"timestamp":"2026-08-22 13:20:51,103+0530","service":"FyersAPI"}
{"level":"ERROR","location":"[error:54] fyers_logger","message":{"API":"/history","error":"Expecting value: line 1 column 1 (char 0)"},"timestamp":"2026-08-22 13:20:51,117+0530","service":"FyersAPI"}
{"level":"ERROR","location":"[error:54] fyers_logger","message":{"API":"/history","error":"Expecting value: line 1 column 1 (char 0)"},"timestamp":"2026-08-22 13:20:51,321+0530","service":"FyersAPI"}
{"level":"ERROR","location":"[error:54] fyers_logger","message":{"API":"/history","error":"Expecting value: line 1 column 1 (char 0)"},"timestamp":"2026-08-22 13:20:51,338+0530","service":"FyersAPI"}
{"level":"ERROR","location":"[error:54] fyers_logger","message":{"API":"/history","error":"Expecting value: line 1 column 1 (char 0)"},"timestamp":"2026-08-22 13:20:51,540+0530","service":"FyersAPI"}
{"level":"ERROR","location":"[error:54] fyers_logger","message":{"API":"/history","error":"Expecting value: line 1 column 1 (char 0)"},"timestamp":"2026-08-22 13:20:51,556+0530","service":"FyersAPI"}
{"level":"ERROR","location":"[error:54] fyers_logger","message":{"API":"/history","error":"Expecting value: line 1 column 1 (char 0)"},"timestamp":"2026-08-22 13:20:51,758+0530","service":"FyersAPI"}
{"level":"ERROR","location":"[error:54] fyers_logger","message":{"API":"/history","error":"Expecting value: line 1 column 1 (char 0)"},"timestamp":"2026-08-22 13:20:51,773+0530","service":"FyersAPI"}
{"level":"ERROR","location":"[error:54] fyers_logger","message":{"API":"/history","error":"Expecting value: line 1 column 1 (char 0)"},"timestamp":"2026-08-22 13:20:51,980+0530","service":"FyersAPI"}
{"level":"ERROR","location":"[error:54] fyers_logger","message":{"API":"/history","error":"Expecting value: line 1 column 1 (char 0)"},"timestamp":"2026-08-22 13:20:51,990+0530","service":"FyersAPI"}
{"level":"ERROR","location":"[error:54] fyers_logger","message":{"API":"/history","error":"Expecting value: line 1 column 1 (char 0)"},"timestamp":"2026-08-22 13:20:52,195+0530","service":"FyersAPI"}
{"level":"ERROR","location":"[error:54] fyers_logger","message":{"API":"/history","error":"Expecting value: line 1 column 1 (char 0)"},"timestamp":"2026-08-22 13:20:52,206+0530","service":"FyersAPI"}
{"level":"ERROR","location":"[error:54] fyers_logger","message":{"API":"/history","error":"Expecting value: line 1 column 1 (char 0)"},"timestamp":"2026-08-22 13:20:52,416+0530","service":"FyersAPI"}
{"level":"ERROR","location":"[error:54] fyers_logger","message":{"API":"/history","error":"Expecting value: line 1 column 1 (char 0)"},"timestamp":"2026-08-22 13:20:52,420+0530","service":"FyersAPI"}
{"level":"ERROR","location":"[error:54] fyers_logger","message":{"API":"/history","error":"Expecting value: line 1 column 1 (char 0)"},"timestamp":"2026-08-22 13:20:52,632+0530","service":"FyersAPI"}
{"level":"ERROR","location":"[error:54] fyers_logger","message":{"API":"/history","error":"Expecting value: line 1 column 1 (char 0)"},"timestamp":"2026-08-22 13:20:52,635+0530","service":"FyersAPI"}
{"level":"ERROR","location":"[error:54] fyers_logger","message":{"API":"/history","error":"Expecting value: line 1 column 1 (char 0)"},"timestamp":"2026-08-22 13:20:52,853+0530","service":"FyersAPI"}
{"level":"ERROR","location":"[error:54] fyers_logger","message":{"API":"/history","error":"Expecting value: line 1 column 1 (char 0)"},"timestamp":"2026-08-22 13:20:52,854+0530","service":"FyersAPI"}
{"level":"ERROR","location":"[error:54] fyers_logger","message":{"API":"/history","error":"Expecting value: line 1 column 1 (char 0)"},"timestamp":"2026-08-22 13:20:53,070+0530","service":"FyersAPI"}
{"level":"ERROR","location":"[error:54] fyers_logger","message":{"API":"/history","error":"Expecting value: line 1 column 1 (char 0)"},"timestamp":"2026-08-22 13:20:53,071+0530","service":"FyersAPI"}
{"level":"ERROR","location":"[error:54] fyers_logger","message":{"API":"/history","error":"Expecting value: line 1 column 1 (char 0)"},"timestamp":"2026-08-22 13:20:53,286+0530","service":"FyersAPI"}
{"level":"ERROR","location":"[error:54] fyers_logger","message":{"API":"/history","error":"Expecting value: line 1 column 1 (char 0)"},"timestamp":"2026-08-22 13:20:53,501+0530","service":"FyersAPI"}
{"level":"ERROR","location":"[error:54] fyers_logger","message":{"API":"/history","error":"Expecting value: line 1 column 1 (char 0)"},"timestamp":"2026-08-22 13:20:53,717+0530","service":"FyersAPI"}
{"level":"ERROR","location":"[error:54] fyers_logger","message":{"API":"/history","error":"Expecting value: line 1 column 1 (char 0)"},"timestamp":"2026-08-22 13:20:53,940+0530","service":"FyersAPI"}
{"level":"ERROR","location":"[error:54] fyers_logger","message":{"API":"/history","error":"Expecting value: line 1 column 1 (char 0)"},"timestamp":"2026-08-22 13:20:54,156+0530","service":"FyersAPI"}
{"level":"ERROR","location":"[error:54] fyers_logger","message":{"API":"/history","error":"Expecting value: line 1 column 1 (char 0)"},"timestamp":"2026-08-22 13:20:54,373+0530","service":"FyersAPI"}
{"level":"ERROR","location":"[error:54] fyers_logger","message":{"API":"/history","error":"Expecting value: line 1 column 1 (char 0)"},"timestamp":"2026-08-22 13:20:54,591+0530","service":"FyersAPI"}
{"level":"ERROR","location":"[error:54] fyers_logger","message":{"API":"/history","Error":{"code":-300,"message":"Invalid symbol provided","s":"error"}},"timestamp":"2026-08-22 13:52:11,658+0530","service":"FyersAPI"}
{"level":"ERROR","location":"[error:54] fyers_logger","message":{"API":"/history","Error":{"code":-300,"message":"Invalid symbol provided","s":"error"}},"timestamp":"2026-08-22 13:52:11,880+0530","service":"FyersAPI"}
{"level":"ERROR","location":"[error:54] fyers_logger","message":{"API":"/history","Error":{"code":429,"message":"request limit reached","s":"error"}},"timestamp":"2026-08-22 13:52:12,232+0530","service":"FyersAPI"}
{"level":"ERROR","location":"[error:54] fyers_logger","message":{"API":"/history","Error":{"code":429,"message":"request limit reached","s":"error"}},"timestamp":"2026-08-22 13:52:12,283+0530","service":"FyersAPI"}
{"level":"ERROR","location":"[error:54] fyers_logger","message":{"API":"/history","Error":{"code":429,"message":"request limit reached","s":"error"}},"timestamp":"2026-08-22 13:52:12,335+0530","service":"FyersAPI"}
{"level":"ERROR","location":"[error:54] fyers_logger","message":{"API":"/history","Error":{"code":429,"message":"request limit reached","s":"error"}},"timestamp":"2026-08-22 13:52:12,387+0530","service":"FyersAPI"}
{"level":"ERROR","location":"[error:54] fyers_logger","message":{"API":"/history","Error":{"code":429,"message":"request limit reached","s":"error"}},"timestamp":"2026-08-22 13:52:12,436+0530","service":"FyersAPI"}
{"level":"ERROR","location":"[error:54] fyers_logger","message":{"API":"/history","Error":{"code":429,"message":"request limit reached","s":"error"}},"timestamp":"2026-08-22 13:52:12,482+0530","service":"FyersAPI"}
{"level":"ERROR","location":"[error:54] fyers_logger","message":{"API":"/history","Error":{"code":429,"message":"request limit reached","s":"error"}},"timestamp":"2026-08-22 13:52:12,530+0530","service":"FyersAPI"}
{"level":"ERROR","location":"[error:54] fyers_logger","message":{"API":"/history","Error":{"code":429,"message":"request limit reached","s":"error"}},"timestamp":"2026-08-22 13:52:12,585+0530","service":"FyersAPI"}
{"level":"ERROR","location":"[error:54] fyers_logger","message":{"API":"/history","Error":{"code":429,"message":"request limit reached","s":"error"}},"timestamp":"2026-08-22 13:52:13,278+0530","service":"FyersAPI"}
{"level":"ERROR","location":"[error:54] fyers_logger","message":{"API":"/history","Error":{"code":429,"message":"request limit reached","s":"error"}},"timestamp":"2026-08-22 13:52:13,324+0530","service":"FyersAPI"}
{"level":"ERROR","location":"[error:54] fyers_logger","message":{"API":"/history","Error":{"code":429,"message":"request limit reached","s":"error"}},"timestamp":"2026-08-22 13:52:13,370+0530","service":"FyersAPI"}
{"level":"ERROR","location":"[error:54] fyers_logger","message":{"API":"/history","Error":{"code":429,"message":"request limit reached","s":"error"}},"timestamp":"2026-08-22 13:52:13,421+0530","service":"FyersAPI"}
{"level":"ERROR","location":"[error:54] fyers_logger","message":{"API":"/history","Error":{"code":429,"message":"request limit reached","s":"error"}},"timestamp":"2026-08-22 13:52:13,469+0530","service":"FyersAPI"}
{"level":"ERROR","location":"[error:54] fyers_logger","message":{"API":"/history","Error":{"code":429,"message":"request limit reached","s":"error"}},"timestamp":"2026-08-22 13:52:13,542+0530","service":"FyersAPI"}
{"level":"ERROR","location":"[error:54] fyers_logger","message":{"API":"/history","Error":{"code":429,"message":"request limit reached","s":"error"}},"timestamp":"2026-08-22 13:52:13,586+0530","service":"FyersAPI"}
{"level":"ERROR","location":"[error:54] fyers_logger","message":{"API":"/history","Error":{"code":429,"message":"request limit reached","s":"error"}},"timestamp":"2026-08-22 13:52:13,630+0530","service":"FyersAPI"}
{"level":"ERROR","location":"[error:54] fyers_logger","message":{"API":"/history","Error":{"code":-300,"message":"Invalid symbol provided","s":"error"}},"timestamp":"2026-08-22 13:52:32,212+0530","service":"FyersAPI"}
{"level":"ERROR","location":"[error:54] fyers_logger","message":{"API":"/history","Error":{"code":-300,"message":"Invalid symbol provided","s":"error"}},"timestamp":"2026-08-22 13:52:33,245+0530","service":"FyersAPI"}
{"level":"ERROR","location":"[error:54] fyers_logger","message":{"API":"/history","Error":{"code":-300,"message":"Invalid symbol provided","s":"error"}},"timestamp":"2026-08-22 13:52:50,594+0530","service":"FyersAPI"}
{"level":"ERROR","location":"[error:54] fyers_logger","message":{"API":"/history","Error":{"code":-300,"message":"Invalid symbol provided","s":"error"}},"timestamp":"2026-08-22 13:53:27,310+0530","service":"FyersAPI"}
{"level":"ERROR","location":"[error:54] fyers_logger","message":{"API":"/history","Error":{"code":-300,"message":"Invalid symbol provided","s":"error"}},"timestamp":"2026-08-22 13:53:38,333+0530","service":"FyersAPI"}
{"level":"ERROR","location":"[error:54] fyers_logger","message":{"API":"/history","Error":{"code":-300,"message":"Invalid symbol provided","s":"error"}},"timestamp":"2026-08-22 13:53:39,643+0530","service":"FyersAPI"}
{"level":"ERROR","location":"[error:54] fyers_logger","message":{"API":"/history","Error":{"code":-300,"message":"Invalid symbol provided","s":"error"}},"timestamp":"2026-08-22 13:54:07,404+0530","service":"FyersAPI"}
{"level":"ERROR","location":"[error:54] fyers_logger","message":{"API":"/history","Error":{"code":-300,"message":"Invalid symbol provided","s":"error"}},"timestamp":"2026-08-22 13:57:52,203+0530","service":"FyersAPI"}
{"level":"ERROR","location":"[error:54] fyers_logger","message":{"API":"/history","Error":{"code":-300,"message":"Invalid symbol provided","s":"error"}},"timestamp":"2026-08-22 13:57:53,513+0530","service":"FyersAPI"}
{"level":"ERROR","location":"[error:54] fyers_logger","message":{"API":"/history","Error":{"code":-300,"message":"Invalid symbol provided","s":"error"}},"timestamp":"2026-08-22 13:58:21,588+0530","service":"FyersAPI"}
{"level":"ERROR","location":"[error:54] fyers_logger","message":{"API":"/history","Error":{"code":-300,"message":"Invalid symbol provided","s":"error"}},"timestamp":"2026-08-22 13:59:16,727+0530","service":"FyersAPI"}
{"level":"ERROR","location":"[error:54] fyers_logger","message":{"API":"/history","Error":{"code":-300,"message":"Invalid symbol provided","s":"error"}},"timestamp":"2026-08-22 13:59:18,049+0530","service":"FyersAPI"}
{"level":"ERROR","location":"[error:54] fyers_logger","message":{"API":"/history","Error":{"code":-300,"message":"Invalid symbol provided","s":"error"}},"timestamp":"2026-08-22 13:59:45,903+0530","service":"FyersAPI"}
{"level":"ERROR","location":"[error:54] fyers_logger","message":{"API":"/history","Error":{"code":-300,"message":"Invalid symbol provided","s":"error"}},"timestamp":"2026-08-22 14:00:53,348+0530","service":"FyersAPI"}
{"level":"ERROR","location":"[error:54] fyers_logger","message":{"API":"/history","Error":{"code":-300,"message":"Invalid symbol provided","s":"error"}},"timestamp":"2026-08-22 14:00:54,372+0530","service":"FyersAPI"}
{"level":"ERROR","location":"[error:54] fyers_logger","message":{"API":"/history","Error":{"code":-300,"message":"Invalid symbol provided","s":"error"}},"timestamp":"2026-08-22 14:01:11,524+0530","service":"FyersAPI"}
{"level":"ERROR","location":"[error:54] fyers_logger","message":{"API":"/history","Error":{"code":429,"message":"request limit reached","s":"error"}},"timestamp":"2026-08-22 14:01:44,757+0530","service":"FyersAPI"}
{"level":"ERROR","location":"[error:54] fyers_logger","message":{"API":"/history","Error":{"code":429,"message":"request limit reached","s":"error"}},"timestamp":"2026-08-22 14:01:45,002+0530","service":"FyersAPI"}
{"level":"ERROR","location":"[error:54] fyers_logger","message":{"API":"/history","Error":{"code":429,"message":"request limit reached","s":"error"}},"timestamp":"2026-08-22 14:01:45,247+0530","service":"FyersAPI"}
{"level":"ERROR","location":"[error:54] fyers_logger","message":{"API":"/history","Error":{"code":429,"message":"request limit reached","s":"error"}},"timestamp":"2026-08-22 14:01:45,493+0530","service":"FyersAPI"}
{"level":"ERROR","location":"[error:54] fyers_logger","message":{"API":"/history","Error":{"code":429,"message":"request limit reached","s":"error"}},"timestamp":"2026-08-22 14:01:45,740+0530","service":"FyersAPI"}
{"level":"ERROR","location":"[error:54] fyers_logger","message":{"API":"/history","Error":{"code":429,"message":"request limit reached","s":"error"}},"timestamp":"2026-08-22 14:01:45,985+0530","service":"FyersAPI"}
{"level":"ERROR","location":"[error:54] fyers_logger","message":{"API":"/history","Error":{"code":429,"message":"request limit reached","s":"error"}},"timestamp":"2026-08-22 14:01:46,228+0530","service":"FyersAPI"}
{"level":"ERROR","location":"[error:54] fyers_logger","message":{"API":"/history","Error":{"code":429,"message":"request limit reached","s":"error"}},"timestamp":"2026-08-22 14:01:46,474+0530","service":"FyersAPI"}
{"level":"ERROR","location":"[error:54] fyers_logger","message":{"API":"/history","Error":{"code":429,"message":"request limit reached","s":"error"}},"timestamp":"2026-08-22 14:01:46,718+0530","service":"FyersAPI"}
{"level":"ERROR","location":"[error:54] fyers_logger","message":{"API":"/history","Error":{"code":429,"message":"request limit reached","s":"error"}},"timestamp":"2026-08-22 14:01:46,964+0530","service":"FyersAPI"}
{"level":"ERROR","location":"[error:54] fyers_logger","message":{"API":"/history","Error":{"code":429,"message":"request limit reached","s":"error"}},"timestamp":"2026-08-22 14:01:47,208+0530","service":"FyersAPI"}
{"level":"ERROR","location":"[error:54] fyers_logger","message":{"API":"/history","Error":{"code":429,"message":"request limit reached","s":"error"}},"timestamp":"2026-08-22 14:01:47,454+0530","service":"FyersAPI"}
{"level":"ERROR","location":"[error:54] fyers_logger","message":{"API":"/history","Error":{"code":429,"message":"request limit reached","s":"error"}},"timestamp":"2026-08-22 14:01:47,696+0530","service":"FyersAPI"}
{"level":"ERROR","location":"[error:54] fyers_logger","message":{"API":"/history","Error":{"code":429,"message":"request limit reached","s":"error"}},"timestamp":"2026-08-22 14:01:47,942+0530","service":"FyersAPI"}
{"level":"ERROR","location":"[error:54] fyers_logger","message":{"API":"/history","Error":{"code":429,"message":"request limit reached","s":"error"}},"timestamp":"2026-08-22 14:01:48,188+0530","service":"FyersAPI"}
{"level":"ERROR","location":"[error:54] fyers_logger","message":{"API":"/history","Error":{"code":429,"message":"request limit reached","s":"error"}},"timestamp":"2026-08-22 14:01:48,431+0530","service":"FyersAPI"}
{"level":"ERROR","location":"[error:54] fyers_logger","message":{"API":"/history","Error":{"code":429,"message":"request limit reached","s":"error"}},"timestamp":"2026-08-22 14:01:48,677+0530","service":"FyersAPI"}
{"level":"ERROR","location":"[error:54] fyers_logger","message":{"API":"/history","Error":{"code":429,"message":"request limit reached","s":"error"}},"timestamp":"2026-08-22 14:01:48,924+0530","service":"FyersAPI"}
{"level":"ERROR","location":"[error:54] fyers_logger","message":{"API":"/history","Error":{"code":429,"message":"request limit reached","s":"error"}},"timestamp":"2026-08-22 14:01:49,185+0530","service":"FyersAPI"}
{"level":"ERROR","location":"[error:54] fyers_logger","message":{"API":"/history","Error":{"code":429,"message":"request limit reached","s":"error"}},"timestamp":"2026-08-22 14:01:49,428+0530","service":"FyersAPI"}
{"level":"ERROR","location":"[error:54] fyers_logger","message":{"API":"/history","Error":{"code":429,"message":"request limit reached","s":"error"}},"timestamp":"2026-08-22 14:01:49,673+0530","service":"FyersAPI"}
{"level":"ERROR","location":"[error:54] fyers_logger","message":{"API":"/history","Error":{"code":-300,"message":"Invalid symbol provided","s":"error"}},"timestamp":"2026-08-22 14:03:57,385+0530","service":"FyersAPI"}
{"level":"ERROR","location":"[error:54] fyers_logger","message":{"API":"/history","Error":{"code":-300,"message":"Invalid symbol provided","s":"error"}},"timestamp":"2026-08-22 14:03:58,686+0530","service":"FyersAPI"}
{"level":"ERROR","location":"[error:54] fyers_logger","message":{"API":"/history","Error":{"code":-300,"message":"Invalid symbol provided","s":"error"}},"timestamp":"2026-08-22 14:04:26,384+0530","service":"FyersAPI"}
{"level":"ERROR","location":"[error:54] fyers_logger","message":{"API":"/history","Error":{"code":-300,"message":"Invalid symbol provided","s":"error"}},"timestamp":"2026-08-22 14:05:26,582+0530","service":"FyersAPI"}
{"level":"ERROR","location":"[error:54] fyers_logger","message":{"API":"/history","Error":{"code":-300,"message":"Invalid symbol provided","s":"error"}},"timestamp":"2026-08-22 14:05:27,878+0530","service":"FyersAPI"}
{"level":"ERROR","location":"[error:54] fyers_logger","message":{"API":"/history","Error":{"code":-300,"message":"Invalid symbol provided","s":"error"}},"timestamp":"2026-08-22 14:05:55,049+0530","service":"FyersAPI"}
{"level":"ERROR","location":"[error:54] fyers_logger","message":{"API":"/history","Error":{"code":-300,"message":"Invalid symbol provided","s":"error"}},"timestamp":"2026-08-22 14:06:51,425+0530","service":"FyersAPI"}
{"level":"ERROR","location":"[error:54] fyers_logger","message":{"API":"/history","Error":{"code":-300,"message":"Invalid symbol provided","s":"error"}},"timestamp":"2026-08-22 14:06:52,442+0530","service":"FyersAPI"}
{"level":"ERROR","location":"[error:54] fyers_logger","message":{"API":"/history","Error":{"code":-300,"message":"Invalid symbol provided","s":"error"}},"timestamp":"2026-08-22 14:07:09,683+0530","service":"FyersAPI"}
{"level":"ERROR","location":"[error:54] fyers_logger","message":{"API":"/history","Error":{"code":429,"message":"request limit reached","s":"error"}},"timestamp":"2026-08-22 14:07:42,991+0530","service":"FyersAPI"}
{"level":"ERROR","location":"[error:54] fyers_logger","message":{"API":"/history","Error":{"code":429,"message":"request limit reached","s":"error"}},"timestamp":"2026-08-22 14:07:43,232+0530","service":"FyersAPI"}
{"level":"ERROR","location":"[error:54] fyers_logger","message":{"API":"/history","Error":{"code":429,"message":"request limit reached","s":"error"}},"timestamp":"2026-08-22 14:07:43,475+0530","service":"FyersAPI"}
{"level":"ERROR","location":"[error:54] fyers_logger","message":{"API":"/history","Error":{"code":429,"message":"request limit reached","s":"error"}},"timestamp":"2026-08-22 14:07:43,716+0530","service":"FyersAPI"}
{"level":"ERROR","location":"[error:54] fyers_logger","message":{"API":"/history","Error":{"code":429,"message":"request limit reached","s":"error"}},"timestamp":"2026-08-22 14:07:43,960+0530","service":"FyersAPI"}
{"level":"ERROR","location":"[error:54] fyers_logger","message":{"API":"/history","Error":{"code":429,"message":"request limit reached","s":"error"}},"timestamp":"2026-08-22 14:07:44,210+0530","service":"FyersAPI"}
{"level":"ERROR","location":"[error:54] fyers_logger","message":{"API":"/history","Error":{"code":429,"message":"request limit reached","s":"error"}},"timestamp":"2026-08-22 14:07:44,458+0530","service":"FyersAPI"}
{"level":"ERROR","location":"[error:54] fyers_logger","message":{"API":"/history","Error":{"code":429,"message":"request limit reached","s":"error"}},"timestamp":"2026-08-22 14:07:44,699+0530","service":"FyersAPI"}
{"level":"ERROR","location":"[error:54] fyers_logger","message":{"API":"/history","Error":{"code":429,"message":"request limit reached","s":"error"}},"timestamp":"2026-08-22 14:07:44,946+0530","service":"FyersAPI"}
{"level":"ERROR","location":"[error:54] fyers_logger","message":{"API":"/history","Error":{"code":429,"message":"request limit reached","s":"error"}},"timestamp":"2026-08-22 14:07:45,186+0530","service":"FyersAPI"}
{"level":"ERROR","location":"[error:54] fyers_logger","message":{"API":"/history","Error":{"code":429,"message":"request limit reached","s":"error"}},"timestamp":"2026-08-22 14:07:45,430+0530","service":"FyersAPI"}
{"level":"ERROR","location":"[error:54] fyers_logger","message":{"API":"/history","Error":{"code":429,"message":"request limit reached","s":"error"}},"timestamp":"2026-08-22 14:07:45,676+0530","service":"FyersAPI"}
{"level":"ERROR","location":"[error:54] fyers_logger","message":{"API":"/history","Error":{"code":429,"message":"request limit reached","s":"error"}},"timestamp":"2026-08-22 14:07:45,921+0530","service":"FyersAPI"}
{"level":"ERROR","location":"[error:54] fyers_logger","message":{"API":"/history","Error":{"code":429,"message":"request limit reached","s":"error"}},"timestamp":"2026-08-22 14:07:46,162+0530","service":"FyersAPI"}
{"level":"ERROR","location":"[error:54] fyers_logger","message":{"API":"/history","Error":{"code":429,"message":"request limit reached","s":"error"}},"timestamp":"2026-08-22 14:07:46,407+0530","service":"FyersAPI"}
{"level":"ERROR","location":"[error:54] fyers_logger","message":{"API":"/history","Error":{"code":429,"message":"request limit reached","s":"error"}},"timestamp":"2026-08-22 14:07:46,645+0530","service":"FyersAPI"}
{"level":"ERROR","location":"[error:54] fyers_logger","message":{"API":"/history","Error":{"code":429,"message":"request limit reached","s":"error"}},"timestamp":"2026-08-22 14:07:46,892+0530","service":"FyersAPI"}
{"level":"ERROR","location":"[error:54] fyers_logger","message":{"API":"/history","Error":{"code":429,"message":"request limit reached","s":"error"}},"timestamp":"2026-08-22 14:07:47,172+0530","service":"FyersAPI"}
{"level":"ERROR","location":"[error:54] fyers_logger","message":{"API":"/history","Error":{"code":429,"message":"request limit reached","s":"error"}},"timestamp":"2026-08-22 14:07:47,415+0530","service":"FyersAPI"}
{"level":"ERROR","location":"[error:54] fyers_logger","message":{"API":"/history","Error":{"code":429,"message":"request limit reached","s":"error"}},"timestamp":"2026-08-22 14:07:47,659+0530","service":"FyersAPI"}
{"level":"ERROR","location":"[error:54] fyers_logger","message":{"API":"/history","Error":{"code":429,"message":"request limit reached","s":"error"}},"timestamp":"2026-08-22 14:07:47,905+0530","service":"FyersAPI"}
{"level":"ERROR","location":"[error:54] fyers_logger","message":{"API":"/history","Error":{"code":-300,"message":"Invalid symbol provided","s":"error"}},"timestamp":"2026-08-22 14:12:57,694+0530","service":"FyersAPI"}
{"level":"ERROR","location":"[error:54] fyers_logger","message":{"API":"/history","Error":{"code":-300,"message":"Invalid symbol provided","s":"error"}},"timestamp":"2026-08-22 14:12:58,949+0530","service":"FyersAPI"}
{"level":"ERROR","location":"[error:54] fyers_logger","message":{"API":"/history","Error":{"code":-300,"message":"Invalid symbol provided","s":"error"}},"timestamp":"2026-08-22 14:13:26,718+0530","service":"FyersAPI"}
{"level":"ERROR","location":"[error:54] fyers_logger","message":{"API":"/history","Error":{"code":-300,"message":"Invalid symbol provided","s":"error"}},"timestamp":"2026-08-22 14:13:58,815+0530","service":"FyersAPI"}
{"level":"ERROR","location":"[error:54] fyers_logger","message":{"API":"/history","Error":{"code":-300,"message":"Invalid symbol provided","s":"error"}},"timestamp":"2026-08-22 14:14:00,031+0530","service":"FyersAPI"}
{"level":"ERROR","location":"[error:54] fyers_logger","message":{"API":"/history","Error":{"code":-300,"message":"Invalid symbol provided","s":"error"}},"timestamp":"2026-08-22 14:14:27,401+0530","service":"FyersAPI"}
{"level":"ERROR","location":"[error:54] fyers_logger","message":{"API":"/history","Error":{"code":-300,"message":"Invalid symbol provided","s":"error"}},"timestamp":"2026-08-22 14:14:39,870+0530","service":"FyersAPI"}
{"level":"ERROR","location":"[error:54] fyers_logger","message":{"API":"/history","Error":{"code":-300,"message":"Invalid symbol provided","s":"error"}},"timestamp":"2026-08-22 14:14:41,133+0530","service":"FyersAPI"}
{"level":"ERROR","location":"[error:54] fyers_logger","message":{"API":"/history","Error":{"code":-300,"message":"Invalid symbol provided","s":"error"}},"timestamp":"2026-08-22 14:15:08,645+0530","service":"FyersAPI"}
{"level":"ERROR","location":"[error:54] fyers_logger","message":{"API":"/history","Error":{"code":-300,"message":"Invalid symbol provided","s":"error"}},"timestamp":"2026-08-22 14:16:26,288+0530","service":"FyersAPI"}
{"level":"ERROR","location":"[error:54] fyers_logger","message":{"API":"/history","Error":{"code":-300,"message":"Invalid symbol provided","s":"error"}},"timestamp":"2026-08-22 14:16:27,546+0530","service":"FyersAPI"}
{"level":"ERROR","location":"[error:54] fyers_logger","message":{"API":"/history","Error":{"code":-300,"message":"Invalid symbol provided","s":"error"}},"timestamp":"2026-08-22 14:17:23,404+0530","service":"FyersAPI"}
{"level":"ERROR","location":"[error:54] fyers_logger","message":{"API":"/history","Error":{"code":-300,"message":"Invalid symbol provided","s":"error"}},"timestamp":"2026-08-22 14:17:35,972+0530","service":"FyersAPI"}
{"level":"ERROR","location":"[error:54] fyers_logger","message":{"API":"/history","Error":{"code":-300,"message":"Invalid symbol provided","s":"error"}},"timestamp":"2026-08-22 14:17:37,220+0530","service":"FyersAPI"}
{"level":"ERROR","location":"[error:54] fyers_logger","message":{"API":"/history","Error":{"code":-300,"message":"Invalid symbol provided","s":"error"}},"timestamp":"2026-08-22 14:18:04,504+0530","service":"FyersAPI"}
{"level":"ERROR","location":"[error:54] fyers_logger","message":{"API":"/history","Error":{"code":-300,"message":"Invalid symbol provided","s":"error"}},"timestamp":"2026-08-22 14:20:57,371+0530","service":"FyersAPI"}
{"level":"ERROR","location":"[error:54] fyers_logger","message":{"API":"/history","Error":{"code":-300,"message":"Invalid symbol provided","s":"error"}},"timestamp":"2026-08-22 14:20:58,559+0530","service":"FyersAPI"}
{"level":"ERROR","location":"[error:54] fyers_logger","message":{"API":"/history","Error":{"code":-300,"message":"Invalid symbol provided","s":"error"}},"timestamp":"2026-08-22 14:21:24,589+0530","service":"FyersAPI"}
{"level":"ERROR","location":"[error:54] fyers_logger","message":{"API":"/history","Error":{"code":-300,"message":"Invalid symbol provided","s":"error"}},"timestamp":"2026-08-22 14:22:10,168+0530","service":"FyersAPI"}
{"level":"ERROR","location":"[error:54] fyers_logger","message":{"API":"/history","Error":{"code":-300,"message":"Invalid symbol provided","s":"error"}},"timestamp":"2026-08-22 14:22:11,181+0530","service":"FyersAPI"}
{"level":"ERROR","location":"[error:54] fyers_logger","message":{"API":"/history","Error":{"code":-300,"message":"Invalid symbol provided","s":"error"}},"timestamp":"2026-08-22 14:22:28,033+0530","service":"FyersAPI"}
{"level":"ERROR","location":"[error:54] fyers_logger","message":{"API":"/history","Error":{"code":429,"message":"request limit reached","s":"error"}},"timestamp":"2026-08-22 14:23:00,772+0530","service":"FyersAPI"}
{"level":"ERROR","location":"[error:54] fyers_logger","message":{"API":"/history","Error":{"code":429,"message":"request limit reached","s":"error"}},"timestamp":"2026-08-22 14:23:01,012+0530","service":"FyersAPI"}
{"level":"ERROR","location":"[error:54] fyers_logger","message":{"API":"/history","Error":{"code":429,"message":"request limit reached","s":"error"}},"timestamp":"2026-08-22 14:23:01,253+0530","service":"FyersAPI"}
{"level":"ERROR","location":"[error:54] fyers_logger","message":{"API":"/history","Error":{"code":429,"message":"request limit reached","s":"error"}},"timestamp":"2026-08-22 14:23:01,491+0530","service":"FyersAPI"}
{"level":"ERROR","location":"[error:54] fyers_logger","message":{"API":"/history","Error":{"code":429,"message":"request limit reached","s":"error"}},"timestamp":"2026-08-22 14:23:01,736+0530","service":"FyersAPI"}
{"level":"ERROR","location":"[error:54] fyers_logger","message":{"API":"/history","Error":{"code":429,"message":"request limit reached","s":"error"}},"timestamp":"2026-08-22 14:23:01,977+0530","service":"FyersAPI"}
{"level":"ERROR","location":"[error:54] fyers_logger","message":{"API":"/history","Error":{"code":429,"message":"request limit reached","s":"error"}},"timestamp":"2026-08-22 14:23:02,219+0530","service":"FyersAPI"}
{"level":"ERROR","location":"[error:54] fyers_logger","message":{"API":"/history","Error":{"code":429,"message":"request limit reached","s":"error"}},"timestamp":"2026-08-22 14:23:02,459+0530","service":"FyersAPI"}
{"level":"ERROR","location":"[error:54] fyers_logger","message":{"API":"/history","Error":{"code":429,"message":"request limit reached","s":"error"}},"timestamp":"2026-08-22 14:23:02,704+0530","service":"FyersAPI"}
{"level":"ERROR","location":"[error:54] fyers_logger","message":{"API":"/history","Error":{"code":429,"message":"request limit reached","s":"error"}},"timestamp":"2026-08-22 14:23:02,947+0530","service":"FyersAPI"}
{"level":"ERROR","location":"[error:54] fyers_logger","message":{"API":"/history","Error":{"code":429,"message":"request limit reached","s":"error"}},"timestamp":"2026-08-22 14:23:03,190+0530","service":"FyersAPI"}
{"level":"ERROR","location":"[error:54] fyers_logger","message":{"API":"/history","Error":{"code":429,"message":"request limit reached","s":"error"}},"timestamp":"2026-08-22 14:23:03,431+0530","service":"FyersAPI"}
{"level":"ERROR","location":"[error:54] fyers_logger","message":{"API":"/history","Error":{"code":429,"message":"request limit reached","s":"error"}},"timestamp":"2026-08-22 14:23:03,676+0530","service":"FyersAPI"}
{"level":"ERROR","location":"[error:54] fyers_logger","message":{"API":"/history","Error":{"code":429,"message":"request limit reached","s":"error"}},"timestamp":"2026-08-22 14:23:03,923+0530","service":"FyersAPI"}
{"level":"ERROR","location":"[error:54] fyers_logger","message":{"API":"/history","Error":{"code":429,"message":"request limit reached","s":"error"}},"timestamp":"2026-08-22 14:23:04,165+0530","service":"FyersAPI"}
{"level":"ERROR","location":"[error:54] fyers_logger","message":{"API":"/history","Error":{"code":429,"message":"request limit reached","s":"error"}},"timestamp":"2026-08-22 14:23:04,406+0530","service":"FyersAPI"}
{"level":"ERROR","location":"[error:54] fyers_logger","message":{"API":"/history","Error":{"code":429,"message":"request limit reached","s":"error"}},"timestamp":"2026-08-22 14:23:04,649+0530","service":"FyersAPI"}
{"level":"ERROR","location":"[error:54] fyers_logger","message":{"API":"/history","Error":{"code":429,"message":"request limit reached","s":"error"}},"timestamp":"2026-08-22 14:23:04,893+0530","service":"FyersAPI"}
{"level":"ERROR","location":"[error:54] fyers_logger","message":{"API":"/history","Error":{"code":429,"message":"request limit reached","s":"error"}},"timestamp":"2026-08-22 14:23:05,132+0530","service":"FyersAPI"}
{"level":"ERROR","location":"[error:54] fyers_logger","message":{"API":"/history","Error":{"code":429,"message":"request limit reached","s":"error"}},"timestamp":"2026-08-22 14:23:05,372+0530","service":"FyersAPI"}
{"level":"ERROR","location":"[error:54] fyers_logger","message":{"API":"/history","Error":{"code":429,"message":"request limit reached","s":"error"}},"timestamp":"2026-08-22 14:23:05,619+0530","service":"FyersAPI"}
{"level":"ERROR","location":"[error:54] fyers_logger","message":{"API":"/history","Error":{"code":-300,"message":"Invalid symbol provided","s":"error"}},"timestamp":"2026-08-22 15:16:50,146+0530","service":"FyersAPI"}
{"level":"ERROR","location":"[error:54] fyers_logger","message":{"API":"/history","Error":{"code":-300,"message":"Invalid symbol provided","s":"error"}},"timestamp":"2026-08-22 15:16:51,166+0530","service":"FyersAPI"}
{"level":"ERROR","location":"[error:54] fyers_logger","message":{"API":"/history","Error":{"code":-300,"message":"Invalid symbol provided","s":"error"}},"timestamp":"2026-08-22 15:17:08,415+0530","service":"FyersAPI"}
{"level":"ERROR","location":"[error:54] fyers_logger","message":{"API":"/history","Error":{"code":429,"message":"request limit reached","s":"error"}},"timestamp":"2026-08-22 15:17:41,107+0530","service":"FyersAPI"}
{"level":"ERROR","location":"[error:54] fyers_logger","message":{"API":"/history","Error":{"code":429,"message":"request limit reached","s":"error"}},"timestamp":"2026-08-22 15:17:41,351+0530","service":"FyersAPI"}
{"level":"ERROR","location":"[error:54] fyers_logger","message":{"API":"/history","Error":{"code":429,"message":"request limit reached","s":"error"}},"timestamp":"2026-08-22 15:17:41,601+0530","service":"FyersAPI"}
{"level":"ERROR","location":"[error:54] fyers_logger","message":{"API":"/history","Error":{"code":429,"message":"request limit reached","s":"error"}},"timestamp":"2026-08-22 15:17:41,850+0530","service":"FyersAPI"}
{"level":"ERROR","location":"[error:54] fyers_logger","message":{"API":"/history","Error":{"code":429,"message":"request limit reached","s":"error"}},"timestamp":"2026-08-22 15:17:42,098+0530","service":"FyersAPI"}
{"level":"ERROR","location":"[error:54] fyers_logger","message":{"API":"/history","Error":{"code":429,"message":"request limit reached","s":"error"}},"timestamp":"2026-08-22 15:17:42,347+0530","service":"FyersAPI"}
{"level":"ERROR","location":"[error:54] fyers_logger","message":{"API":"/history","Error":{"code":429,"message":"request limit reached","s":"error"}},"timestamp":"2026-08-22 15:17:42,595+0530","service":"FyersAPI"}
{"level":"ERROR","location":"[error:54] fyers_logger","message":{"API":"/history","Error":{"code":429,"message":"request limit reached","s":"error"}},"timestamp":"2026-08-22 15:17:42,845+0530","service":"FyersAPI"}
{"level":"ERROR","location":"[error:54] fyers_logger","message":{"API":"/history","Error":{"code":429,"message":"request limit reached","s":"error"}},"timestamp":"2026-08-22 15:17:43,098+0530","service":"FyersAPI"}
{"level":"ERROR","location":"[error:54] fyers_logger","message":{"API":"/history","Error":{"code":429,"message":"request limit reached","s":"error"}},"timestamp":"2026-08-22 15:17:43,347+0530","service":"FyersAPI"}
{"level":"ERROR","location":"[error:54] fyers_logger","message":{"API":"/history","Error":{"code":429,"message":"request limit reached","s":"error"}},"timestamp":"2026-08-22 15:17:43,592+0530","service":"FyersAPI"}
{"level":"ERROR","location":"[error:54] fyers_logger","message":{"API":"/history","Error":{"code":429,"message":"request limit reached","s":"error"}},"timestamp":"2026-08-22 15:17:43,839+0530","service":"FyersAPI"}
{"level":"ERROR","location":"[error:54] fyers_logger","message":{"API":"/history","Error":{"code":429,"message":"request limit reached","s":"error"}},"timestamp":"2026-08-22 15:17:44,090+0530","service":"FyersAPI"}
{"level":"ERROR","location":"[error:54] fyers_logger","message":{"API":"/history","Error":{"code":429,"message":"request limit reached","s":"error"}},"timestamp":"2026-08-22 15:17:44,333+0530","service":"FyersAPI"}
{"level":"ERROR","location":"[error:54] fyers_logger","message":{"API":"/history","Error":{"code":429,"message":"request limit reached","s":"error"}},"timestamp":"2026-08-22 15:17:44,536+0530","service":"FyersAPI"}
{"level":"ERROR","location":"[error:54] fyers_logger","message":{"API":"/history","Error":{"code":429,"message":"request limit reached","s":"error"}},"timestamp":"2026-08-22 15:17:44,578+0530","service":"FyersAPI"}
{"level":"ERROR","location":"[error:54] fyers_logger","message":{"API":"/history","Error":{"code":429,"message":"request limit reached","s":"error"}},"timestamp":"2026-08-22 15:17:44,780+0530","service":"FyersAPI"}
{"level":"ERROR","location":"[error:54] fyers_logger","message":{"API":"/history","Error":{"code":429,"message":"request limit reached","s":"error"}},"timestamp":"2026-08-22 15:17:44,826+0530","service":"FyersAPI"}
{"level":"ERROR","location":"[error:54] fyers_logger","message":{"API":"/history","Error":{"code":429,"message":"request limit reached","s":"error"}},"timestamp":"2026-08-22 15:17:45,035+0530","service":"FyersAPI"}
{"level":"ERROR","location":"[error:54] fyers_logger","message":{"API":"/history","Error":{"code":429,"message":"request limit reached","s":"error"}},"timestamp":"2026-08-22 15:17:45,082+0530","service":"FyersAPI"}
{"level":"ERROR","location":"[error:54] fyers_logger","message":{"API":"/history","Error":{"code":429,"message":"request limit reached","s":"error"}},"timestamp":"2026-08-22 15:17:45,288+0530","service":"FyersAPI"}
{"level":"ERROR","location":"[error:54] fyers_logger","message":{"API":"/history","Error":{"code":429,"message":"request limit reached","s":"error"}},"timestamp":"2026-08-22 15:17:45,335+0530","service":"FyersAPI"}
{"level":"ERROR","location":"[error:54] fyers_logger","message":{"API":"/history","Error":{"code":429,"message":"request limit reached","s":"error"}},"timestamp":"2026-08-22 15:17:45,533+0530","service":"FyersAPI"}
{"level":"ERROR","location":"[error:54] fyers_logger","message":{"API":"/history","Error":{"code":429,"message":"request limit reached","s":"error"}},"timestamp":"2026-08-22 15:17:45,584+0530","service":"FyersAPI"}
{"level":"ERROR","location":"[error:54] fyers_logger","message":{"API":"/history","Error":{"code":429,"message":"request limit reached","s":"error"}},"timestamp":"2026-08-22 15:17:45,782+0530","service":"FyersAPI"}
{"level":"ERROR","location":"[error:54] fyers_logger","message":{"API":"/history","Error":{"code":429,"message":"request limit reached","s":"error"}},"timestamp":"2026-08-22 15:17:45,827+0530","service":"FyersAPI"}
{"level":"ERROR","location":"[error:54] fyers_logger","message":{"API":"/history","Error":{"code":429,"message":"request limit reached","s":"error"}},"timestamp":"2026-08-22 15:17:46,036+0530","service":"FyersAPI"}
{"level":"ERROR","location":"[error:54] fyers_logger","message":{"API":"/history","Error":{"code":429,"message":"request limit reached","s":"error"}},"timestamp":"2026-08-22 15:17:46,075+0530","service":"FyersAPI"}
{"level":"ERROR","location":"[error:54] fyers_logger","message":{"API":"/history","Error":{"code":429,"message":"request limit reached","s":"error"}},"timestamp":"2026-08-22 15:17:46,287+0530","service":"FyersAPI"}
{"level":"ERROR","location":"[error:54] fyers_logger","message":{"API":"/history","Error":{"code":429,"message":"request limit reached","s":"error"}},"timestamp":"2026-08-22 15:17:46,536+0530","service":"FyersAPI"}
{"level":"ERROR","location":"[error:54] fyers_logger","message":{"API":"/history","Error":{"code":429,"message":"request limit reached","s":"error"}},"timestamp":"2026-08-22 15:17:46,777+0530","service":"FyersAPI"}
{"level":"ERROR","location":"[error:54] fyers_logger","message":{"API":"/history","Error":{"code":429,"message":"request limit reached","s":"error"}},"timestamp":"2026-08-22 15:17:47,025+0530","service":"FyersAPI"}
{"level":"ERROR","location":"[error:54] fyers_logger","message":{"API":"/history","Error":{"code":429,"message":"request limit reached","s":"error"}},"timestamp":"2026-08-22 15:17:47,277+0530","service":"FyersAPI"}
{"level":"ERROR","location":"[error:54] fyers_logger","message":{"API":"/history","Error":{"code":429,"message":"request limit reached","s":"error"}},"timestamp":"2026-08-22 15:17:47,527+0530","service":"FyersAPI"}
{"level":"ERROR","location":"[error:54] fyers_logger","message":{"API":"/history","Error":{"code":429,"message":"request limit reached","s":"error"}},"timestamp":"2026-08-22 15:17:47,779+0530","service":"FyersAPI"}
{"level":"ERROR","location":"[error:54] fyers_logger","message":{"API":"/history","Error":{"code":429,"message":"request limit reached","s":"error"}},"timestamp":"2026-08-22 15:17:48,029+0530","service":"FyersAPI"}
{"level":"ERROR","location":"[error:54] fyers_logger","message":{"API":"/history","Error":{"code":429,"message":"request limit reached","s":"error"}},"timestamp":"2026-08-22 15:17:48,266+0530","service":"FyersAPI"}
{"level":"ERROR","location":"[error:54] fyers_logger","message":{"API":"/history","Error":{"code":429,"message":"request limit reached","s":"error"}},"timestamp":"2026-08-22 15:17:48,514+0530","service":"FyersAPI"}
{"level":"ERROR","location":"[error:54] fyers_logger","message":{"API":"/history","Error":{"code":429,"message":"request limit reached","s":"error"}},"timestamp":"2026-08-22 15:17:48,756+0530","service":"FyersAPI"}
{"level":"ERROR","location":"[error:54] fyers_logger","message":{"API":"/history","Error":{"code":429,"message":"request limit reached","s":"error"}},"timestamp":"2026-08-22 15:17:48,998+0530","service":"FyersAPI"}
{"level":"ERROR","location":"[error:54] fyers_logger","message":{"API":"/history","Error":{"code":429,"message":"request limit reached","s":"error"}},"timestamp":"2026-08-22 15:17:49,244+0530","service":"FyersAPI"}
{"level":"ERROR","location":"[error:54] fyers_logger","message":{"API":"/history","Error":{"code":429,"message":"request limit reached","s":"error"}},"timestamp":"2026-08-22 15:17:49,487+0530","service":"FyersAPI"}
{"level":"ERROR","location":"[error:54] fyers_logger","message":{"API":"/history","Error":{"code":429,"message":"request limit reached","s":"error"}},"timestamp":"2026-08-22 15:17:49,729+0530","service":"FyersAPI"}
{"level":"ERROR","location":"[error:54] fyers_logger","message":{"API":"/history","Error":{"code":-300,"message":"Invalid symbol provided","s":"error"}},"timestamp":"2026-08-22 15:18:02,558+0530","service":"FyersAPI"}
{"level":"ERROR","location":"[error:54] fyers_logger","message":{"API":"/history","Error":{"code":-300,"message":"Invalid symbol provided","s":"error"}},"timestamp":"2026-08-22 15:18:39,447+0530","service":"FyersAPI"}
{"level":"ERROR","location":"[error:54] fyers_logger","message":{"API":"/history","Error":{"code":-300,"message":"Invalid symbol provided","s":"error"}},"timestamp":"2026-08-22 15:35:07,449+0530","service":"FyersAPI"}
{"level":"ERROR","location":"[error:54] fyers_logger","message":{"API":"/history","Error":{"code":-50,"data":{"range_to":"Date range cannot exceed 366 days for 1D, 1W, and 1M resolutions."},"message":"Invalid input","s":"error"}},"timestamp":"2026-08-22 15:35:19,392+0530","service":"FyersAPI"}
{"level":"ERROR","location":"[error:54] fyers_logger","message":{"API":"/history","Error":{"code":-50,"data":{"range_to":"Date range cannot exceed 366 days for 1D, 1W, and 1M resolutions."},"message":"Invalid input","s":"error"}},"timestamp":"2026-08-22 15:35:19,435+0530","service":"FyersAPI"}
{"level":"ERROR","location":"[error:54] fyers_logger","message":{"API":"/history","Error":{"code":-50,"data":{"range_to":"Date range cannot exceed 366 days for 1D, 1W, and 1M resolutions."},"message":"Invalid input","s":"error"}},"timestamp":"2026-08-22 15:35:19,484+0530","service":"FyersAPI"}
{"level":"ERROR","location":"[error:54] fyers_logger","message":{"API":"/history","Error":{"code":-50,"data":{"range_to":"Date range cannot exceed 366 days for 1D, 1W, and 1M resolutions."},"message":"Invalid input","s":"error"}},"timestamp":"2026-08-22 15:35:19,527+0530","service":"FyersAPI"}
{"level":"ERROR","location":"[error:54] fyers_logger","message":{"API":"/history","Error":{"code":-50,"data":{"range_to":"Date range cannot exceed 366 days for 1D, 1W, and 1M resolutions."},"message":"Invalid input","s":"error"}},"timestamp":"2026-08-22 15:35:19,571+0530","service":"FyersAPI"}
{"level":"ERROR","location":"[error:54] fyers_logger","message":{"API":"/history","Error":{"code":-50,"data":{"range_to":"Date range cannot exceed 366 days for 1D, 1W, and 1M resolutions."},"message":"Invalid input","s":"error"}},"timestamp":"2026-08-22 15:35:19,620+0530","service":"FyersAPI"}
{"level":"ERROR","location":"[error:54] fyers_logger","message":{"API":"/history","Error":{"code":-50,"data":{"range_to":"Date range cannot exceed 366 days for 1D, 1W, and 1M resolutions."},"message":"Invalid input","s":"error"}},"timestamp":"2026-08-22 15:35:30,869+0530","service":"FyersAPI"}
{"level":"ERROR","location":"[error:54] fyers_logger","message":{"API":"/history","Error":{"code":-50,"data":{"range_to":"Date range cannot exceed 366 days for 1D, 1W, and 1M resolutions."},"message":"Invalid input","s":"error"}},"timestamp":"2026-08-22 15:35:30,910+0530","service":"FyersAPI"}
{"level":"ERROR","location":"[error:54] fyers_logger","message":{"API":"/history","Error":{"code":-50,"data":{"range_to":"Date range cannot exceed 366 days for 1D, 1W, and 1M resolutions."},"message":"Invalid input","s":"error"}},"timestamp":"2026-08-22 15:35:30,949+0530","service":"FyersAPI"}
{"level":"ERROR","location":"[error:54] fyers_logger","message":{"API":"/history","Error":{"code":-50,"data":{"range_to":"Date range cannot exceed 366 days for 1D, 1W, and 1M resolutions."},"message":"Invalid input","s":"error"}},"timestamp":"2026-08-22 15:35:30,996+0530","service":"FyersAPI"}
{"level":"ERROR","location":"[error:54] fyers_logger","message":{"API":"/history","Error":{"code":-50,"data":{"range_to":"Date range cannot exceed 366 days for 1D, 1W, and 1M resolutions."},"message":"Invalid input","s":"error"}},"timestamp":"2026-08-22 15:35:31,039+0530","service":"FyersAPI"}
{"level":"ERROR","location":"[error:54] fyers_logger","message":{"API":"/history","Error":{"code":-50,"data":{"range_to":"Date range cannot exceed 366 days for 1D, 1W, and 1M resolutions."},"message":"Invalid input","s":"error"}},"timestamp":"2026-08-22 15:35:31,082+0530","service":"FyersAPI"}
{"level":"ERROR","location":"[error:54] fyers_logger","message":{"API":"/history","Error":{"code":-50,"data":{"range_to":"Date range cannot exceed 366 days for 1D, 1W, and 1M resolutions."},"message":"Invalid input","s":"error"}},"timestamp":"2026-08-22 15:35:50,979+0530","service":"FyersAPI"}
{"level":"ERROR","location":"[error:54] fyers_logger","message":{"API":"/history","Error":{"code":-50,"data":{"range_to":"Date range cannot exceed 366 days for 1D, 1W, and 1M resolutions."},"message":"Invalid input","s":"error"}},"timestamp":"2026-08-22 15:36:13,582+0530","service":"FyersAPI"}
{"level":"ERROR","location":"[error:54] fyers_logger","message":{"API":"/history","Error":{"code":-50,"data":{"range_to":"Date range cannot exceed 366 days for 1D, 1W, and 1M resolutions."},"message":"Invalid input","s":"error"}},"timestamp":"2026-08-22 15:36:44,769+0530","service":"FyersAPI"}
{"level":"ERROR","location":"[error:54] fyers_logger","message":{"API":"/history","Error":{"code":-50,"data":{"range_to":"Date range cannot exceed 366 days for 1D, 1W, and 1M resolutions."},"message":"Invalid input","s":"error"}},"timestamp":"2026-08-22 15:36:44,808+0530","service":"FyersAPI"}
{"level":"ERROR","location":"[error:54] fyers_logger","message":{"API":"/history","Error":{"code":-300,"message":"Invalid symbol provided","s":"error"}},"timestamp":"2026-08-22 15:37:12,346+0530","service":"FyersAPI"}
{"level":"ERROR","location":"[error:54] fyers_logger","message":{"API":"/history","Error":{"code":-300,"message":"Invalid symbol provided","s":"error"}},"timestamp":"2026-08-22 15:37:12,393+0530","service":"FyersAPI"}
{"level":"ERROR","location":"[error:54] fyers_logger","message":{"API":"/history","Error":{"code":-300,"message":"Invalid symbol provided","s":"error"}},"timestamp":"2026-08-22 15:37:37,147+0530","service":"FyersAPI"}
{"level":"ERROR","location":"[error:54] fyers_logger","message":{"API":"/history","Error":{"code":-300,"message":"Invalid symbol provided","s":"error"}},"timestamp":"2026-08-22 15:37:37,189+0530","service":"FyersAPI"}
{"level":"ERROR","location":"[error:54] fyers_logger","message":{"API":"/history","Error":{"code":-300,"message":"Invalid symbol provided","s":"error"}},"timestamp":"2026-08-22 21:47:04,127+0530","service":"FyersAPI"}
{"level":"ERROR","location":"[error:54] fyers_logger","message":{"API":"/history","Error":{"code":-300,"message":"Invalid symbol provided","s":"error"}},"timestamp":"2026-08-22 21:47:05,109+0530","service":"FyersAPI"}
{"level":"ERROR","location":"[error:54] fyers_logger","message":{"API":"/history","Error":{"code":-300,"message":"Invalid symbol provided","s":"error"}},"timestamp":"2026-08-22 21:47:22,592+0530","service":"FyersAPI"}
{"level":"ERROR","location":"[error:54] fyers_logger","message":{"API":"/history","Error":{"code":429,"message":"request limit reached","s":"error"}},"timestamp":"2026-08-22 21:47:56,686+0530","service":"FyersAPI"}
{"level":"ERROR","location":"[error:54] fyers_logger","message":{"API":"/history","Error":{"code":429,"message":"request limit reached","s":"error"}},"timestamp":"2026-08-22 21:47:56,944+0530","service":"FyersAPI"}
{"level":"ERROR","location":"[error:54] fyers_logger","message":{"API":"/history","Error":{"code":429,"message":"request limit reached","s":"error"}},"timestamp":"2026-08-22 21:47:57,191+0530","service":"FyersAPI"}
{"level":"ERROR","location":"[error:54] fyers_logger","message":{"API":"/history","Error":{"code":429,"message":"request limit reached","s":"error"}},"timestamp":"2026-08-22 21:47:57,437+0530","service":"FyersAPI"}
{"level":"ERROR","location":"[error:54] fyers_logger","message":{"API":"/history","Error":{"code":429,"message":"request limit reached","s":"error"}},"timestamp":"2026-08-22 21:47:57,686+0530","service":"FyersAPI"}
{"level":"ERROR","location":"[error:54] fyers_logger","message":{"API":"/history","Error":{"code":429,"message":"request limit reached","s":"error"}},"timestamp":"2026-08-22 21:47:57,934+0530","service":"FyersAPI"}
{"level":"ERROR","location":"[error:54] fyers_logger","message":{"API":"/history","Error":{"code":429,"message":"request limit reached","s":"error"}},"timestamp":"2026-08-22 21:47:58,178+0530","service":"FyersAPI"}
{"level":"ERROR","location":"[error:54] fyers_logger","message":{"API":"/history","Error":{"code":429,"message":"request limit reached","s":"error"}},"timestamp":"2026-08-22 21:47:58,426+0530","service":"FyersAPI"}
{"level":"ERROR","location":"[error:54] fyers_logger","message":{"API":"/history","Error":{"code":429,"message":"request limit reached","s":"error"}},"timestamp":"2026-08-22 21:47:58,686+0530","service":"FyersAPI"}
{"level":"ERROR","location":"[error:54] fyers_logger","message":{"API":"/history","Error":{"code":429,"message":"request limit reached","s":"error"}},"timestamp":"2026-08-22 21:47:58,930+0530","service":"FyersAPI"}
{"level":"ERROR","location":"[error:54] fyers_logger","message":{"API":"/history","Error":{"code":429,"message":"request limit reached","s":"error"}},"timestamp":"2026-08-22 21:47:59,182+0530","service":"FyersAPI"}
{"level":"ERROR","location":"[error:54] fyers_logger","message":{"API":"/history","Error":{"code":429,"message":"request limit reached","s":"error"}},"timestamp":"2026-08-22 21:47:59,428+0530","service":"FyersAPI"}
{"level":"ERROR","location":"[error:54] fyers_logger","message":{"API":"/history","Error":{"code":429,"message":"request limit reached","s":"error"}},"timestamp":"2026-08-22 21:47:59,678+0530","service":"FyersAPI"}
{"level":"ERROR","location":"[error:54] fyers_logger","message":{"API":"/history","Error":{"code":429,"message":"request limit reached","s":"error"}},"timestamp":"2026-08-22 21:47:59,934+0530","service":"FyersAPI"}
{"level":"ERROR","location":"[error:54] fyers_logger","message":{"API":"/history","Error":{"code":429,"message":"request limit reached","s":"error"}},"timestamp":"2026-08-22 21:48:00,178+0530","service":"FyersAPI"}
{"level":"ERROR","location":"[error:54] fyers_logger","message":{"API":"/history","Error":{"code":429,"message":"request limit reached","s":"error"}},"timestamp":"2026-08-22 21:48:00,433+0530","service":"FyersAPI"}
{"level":"ERROR","location":"[error:54] fyers_logger","message":{"API":"/history","Error":{"code":429,"message":"request limit reached","s":"error"}},"timestamp":"2026-08-22 21:48:00,685+0530","service":"FyersAPI"}
{"level":"ERROR","location":"[error:54] fyers_logger","message":{"API":"/history","Error":{"code":429,"message":"request limit reached","s":"error"}},"timestamp":"2026-08-22 21:48:00,937+0530","service":"FyersAPI"}
{"level":"ERROR","location":"[error:54] fyers_logger","message":{"API":"/history","Error":{"code":429,"message":"request limit reached","s":"error"}},"timestamp":"2026-08-22 21:48:01,186+0530","service":"FyersAPI"}
{"level":"ERROR","location":"[error:54] fyers_logger","message":{"API":"/history","Error":{"code":429,"message":"request limit reached","s":"error"}},"timestamp":"2026-08-22 21:48:01,433+0530","service":"FyersAPI"}
{"level":"ERROR","location":"[error:54] fyers_logger","message":{"API":"/history","Error":{"code":429,"message":"request limit reached","s":"error"}},"timestamp":"2026-08-22 21:48:01,682+0530","service":"FyersAPI"}
{"level":"ERROR","location":"[error:54] fyers_logger","message":{"API":"/history","Error":{"code":-300,"message":"Invalid symbol provided","s":"error"}},"timestamp":"2026-08-22 21:48:26,189+0530","service":"FyersAPI"}
{"level":"ERROR","location":"[error:54] fyers_logger","message":{"API":"/history","Error":{"code":429,"message":"request limit reached","s":"error"}},"timestamp":"2026-08-22 21:48:26,243+0530","service":"FyersAPI"}
{"level":"ERROR","location":"[error:54] fyers_logger","message":{"API":"/history","Error":{"code":-300,"message":"Invalid symbol provided","s":"error"}},"timestamp":"2026-08-22 21:58:58,976+0530","service":"FyersAPI"}
{"level":"ERROR","location":"[error:54] fyers_logger","message":{"API":"/history","Error":{"code":-300,"message":"Invalid symbol provided","s":"error"}},"timestamp":"2026-08-22 21:58:59,198+0530","service":"FyersAPI"}
{"level":"ERROR","location":"[error:54] fyers_logger","message":{"API":"/history","Error":{"code":429,"message":"request limit reached","s":"error"}},"timestamp":"2026-08-22 21:58:59,534+0530","service":"FyersAPI"}
{"level":"ERROR","location":"[error:54] fyers_logger","message":{"API":"/history","Error":{"code":429,"message":"request limit reached","s":"error"}},"timestamp":"2026-08-22 21:58:59,577+0530","service":"FyersAPI"}
{"level":"ERROR","location":"[error:54] fyers_logger","message":{"API":"/history","Error":{"code":429,"message":"request limit reached","s":"error"}},"timestamp":"2026-08-22 21:58:59,621+0530","service":"FyersAPI"}
{"level":"ERROR","location":"[error:54] fyers_logger","message":{"API":"/history","Error":{"code":429,"message":"request limit reached","s":"error"}},"timestamp":"2026-08-22 21:58:59,669+0530","service":"FyersAPI"}
{"level":"ERROR","location":"[error:54] fyers_logger","message":{"API":"/history","Error":{"code":429,"message":"request limit reached","s":"error"}},"timestamp":"2026-08-22 21:58:59,714+0530","service":"FyersAPI"}
{"level":"ERROR","location":"[error:54] fyers_logger","message":{"API":"/history","Error":{"code":429,"message":"request limit reached","s":"error"}},"timestamp":"2026-08-22 21:58:59,756+0530","service":"FyersAPI"}
{"level":"ERROR","location":"[error:54] fyers_logger","message":{"API":"/history","Error":{"code":429,"message":"request limit reached","s":"error"}},"timestamp":"2026-08-22 21:58:59,797+0530","service":"FyersAPI"}
{"level":"ERROR","location":"[error:54] fyers_logger","message":{"API":"/history","Error":{"code":429,"message":"request limit reached","s":"error"}},"timestamp":"2026-08-22 21:58:59,839+0530","service":"FyersAPI"}
{"level":"ERROR","location":"[error:54] fyers_logger","message":{"API":"/history","Error":{"code":429,"message":"request limit reached","s":"error"}},"timestamp":"2026-08-22 21:58:59,883+0530","service":"FyersAPI"}
{"level":"ERROR","location":"[error:54] fyers_logger","message":{"API":"/history","Error":{"code":429,"message":"request limit reached","s":"error"}},"timestamp":"2026-08-22 21:59:00,539+0530","service":"FyersAPI"}
{"level":"ERROR","location":"[error:54] fyers_logger","message":{"API":"/history","Error":{"code":429,"message":"request limit reached","s":"error"}},"timestamp":"2026-08-22 21:59:00,581+0530","service":"FyersAPI"}
{"level":"ERROR","location":"[error:54] fyers_logger","message":{"API":"/history","Error":{"code":429,"message":"request limit reached","s":"error"}},"timestamp":"2026-08-22 21:59:00,621+0530","service":"FyersAPI"}
{"level":"ERROR","location":"[error:54] fyers_logger","message":{"API":"/history","Error":{"code":429,"message":"request limit reached","s":"error"}},"timestamp":"2026-08-22 21:59:00,664+0530","service":"FyersAPI"}
{"level":"ERROR","location":"[error:54] fyers_logger","message":{"API":"/history","Error":{"code":429,"message":"request limit reached","s":"error"}},"timestamp":"2026-08-22 21:59:00,707+0530","service":"FyersAPI"}
{"level":"ERROR","location":"[error:54] fyers_logger","message":{"API":"/history","Error":{"code":429,"message":"request limit reached","s":"error"}},"timestamp":"2026-08-22 21:59:00,749+0530","service":"FyersAPI"}
{"level":"ERROR","location":"[error:54] fyers_logger","message":{"API":"/history","Error":{"code":429,"message":"request limit reached","s":"error"}},"timestamp":"2026-08-22 21:59:00,794+0530","service":"FyersAPI"}
{"level":"ERROR","location":"[error:54] fyers_logger","message":{"API":"/history","Error":{"code":429,"message":"request limit reached","s":"error"}},"timestamp":"2026-08-22 21:59:00,840+0530","service":"FyersAPI"}
{"level":"ERROR","location":"[error:54] fyers_logger","message":{"API":"/history","Error":{"code":429,"message":"request limit reached","s":"error"}},"timestamp":"2026-08-22 21:59:00,886+0530","service":"FyersAPI"}
{"level":"ERROR","location":"[error:54] fyers_logger","message":{"API":"/history","Error":{"code":-300,"message":"Invalid symbol provided","s":"error"}},"timestamp":"2026-08-22 21:59:14,140+0530","service":"FyersAPI"}
{"level":"ERROR","location":"[error:54] fyers_logger","message":{"API":"/history","Error":{"code":-300,"message":"Invalid symbol provided","s":"error"}},"timestamp":"2026-08-22 21:59:14,340+0530","service":"FyersAPI"}
{"level":"ERROR","location":"[error:54] fyers_logger","message":{"API":"/history","Error":{"code":429,"message":"request limit reached","s":"error"}},"timestamp":"2026-08-22 21:59:14,653+0530","service":"FyersAPI"}
{"level":"ERROR","location":"[error:54] fyers_logger","message":{"API":"/history","Error":{"code":429,"message":"request limit reached","s":"error"}},"timestamp":"2026-08-22 21:59:14,702+0530","service":"FyersAPI"}
{"level":"ERROR","location":"[error:54] fyers_logger","message":{"API":"/history","Error":{"code":429,"message":"request limit reached","s":"error"}},"timestamp":"2026-08-22 21:59:14,750+0530","service":"FyersAPI"}
{"level":"ERROR","location":"[error:54] fyers_logger","message":{"API":"/history","Error":{"code":429,"message":"request limit reached","s":"error"}},"timestamp":"2026-08-22 21:59:14,793+0530","service":"FyersAPI"}
{"level":"ERROR","location":"[error:54] fyers_logger","message":{"API":"/history","Error":{"code":429,"message":"request limit reached","s":"error"}},"timestamp":"2026-08-22 21:59:14,836+0530","service":"FyersAPI"}
{"level":"ERROR","location":"[error:54] fyers_logger","message":{"API":"/history","Error":{"code":429,"message":"request limit reached","s":"error"}},"timestamp":"2026-08-22 21:59:14,878+0530","service":"FyersAPI"}
{"level":"ERROR","location":"[error:54] fyers_logger","message":{"API":"/history","Error":{"code":429,"message":"request limit reached","s":"error"}},"timestamp":"2026-08-22 21:59:14,917+0530","service":"FyersAPI"}
{"level":"ERROR","location":"[error:54] fyers_logger","message":{"API":"/history","Error":{"code":429,"message":"request limit reached","s":"error"}},"timestamp":"2026-08-22 21:59:14,958+0530","service":"FyersAPI"}
{"level":"ERROR","location":"[error:54] fyers_logger","message":{"API":"/history","Error":{"code":429,"message":"request limit reached","s":"error"}},"timestamp":"2026-08-22 21:59:15,000+0530","service":"FyersAPI"}
{"level":"ERROR","location":"[error:54] fyers_logger","message":{"API":"/history","Error":{"code":429,"message":"request limit reached","s":"error"}},"timestamp":"2026-08-22 21:59:15,043+0530","service":"FyersAPI"}
{"level":"ERROR","location":"[error:54] fyers_logger","message":{"API":"/history","Error":{"code":429,"message":"request limit reached","s":"error"}},"timestamp":"2026-08-22 21:59:15,083+0530","service":"FyersAPI"}
{"level":"ERROR","location":"[error:54] fyers_logger","message":{"API":"/history","Error":{"code":429,"message":"request limit reached","s":"error"}},"timestamp":"2026-08-22 21:59:15,706+0530","service":"FyersAPI"}
{"level":"ERROR","location":"[error:54] fyers_logger","message":{"API":"/history","Error":{"code":429,"message":"request limit reached","s":"error"}},"timestamp":"2026-08-22 21:59:15,751+0530","service":"FyersAPI"}
{"level":"ERROR","location":"[error:54] fyers_logger","message":{"API":"/history","Error":{"code":429,"message":"request limit reached","s":"error"}},"timestamp":"2026-08-22 21:59:15,797+0530","service":"FyersAPI"}
{"level":"ERROR","location":"[error:54] fyers_logger","message":{"API":"/history","Error":{"code":429,"message":"request limit reached","s":"error"}},"timestamp":"2026-08-22 21:59:15,836+0530","service":"FyersAPI"}
{"level":"ERROR","location":"[error:54] fyers_logger","message":{"API":"/history","Error":{"code":429,"message":"request limit reached","s":"error"}},"timestamp":"2026-08-22 21:59:15,879+0530","service":"FyersAPI"}
{"level":"ERROR","location":"[error:54] fyers_logger","message":{"API":"/history","Error":{"code":429,"message":"request limit reached","s":"error"}},"timestamp":"2026-08-22 21:59:15,919+0530","service":"FyersAPI"}
{"level":"ERROR","location":"[error:54] fyers_logger","message":{"API":"/history","Error":{"code":429,"message":"request limit reached","s":"error"}},"timestamp":"2026-08-22 21:59:15,958+0530","service":"FyersAPI"}
{"level":"ERROR","location":"[error:54] fyers_logger","message":{"API":"/history","Error":{"code":-300,"message":"Invalid symbol provided","s":"error"}},"timestamp":"2026-08-22 21:59:33,494+0530","service":"FyersAPI"}
{"level":"ERROR","location":"[error:54] fyers_logger","message":{"API":"/history","Error":{"code":-300,"message":"Invalid symbol provided","s":"error"}},"timestamp":"2026-08-22 21:59:33,708+0530","service":"FyersAPI"}
{"level":"ERROR","location":"[error:54] fyers_logger","message":{"API":"/history","Error":{"code":429,"message":"request limit reached","s":"error"}},"timestamp":"2026-08-22 21:59:34,044+0530","service":"FyersAPI"}
{"level":"ERROR","location":"[error:54] fyers_logger","message":{"API":"/history","Error":{"code":429,"message":"request limit reached","s":"error"}},"timestamp":"2026-08-22 21:59:34,086+0530","service":"FyersAPI"}
{"level":"ERROR","location":"[error:54] fyers_logger","message":{"API":"/history","Error":{"code":429,"message":"request limit reached","s":"error"}},"timestamp":"2026-08-22 21:59:34,135+0530","service":"FyersAPI"}
{"level":"ERROR","location":"[error:54] fyers_logger","message":{"API":"/history","Error":{"code":429,"message":"request limit reached","s":"error"}},"timestamp":"2026-08-22 21:59:34,186+0530","service":"FyersAPI"}
{"level":"ERROR","location":"[error:54] fyers_logger","message":{"API":"/history","Error":{"code":429,"message":"request limit reached","s":"error"}},"timestamp":"2026-08-22 21:59:34,231+0530","service":"FyersAPI"}
{"level":"ERROR","location":"[error:54] fyers_logger","message":{"API":"/history","Error":{"code":429,"message":"request limit reached","s":"error"}},"timestamp":"2026-08-22 21:59:34,277+0530","service":"FyersAPI"}
{"level":"ERROR","location":"[error:54] fyers_logger","message":{"API":"/history","Error":{"code":429,"message":"request limit reached","s":"error"}},"timestamp":"2026-08-22 21:59:34,318+0530","service":"FyersAPI"}
{"level":"ERROR","location":"[error:54] fyers_logger","message":{"API":"/history","Error":{"code":429,"message":"request limit reached","s":"error"}},"timestamp":"2026-08-22 21:59:34,367+0530","service":"FyersAPI"}
{"level":"ERROR","location":"[error:54] fyers_logger","message":{"API":"/history","Error":{"code":429,"message":"request limit reached","s":"error"}},"timestamp":"2026-08-22 21:59:34,411+0530","service":"FyersAPI"}
{"level":"ERROR","location":"[error:54] fyers_logger","message":{"API":"/history","Error":{"code":429,"message":"request limit reached","s":"error"}},"timestamp":"2026-08-22 21:59:35,072+0530","service":"FyersAPI"}
{"level":"ERROR","location":"[error:54] fyers_logger","message":{"API":"/history","Error":{"code":429,"message":"request limit reached","s":"error"}},"timestamp":"2026-08-22 21:59:35,120+0530","service":"FyersAPI"}
{"level":"ERROR","location":"[error:54] fyers_logger","message":{"API":"/history","Error":{"code":429,"message":"request limit reached","s":"error"}},"timestamp":"2026-08-22 21:59:35,168+0530","service":"FyersAPI"}
{"level":"ERROR","location":"[error:54] fyers_logger","message":{"API":"/history","Error":{"code":429,"message":"request limit reached","s":"error"}},"timestamp":"2026-08-22 21:59:35,239+0530","service":"FyersAPI"}
{"level":"ERROR","location":"[error:54] fyers_logger","message":{"API":"/history","Error":{"code":429,"message":"request limit reached","s":"error"}},"timestamp":"2026-08-22 21:59:35,286+0530","service":"FyersAPI"}
{"level":"ERROR","location":"[error:54] fyers_logger","message":{"API":"/history","Error":{"code":429,"message":"request limit reached","s":"error"}},"timestamp":"2026-08-22 21:59:35,333+0530","service":"FyersAPI"}
{"level":"ERROR","location":"[error:54] fyers_logger","message":{"API":"/history","Error":{"code":429,"message":"request limit reached","s":"error"}},"timestamp":"2026-08-22 21:59:35,378+0530","service":"FyersAPI"}
{"level":"ERROR","location":"[error:54] fyers_logger","message":{"API":"/history","Error":{"code":429,"message":"request limit reached","s":"error"}},"timestamp":"2026-08-22 21:59:35,426+0530","service":"FyersAPI"}
{"level":"ERROR","location":"[error:54] fyers_logger","message":{"API":"/history","Error":{"code":-300,"message":"Invalid symbol provided","s":"error"}},"timestamp":"2026-08-22 22:01:40,245+0530","service":"FyersAPI"}
{"level":"ERROR","location":"[error:54] fyers_logger","message":{"API":"/history","Error":{"code":-300,"message":"Invalid symbol provided","s":"error"}},"timestamp":"2026-08-22 22:01:41,260+0530","service":"FyersAPI"}
{"level":"ERROR","location":"[error:54] fyers_logger","message":{"API":"/history","Error":{"code":-300,"message":"Invalid symbol provided","s":"error"}},"timestamp":"2026-08-22 22:01:58,274+0530","service":"FyersAPI"}
{"level":"ERROR","location":"[error:54] fyers_logger","message":{"API":"/history","Error":{"code":-300,"message":"Invalid symbol provided","s":"error"}},"timestamp":"2026-08-22 22:02:34,239+0530","service":"FyersAPI"}
{"level":"ERROR","location":"[error:54] fyers_logger","message":{"API":"/history","Error":{"code":-300,"message":"Invalid symbol provided","s":"error"}},"timestamp":"2026-08-22 22:11:33,553+0530","service":"FyersAPI"}
{"level":"ERROR","location":"[error:54] fyers_logger","message":{"API":"/history","Error":{"code":-300,"message":"Invalid symbol provided","s":"error"}},"timestamp":"2026-08-22 22:11:34,578+0530","service":"FyersAPI"}
{"level":"ERROR","location":"[error:54] fyers_logger","message":{"API":"/history","Error":{"code":-300,"message":"Invalid symbol provided","s":"error"}},"timestamp":"2026-08-22 22:11:51,956+0530","service":"FyersAPI"}
{"level":"ERROR","location":"[error:54] fyers_logger","message":{"API":"/history","Error":{"code":429,"message":"request limit reached","s":"error"}},"timestamp":"2026-08-22 22:12:25,292+0530","service":"FyersAPI"}
{"level":"ERROR","location":"[error:54] fyers_logger","message":{"API":"/history","Error":{"code":429,"message":"request limit reached","s":"error"}},"timestamp":"2026-08-22 22:12:25,533+0530","service":"FyersAPI"}
{"level":"ERROR","location":"[error:54] fyers_logger","message":{"API":"/history","Error":{"code":429,"message":"request limit reached","s":"error"}},"timestamp":"2026-08-22 22:12:25,773+0530","service":"FyersAPI"}
{"level":"ERROR","location":"[error:54] fyers_logger","message":{"API":"/history","Error":{"code":429,"message":"request limit reached","s":"error"}},"timestamp":"2026-08-22 22:12:26,013+0530","service":"FyersAPI"}
{"level":"ERROR","location":"[error:54] fyers_logger","message":{"API":"/history","Error":{"code":429,"message":"request limit reached","s":"error"}},"timestamp":"2026-08-22 22:12:26,258+0530","service":"FyersAPI"}
{"level":"ERROR","location":"[error:54] fyers_logger","message":{"API":"/history","Error":{"code":429,"message":"request limit reached","s":"error"}},"timestamp":"2026-08-22 22:12:26,500+0530","service":"FyersAPI"}
{"level":"ERROR","location":"[error:54] fyers_logger","message":{"API":"/history","Error":{"code":429,"message":"request limit reached","s":"error"}},"timestamp":"2026-08-22 22:12:26,743+0530","service":"FyersAPI"}
{"level":"ERROR","location":"[error:54] fyers_logger","message":{"API":"/history","Error":{"code":429,"message":"request limit reached","s":"error"}},"timestamp":"2026-08-22 22:12:26,987+0530","service":"FyersAPI"}
{"level":"ERROR","location":"[error:54] fyers_logger","message":{"API":"/history","Error":{"code":429,"message":"request limit reached","s":"error"}},"timestamp":"2026-08-22 22:12:27,230+0530","service":"FyersAPI"}
{"level":"ERROR","location":"[error:54] fyers_logger","message":{"API":"/history","Error":{"code":429,"message":"request limit reached","s":"error"}},"timestamp":"2026-08-22 22:12:27,478+0530","service":"FyersAPI"}
{"level":"ERROR","location":"[error:54] fyers_logger","message":{"API":"/history","Error":{"code":429,"message":"request limit reached","s":"error"}},"timestamp":"2026-08-22 22:12:27,721+0530","service":"FyersAPI"}
{"level":"ERROR","location":"[error:54] fyers_logger","message":{"API":"/history","Error":{"code":429,"message":"request limit reached","s":"error"}},"timestamp":"2026-08-22 22:12:27,964+0530","service":"FyersAPI"}
{"level":"ERROR","location":"[error:54] fyers_logger","message":{"API":"/history","Error":{"code":429,"message":"request limit reached","s":"error"}},"timestamp":"2026-08-22 22:12:28,205+0530","service":"FyersAPI"}
{"level":"ERROR","location":"[error:54] fyers_logger","message":{"API":"/history","Error":{"code":429,"message":"request limit reached","s":"error"}},"timestamp":"2026-08-22 22:12:28,446+0530","service":"FyersAPI"}
{"level":"ERROR","location":"[error:54] fyers_logger","message":{"API":"/history","Error":{"code":429,"message":"request limit reached","s":"error"}},"timestamp":"2026-08-22 22:12:28,688+0530","service":"FyersAPI"}
{"level":"ERROR","location":"[error:54] fyers_logger","message":{"API":"/history","Error":{"code":429,"message":"request limit reached","s":"error"}},"timestamp":"2026-08-22 22:12:28,933+0530","service":"FyersAPI"}
{"level":"ERROR","location":"[error:54] fyers_logger","message":{"API":"/history","Error":{"code":429,"message":"request limit reached","s":"error"}},"timestamp":"2026-08-22 22:12:29,216+0530","service":"FyersAPI"}
{"level":"ERROR","location":"[error:54] fyers_logger","message":{"API":"/history","Error":{"code":429,"message":"request limit reached","s":"error"}},"timestamp":"2026-08-22 22:12:29,458+0530","service":"FyersAPI"}
{"level":"ERROR","location":"[error:54] fyers_logger","message":{"API":"/history","Error":{"code":429,"message":"request limit reached","s":"error"}},"timestamp":"2026-08-22 22:12:29,708+0530","service":"FyersAPI"}
{"level":"ERROR","location":"[error:54] fyers_logger","message":{"API":"/history","Error":{"code":429,"message":"request limit reached","s":"error"}},"timestamp":"2026-08-22 22:12:29,956+0530","service":"FyersAPI"}
{"level":"ERROR","location":"[error:54] fyers_logger","message":{"API":"/history","Error":{"code":429,"message":"request limit reached","s":"error"}},"timestamp":"2026-08-22 22:12:30,208+0530","service":"FyersAPI"}
{"level":"ERROR","location":"[error:54] fyers_logger","message":{"API":"/history","Error":{"code":-300,"message":"Invalid symbol provided","s":"error"}},"timestamp":"2026-08-22 22:14:59,276+0530","service":"FyersAPI"}
{"level":"ERROR","location":"[error:54] fyers_logger","message":{"API":"/history","Error":{"code":-300,"message":"Invalid symbol provided","s":"error"}},"timestamp":"2026-08-22 22:15:00,326+0530","service":"FyersAPI"}
{"level":"ERROR","location":"[error:54] fyers_logger","message":{"API":"/history","Error":{"code":-300,"message":"Invalid symbol provided","s":"error"}},"timestamp":"2026-08-22 22:15:18,039+0530","service":"FyersAPI"}
{"level":"ERROR","location":"[error:54] fyers_logger","message":{"API":"/history","Error":{"code":429,"message":"request limit reached","s":"error"}},"timestamp":"2026-08-22 22:15:53,220+0530","service":"FyersAPI"}
{"level":"ERROR","location":"[error:54] fyers_logger","message":{"API":"/history","Error":{"code":429,"message":"request limit reached","s":"error"}},"timestamp":"2026-08-22 22:15:53,468+0530","service":"FyersAPI"}
{"level":"ERROR","location":"[error:54] fyers_logger","message":{"API":"/history","Error":{"code":429,"message":"request limit reached","s":"error"}},"timestamp":"2026-08-22 22:15:53,725+0530","service":"FyersAPI"}
{"level":"ERROR","location":"[error:54] fyers_logger","message":{"API":"/history","Error":{"code":429,"message":"request limit reached","s":"error"}},"timestamp":"2026-08-22 22:15:53,980+0530","service":"FyersAPI"}
{"level":"ERROR","location":"[error:54] fyers_logger","message":{"API":"/history","Error":{"code":429,"message":"request limit reached","s":"error"}},"timestamp":"2026-08-22 22:15:54,248+0530","service":"FyersAPI"}
{"level":"ERROR","location":"[error:54] fyers_logger","message":{"API":"/history","Error":{"code":429,"message":"request limit reached","s":"error"}},"timestamp":"2026-08-22 22:15:54,505+0530","service":"FyersAPI"}
{"level":"ERROR","location":"[error:54] fyers_logger","message":{"API":"/history","Error":{"code":429,"message":"request limit reached","s":"error"}},"timestamp":"2026-08-22 22:15:54,764+0530","service":"FyersAPI"}
{"level":"ERROR","location":"[error:54] fyers_logger","message":{"API":"/history","Error":{"code":429,"message":"request limit reached","s":"error"}},"timestamp":"2026-08-22 22:15:55,022+0530","service":"FyersAPI"}
{"level":"ERROR","location":"[error:54] fyers_logger","message":{"API":"/history","Error":{"code":429,"message":"request limit reached","s":"error"}},"timestamp":"2026-08-22 22:15:55,275+0530","service":"FyersAPI"}
{"level":"ERROR","location":"[error:54] fyers_logger","message":{"API":"/history","Error":{"code":429,"message":"request limit reached","s":"error"}},"timestamp":"2026-08-22 22:15:55,531+0530","service":"FyersAPI"}
{"level":"ERROR","location":"[error:54] fyers_logger","message":{"API":"/history","Error":{"code":429,"message":"request limit reached","s":"error"}},"timestamp":"2026-08-22 22:15:55,782+0530","service":"FyersAPI"}
{"level":"ERROR","location":"[error:54] fyers_logger","message":{"API":"/history","Error":{"code":429,"message":"request limit reached","s":"error"}},"timestamp":"2026-08-22 22:15:56,027+0530","service":"FyersAPI"}
{"level":"ERROR","location":"[error:54] fyers_logger","message":{"API":"/history","Error":{"code":429,"message":"request limit reached","s":"error"}},"timestamp":"2026-08-22 22:15:56,301+0530","service":"FyersAPI"}
{"level":"ERROR","location":"[error:54] fyers_logger","message":{"API":"/history","Error":{"code":429,"message":"request limit reached","s":"error"}},"timestamp":"2026-08-22 22:15:56,546+0530","service":"FyersAPI"}
{"level":"ERROR","location":"[error:54] fyers_logger","message":{"API":"/history","Error":{"code":429,"message":"request limit reached","s":"error"}},"timestamp":"2026-08-22 22:15:56,795+0530","service":"FyersAPI"}
{"level":"ERROR","location":"[error:54] fyers_logger","message":{"API":"/history","Error":{"code":429,"message":"request limit reached","s":"error"}},"timestamp":"2026-08-22 22:15:57,042+0530","service":"FyersAPI"}
{"level":"ERROR","location":"[error:54] fyers_logger","message":{"API":"/history","Error":{"code":429,"message":"request limit reached","s":"error"}},"timestamp":"2026-08-22 22:15:57,290+0530","service":"FyersAPI"}
{"level":"ERROR","location":"[error:54] fyers_logger","message":{"API":"/history","Error":{"code":429,"message":"request limit reached","s":"error"}},"timestamp":"2026-08-22 22:15:57,538+0530","service":"FyersAPI"}
{"level":"ERROR","location":"[error:54] fyers_logger","message":{"API":"/history","Error":{"code":429,"message":"request limit reached","s":"error"}},"timestamp":"2026-08-22 22:15:57,786+0530","service":"FyersAPI"}
{"level":"ERROR","location":"[error:54] fyers_logger","message":{"API":"/history","Error":{"code":429,"message":"request limit reached","s":"error"}},"timestamp":"2026-08-22 22:15:58,037+0530","service":"FyersAPI"}
{"level":"ERROR","location":"[error:54] fyers_logger","message":{"API":"/history","Error":{"code":429,"message":"request limit reached","s":"error"}},"timestamp":"2026-08-22 22:15:58,283+0530","service":"FyersAPI"}
{"level":"ERROR","location":"[error:54] fyers_logger","message":{"API":"/history","Error":{"code":-50,"data":{"date_format":"date timestamps (YYYY-MM-DD) needed for range_from and range_to since date_format is 1"},"message":"Invalid input","s":"error"}},"timestamp":"2026-08-22 22:27:08,021+0530","service":"FyersAPI"}
{"level":"ERROR","location":"[error:54] fyers_logger","message":{"API":"/history","Error":{"code":-50,"data":{"date_format":"date timestamps (YYYY-MM-DD) needed for range_from and range_to since date_format is 1"},"message":"Invalid input","s":"error"}},"timestamp":"2026-08-22 22:27:15,193+0530","service":"FyersAPI"}
{"level":"ERROR","location":"[error:54] fyers_logger","message":{"API":"/history","Error":{"code":-50,"data":{"date_format":"date timestamps (YYYY-MM-DD) needed for range_from and range_to since date_format is 1"},"message":"Invalid input","s":"error"}},"timestamp":"2026-08-22 22:27:15,506+0530","service":"FyersAPI"}
{"level":"ERROR","location":"[error:54] fyers_logger","message":{"API":"/history","Error":{"code":-50,"data":{"date_format":"date timestamps (YYYY-MM-DD) needed for range_from and range_to since date_format is 1"},"message":"Invalid input","s":"error"}},"timestamp":"2026-08-22 22:27:15,840+0530","service":"FyersAPI"}
{"level":"ERROR","location":"[error:54] fyers_logger","message":{"API":"/history","Error":{"code":-50,"data":{"date_format":"date timestamps (YYYY-MM-DD) needed for range_from and range_to since date_format is 1"},"message":"Invalid input","s":"error"}},"timestamp":"2026-08-22 22:27:16,231+0530","service":"FyersAPI"}
{"level":"ERROR","location":"[error:54] fyers_logger","message":{"API":"/history","Error":{"code":-50,"data":{"date_format":"date timestamps (YYYY-MM-DD) needed for range_from and range_to since date_format is 1"},"message":"Invalid input","s":"error"}},"timestamp":"2026-08-22 22:27:16,562+0530","service":"FyersAPI"}
{"level":"ERROR","location":"[error:54] fyers_logger","message":{"API":"/history","Error":{"code":-300,"message":"Invalid symbol provided","s":"error"}},"timestamp":"2026-08-22 22:27:16,784+0530","service":"FyersAPI"}
{"level":"ERROR","location":"[error:54] fyers_logger","message":{"API":"/history","Error":{"code":-300,"message":"Invalid symbol provided","s":"error"}},"timestamp":"2026-08-22 22:27:16,827+0530","service":"FyersAPI"}
{"level":"ERROR","location":"[error:54] fyers_logger","message":{"API":"/history","Error":{"code":-50,"data":{"date_format":"date timestamps (YYYY-MM-DD) needed for range_from and range_to since date_format is 1"},"message":"Invalid input","s":"error"}},"timestamp":"2026-08-22 22:27:26,831+0530","service":"FyersAPI"}
{"level":"ERROR","location":"[error:54] fyers_logger","message":{"API":"/history","Error":{"code":-50,"data":{"date_format":"date timestamps (YYYY-MM-DD) needed for range_from and range_to since date_format is 1"},"message":"Invalid input","s":"error"}},"timestamp":"2026-08-22 22:27:27,147+0530","service":"FyersAPI"}
{"level":"ERROR","location":"[error:54] fyers_logger","message":{"API":"/history","Error":{"code":-50,"data":{"date_format":"date timestamps (YYYY-MM-DD) needed for range_from and range_to since date_format is 1"},"message":"Invalid input","s":"error"}},"timestamp":"2026-08-22 22:27:27,463+0530","service":"FyersAPI"}
{"level":"ERROR","location":"[error:54] fyers_logger","message":{"API":"/history","Error":{"code":-50,"data":{"date_format":"date timestamps (YYYY-MM-DD) needed for range_from and range_to since date_format is 1"},"message":"Invalid input","s":"error"}},"timestamp":"2026-08-22 22:27:27,768+0530","service":"FyersAPI"}
{"level":"ERROR","location":"[error:54] fyers_logger","message":{"API":"/history","Error":{"code":-50,"data":{"date_format":"date timestamps (YYYY-MM-DD) needed for range_from and range_to since date_format is 1"},"message":"Invalid input","s":"error"}},"timestamp":"2026-08-22 22:27:28,108+0530","service":"FyersAPI"}
{"level":"ERROR","location":"[error:54] fyers_logger","message":{"API":"/history","Error":{"code":-300,"message":"Invalid symbol provided","s":"error"}},"timestamp":"2026-08-22 22:27:28,354+0530","service":"FyersAPI"}
{"level":"ERROR","location":"[error:54] fyers_logger","message":{"API":"/history","Error":{"code":-300,"message":"Invalid symbol provided","s":"error"}},"timestamp":"2026-08-22 22:27:28,398+0530","service":"FyersAPI"}
{"level":"ERROR","location":"[error:54] fyers_logger","message":{"API":"/history","Error":{"code":-50,"data":{"date_format":"date timestamps (YYYY-MM-DD) needed for range_from and range_to since date_format is 1"},"message":"Invalid input","s":"error"}},"timestamp":"2026-08-22 22:27:50,935+0530","service":"FyersAPI"}
{"level":"ERROR","location":"[error:54] fyers_logger","message":{"API":"/history","Error":{"code":-50,"data":{"date_format":"date timestamps (YYYY-MM-DD) needed for range_from and range_to since date_format is 1"},"message":"Invalid input","s":"error"}},"timestamp":"2026-08-22 22:27:50,979+0530","service":"FyersAPI"}
{"level":"ERROR","location":"[error:54] fyers_logger","message":{"API":"/history","Error":{"code":-50,"data":{"date_format":"epoch timestamps needed for range_from and range_to since date_format is 0","from":"from range cannot be greater than to range","range_from":"range_from cannot be greater than current date"},"message":"Invalid input","s":"error"}},"timestamp":"2026-08-22 22:28:06,720+0530","service":"FyersAPI"}
{"level":"ERROR","location":"[error:54] fyers_logger","message":{"API":"/history","Error":{"code":-50,"data":{"date_format":"epoch timestamps needed for range_from and range_to since date_format is 0","from":"from range cannot be greater than to range","range_from":"range_from cannot be greater than current date"},"message":"Invalid input","s":"error"}},"timestamp":"2026-08-22 22:28:06,816+0530","service":"FyersAPI"}
{"level":"ERROR","location":"[error:54] fyers_logger","message":{"API":"/history","Error":{"code":-300,"message":"Invalid symbol provided","s":"error"}},"timestamp":"2026-08-22 22:28:38,239+0530","service":"FyersAPI"}
{"level":"ERROR","location":"[error:54] fyers_logger","message":{"API":"/history","Error":{"code":-300,"message":"Invalid symbol provided","s":"error"}},"timestamp":"2026-08-22 22:28:38,290+0530","service":"FyersAPI"}
{"level":"ERROR","location":"[error:54] fyers_logger","message":{"API":"/history","Error":{"code":-300,"message":"Invalid symbol provided","s":"error"}},"timestamp":"2026-08-22 22:29:47,644+0530","service":"FyersAPI"}
{"level":"ERROR","location":"[error:54] fyers_logger","message":{"API":"/history","Error":{"code":-300,"message":"Invalid symbol provided","s":"error"}},"timestamp":"2026-08-22 22:35:42,585+0530","service":"FyersAPI"}
{"level":"ERROR","location":"[error:54] fyers_logger","message":{"API":"/history","Error":{"code":-300,"message":"Invalid symbol provided","s":"error"}},"timestamp":"2026-08-22 22:36:09,938+0530","service":"FyersAPI"}
{"level":"ERROR","location":"[error:54] fyers_logger","message":{"API":"/history","Error":{"code":-300,"message":"Invalid symbol provided","s":"error"}},"timestamp":"2026-08-22 22:53:35,516+0530","service":"FyersAPI"}
{"level":"ERROR","location":"[error:54] fyers_logger","message":{"API":"/history","Error":{"code":-300,"message":"Invalid symbol provided","s":"error"}},"timestamp":"2026-08-22 22:53:36,564+0530","service":"FyersAPI"}
{"level":"ERROR","location":"[error:54] fyers_logger","message":{"API":"/history","Error":{"code":-300,"message":"Invalid symbol provided","s":"error"}},"timestamp":"2026-08-22 22:53:54,333+0530","service":"FyersAPI"}
{"level":"ERROR","location":"[error:54] fyers_logger","message":{"API":"/history","Error":{"code":429,"message":"request limit reached","s":"error"}},"timestamp":"2026-08-22 22:54:27,852+0530","service":"FyersAPI"}
{"level":"ERROR","location":"[error:54] fyers_logger","message":{"API":"/history","Error":{"code":429,"message":"request limit reached","s":"error"}},"timestamp":"2026-08-22 22:54:28,097+0530","service":"FyersAPI"}
{"level":"ERROR","location":"[error:54] fyers_logger","message":{"API":"/history","Error":{"code":429,"message":"request limit reached","s":"error"}},"timestamp":"2026-08-22 22:54:28,342+0530","service":"FyersAPI"}
{"level":"ERROR","location":"[error:54] fyers_logger","message":{"API":"/history","Error":{"code":429,"message":"request limit reached","s":"error"}},"timestamp":"2026-08-22 22:54:28,592+0530","service":"FyersAPI"}
{"level":"ERROR","location":"[error:54] fyers_logger","message":{"API":"/history","Error":{"code":429,"message":"request limit reached","s":"error"}},"timestamp":"2026-08-22 22:54:28,838+0530","service":"FyersAPI"}
{"level":"ERROR","location":"[error:54] fyers_logger","message":{"API":"/history","Error":{"code":429,"message":"request limit reached","s":"error"}},"timestamp":"2026-08-22 22:54:29,088+0530","service":"FyersAPI"}
{"level":"ERROR","location":"[error:54] fyers_logger","message":{"API":"/history","Error":{"code":429,"message":"request limit reached","s":"error"}},"timestamp":"2026-08-22 22:54:29,337+0530","service":"FyersAPI"}
{"level":"ERROR","location":"[error:54] fyers_logger","message":{"API":"/history","Error":{"code":429,"message":"request limit reached","s":"error"}},"timestamp":"2026-08-22 22:54:29,588+0530","service":"FyersAPI"}
{"level":"ERROR","location":"[error:54] fyers_logger","message":{"API":"/history","Error":{"code":429,"message":"request limit reached","s":"error"}},"timestamp":"2026-08-22 22:54:29,834+0530","service":"FyersAPI"}
{"level":"ERROR","location":"[error:54] fyers_logger","message":{"API":"/history","Error":{"code":429,"message":"request limit reached","s":"error"}},"timestamp":"2026-08-22 22:54:30,084+0530","service":"FyersAPI"}
{"level":"ERROR","location":"[error:54] fyers_logger","message":{"API":"/history","Error":{"code":429,"message":"request limit reached","s":"error"}},"timestamp":"2026-08-22 22:54:30,348+0530","service":"FyersAPI"}
{"level":"ERROR","location":"[error:54] fyers_logger","message":{"API":"/history","Error":{"code":429,"message":"request limit reached","s":"error"}},"timestamp":"2026-08-22 22:54:30,593+0530","service":"FyersAPI"}
{"level":"ERROR","location":"[error:54] fyers_logger","message":{"API":"/history","Error":{"code":429,"message":"request limit reached","s":"error"}},"timestamp":"2026-08-22 22:54:30,839+0530","service":"FyersAPI"}
{"level":"ERROR","location":"[error:54] fyers_logger","message":{"API":"/history","Error":{"code":429,"message":"request limit reached","s":"error"}},"timestamp":"2026-08-22 22:54:31,085+0530","service":"FyersAPI"}
{"level":"ERROR","location":"[error:54] fyers_logger","message":{"API":"/history","Error":{"code":429,"message":"request limit reached","s":"error"}},"timestamp":"2026-08-22 22:54:31,329+0530","service":"FyersAPI"}
{"level":"ERROR","location":"[error:54] fyers_logger","message":{"API":"/history","Error":{"code":429,"message":"request limit reached","s":"error"}},"timestamp":"2026-08-22 22:54:31,575+0530","service":"FyersAPI"}
{"level":"ERROR","location":"[error:54] fyers_logger","message":{"API":"/history","Error":{"code":429,"message":"request limit reached","s":"error"}},"timestamp":"2026-08-22 22:54:31,819+0530","service":"FyersAPI"}
{"level":"ERROR","location":"[error:54] fyers_logger","message":{"API":"/history","Error":{"code":429,"message":"request limit reached","s":"error"}},"timestamp":"2026-08-22 22:54:32,063+0530","service":"FyersAPI"}
{"level":"ERROR","location":"[error:54] fyers_logger","message":{"API":"/history","Error":{"code":429,"message":"request limit reached","s":"error"}},"timestamp":"2026-08-22 22:54:32,307+0530","service":"FyersAPI"}
{"level":"ERROR","location":"[error:54] fyers_logger","message":{"API":"/history","Error":{"code":429,"message":"request limit reached","s":"error"}},"timestamp":"2026-08-22 22:54:32,552+0530","service":"FyersAPI"}
{"level":"ERROR","location":"[error:54] fyers_logger","message":{"API":"/history","Error":{"code":429,"message":"request limit reached","s":"error"}},"timestamp":"2026-08-22 22:54:32,799+0530","service":"FyersAPI"}
{"level":"ERROR","location":"[error:54] fyers_logger","message":{"API":"/history","Error":{"code":429,"message":"request limit reached","s":"error"}},"timestamp":"2026-08-22 22:54:33,054+0530","service":"FyersAPI"}
{"level":"ERROR","location":"[error:54] fyers_logger","message":{"API":"/history","Error":{"code":-300,"message":"Invalid symbol provided","s":"error"}},"timestamp":"2026-08-22 23:20:17,025+0530","service":"FyersAPI"}
{"level":"ERROR","location":"[error:54] fyers_logger","message":{"API":"/history","Error":{"code":-300,"message":"Invalid symbol provided","s":"error"}},"timestamp":"2026-08-22 23:20:18,087+0530","service":"FyersAPI"}
{"level":"ERROR","location":"[error:54] fyers_logger","message":{"API":"/history","Error":{"code":-300,"message":"Invalid symbol provided","s":"error"}},"timestamp":"2026-08-22 23:20:35,846+0530","service":"FyersAPI"}
{"level":"ERROR","location":"[error:54] fyers_logger","message":{"API":"/history","Error":{"code":429,"message":"request limit reached","s":"error"}},"timestamp":"2026-08-22 23:21:09,374+0530","service":"FyersAPI"}
{"level":"ERROR","location":"[error:54] fyers_logger","message":{"API":"/history","Error":{"code":429,"message":"request limit reached","s":"error"}},"timestamp":"2026-08-22 23:21:09,632+0530","service":"FyersAPI"}
{"level":"ERROR","location":"[error:54] fyers_logger","message":{"API":"/history","Error":{"code":429,"message":"request limit reached","s":"error"}},"timestamp":"2026-08-22 23:21:09,876+0530","service":"FyersAPI"}
{"level":"ERROR","location":"[error:54] fyers_logger","message":{"API":"/history","Error":{"code":429,"message":"request limit reached","s":"error"}},"timestamp":"2026-08-22 23:21:10,125+0530","service":"FyersAPI"}
{"level":"ERROR","location":"[error:54] fyers_logger","message":{"API":"/history","Error":{"code":429,"message":"request limit reached","s":"error"}},"timestamp":"2026-08-22 23:21:10,374+0530","service":"FyersAPI"}
{"level":"ERROR","location":"[error:54] fyers_logger","message":{"API":"/history","Error":{"code":429,"message":"request limit reached","s":"error"}},"timestamp":"2026-08-22 23:21:10,630+0530","service":"FyersAPI"}
{"level":"ERROR","location":"[error:54] fyers_logger","message":{"API":"/history","Error":{"code":429,"message":"request limit reached","s":"error"}},"timestamp":"2026-08-22 23:21:10,875+0530","service":"FyersAPI"}
{"level":"ERROR","location":"[error:54] fyers_logger","message":{"API":"/history","Error":{"code":429,"message":"request limit reached","s":"error"}},"timestamp":"2026-08-22 23:21:11,130+0530","service":"FyersAPI"}
{"level":"ERROR","location":"[error:54] fyers_logger","message":{"API":"/history","Error":{"code":429,"message":"request limit reached","s":"error"}},"timestamp":"2026-08-22 23:21:11,376+0530","service":"FyersAPI"}
{"level":"ERROR","location":"[error:54] fyers_logger","message":{"API":"/history","Error":{"code":429,"message":"request limit reached","s":"error"}},"timestamp":"2026-08-22 23:21:11,630+0530","service":"FyersAPI"}
{"level":"ERROR","location":"[error:54] fyers_logger","message":{"API":"/history","Error":{"code":429,"message":"request limit reached","s":"error"}},"timestamp":"2026-08-22 23:21:11,880+0530","service":"FyersAPI"}
{"level":"ERROR","location":"[error:54] fyers_logger","message":{"API":"/history","Error":{"code":429,"message":"request limit reached","s":"error"}},"timestamp":"2026-08-22 23:21:12,129+0530","service":"FyersAPI"}
{"level":"ERROR","location":"[error:54] fyers_logger","message":{"API":"/history","Error":{"code":429,"message":"request limit reached","s":"error"}},"timestamp":"2026-08-22 23:21:12,374+0530","service":"FyersAPI"}
{"level":"ERROR","location":"[error:54] fyers_logger","message":{"API":"/history","Error":{"code":429,"message":"request limit reached","s":"error"}},"timestamp":"2026-08-22 23:21:12,624+0530","service":"FyersAPI"}
{"level":"ERROR","location":"[error:54] fyers_logger","message":{"API":"/history","Error":{"code":429,"message":"request limit reached","s":"error"}},"timestamp":"2026-08-22 23:21:12,874+0530","service":"FyersAPI"}
{"level":"ERROR","location":"[error:54] fyers_logger","message":{"API":"/history","Error":{"code":429,"message":"request limit reached","s":"error"}},"timestamp":"2026-08-22 23:21:13,121+0530","service":"FyersAPI"}
{"level":"ERROR","location":"[error:54] fyers_logger","message":{"API":"/history","Error":{"code":429,"message":"request limit reached","s":"error"}},"timestamp":"2026-08-22 23:21:13,381+0530","service":"FyersAPI"}
{"level":"ERROR","location":"[error:54] fyers_logger","message":{"API":"/history","Error":{"code":429,"message":"request limit reached","s":"error"}},"timestamp":"2026-08-22 23:21:13,628+0530","service":"FyersAPI"}
{"level":"ERROR","location":"[error:54] fyers_logger","message":{"API":"/history","Error":{"code":429,"message":"request limit reached","s":"error"}},"timestamp":"2026-08-22 23:21:13,875+0530","service":"FyersAPI"}
{"level":"ERROR","location":"[error:54] fyers_logger","message":{"API":"/history","Error":{"code":429,"message":"request limit reached","s":"error"}},"timestamp":"2026-08-22 23:21:14,120+0530","service":"FyersAPI"}
{"level":"ERROR","location":"[error:54] fyers_logger","message":{"API":"/history","Error":{"code":429,"message":"request limit reached","s":"error"}},"timestamp":"2026-08-22 23:21:14,366+0530","service":"FyersAPI"}
{"level":"ERROR","location":"[error:54] fyers_logger","message":{"API":"/history","Error":{"code":429,"message":"request limit reached","s":"error"}},"timestamp":"2026-08-22 23:21:16,677+0530","service":"FyersAPI"}
{"level":"ERROR","location":"[error:54] fyers_logger","message":{"API":"/history","Error":{"code":429,"message":"request limit reached","s":"error"}},"timestamp":"2026-08-22 23:21:16,720+0530","service":"FyersAPI"}
{"level":"ERROR","location":"[error:54] fyers_logger","message":{"API":"/history","Error":{"code":-300,"message":"Invalid symbol provided","s":"error"}},"timestamp":"2026-08-22 23:35:29,990+0530","service":"FyersAPI"}
{"level":"ERROR","location":"[error:54] fyers_logger","message":{"API":"/history","Error":{"code":-300,"message":"Invalid symbol provided","s":"error"}},"timestamp":"2026-08-22 23:35:30,193+0530","service":"FyersAPI"}
{"level":"ERROR","location":"[error:54] fyers_logger","message":{"API":"/history","Error":{"code":429,"message":"request limit reached","s":"error"}},"timestamp":"2026-08-22 23:35:30,517+0530","service":"FyersAPI"}
{"level":"ERROR","location":"[error:54] fyers_logger","message":{"API":"/history","Error":{"code":-300,"message":"Invalid symbol provided","s":"error"}},"timestamp":"2026-08-22 23:35:47,219+0530","service":"FyersAPI"}
{"level":"ERROR","location":"[error:54] fyers_logger","message":{"API":"/history","Error":{"code":-300,"message":"Invalid symbol provided","s":"error"}},"timestamp":"2026-08-22 23:35:48,232+0530","service":"FyersAPI"}
{"level":"ERROR","location":"[error:54] fyers_logger","message":{"API":"/history","Error":{"code":-300,"message":"Invalid symbol provided","s":"error"}},"timestamp":"2026-08-22 23:36:05,501+0530","service":"FyersAPI"}
{"level":"ERROR","location":"[error:54] fyers_logger","message":{"API":"/history","Error":{"code":-300,"message":"Invalid symbol provided","s":"error"}},"timestamp":"2026-08-22 23:36:41,894+0530","service":"FyersAPI"}
{"level":"ERROR","location":"[error:54] fyers_logger","message":{"API":"/profile","Error":{"s":"error","code":500,"message":"Looks like you are passing an invalid entry"}},"timestamp":"2026-08-23 16:04:29,288+0530","service":"FyersAPI"}
{"level":"ERROR","location":"[error:54] fyers_logger","message":{"API":"/profile","Error":{"s":"error","code":500,"message":"Looks like you are passing an invalid entry"}},"timestamp":"2026-08-23 16:06:44,140+0530","service":"FyersAPI"}
{"level":"ERROR","location":"[error:54] fyers_logger","message":{"API":"/profile","Error":{"s":"error","code":500,"message":"Looks like you are passing an invalid entry"}},"timestamp":"2026-08-23 16:07:56,116+0530","service":"FyersAPI"}
{"level":"ERROR","location":"[error:54] fyers_logger","message":{"API":"/profile","Error":{"s":"error","code":500,"message":"Looks like you are passing an invalid entry"}},"timestamp":"2026-08-23 16:07:56,171+0530","service":"FyersAPI"}
{"level":"ERROR","location":"[error:54] fyers_logger","message":{"API":"/profile","Error":{"s":"error","code":500,"message":"Looks like you are passing an invalid entry"}},"timestamp":"2026-08-23 16:23:46,635+0530","service":"FyersAPI"}
{"level":"ERROR","location":"[error:54] fyers_logger","message":{"API":"/profile","Error":{"s":"error","code":-8,"message":"Your token has expired. Please generate a token"}},"timestamp":"2026-08-23 21:45:48,552+0530","service":"FyersAPI"}
{"level":"ERROR","location":"[error:54] fyers_logger","message":{"API":"/history","Error":{"code":-300,"message":"Invalid symbol provided","s":"error"}},"timestamp":"2026-08-23 21:57:34,584+0530","service":"FyersAPI"}
{"level":"ERROR","location":"[error:54] fyers_logger","message":{"API":"/history","Error":{"code":-300,"message":"Invalid symbol provided","s":"error"}},"timestamp":"2026-08-23 21:57:36,432+0530","service":"FyersAPI"}
{"level":"ERROR","location":"[error:54] fyers_logger","message":{"API":"/history","Error":{"code":-300,"message":"Invalid symbol provided","s":"error"}},"timestamp":"2026-08-23 21:58:17,453+0530","service":"FyersAPI"}
{"level":"ERROR","location":"[error:54] fyers_logger","message":{"API":"/history","Error":{"code":-300,"message":"Invalid symbol provided","s":"error"}},"timestamp":"2026-08-23 21:58:19,895+0530","service":"FyersAPI"}
{"level":"ERROR","location":"[error:54] fyers_logger","message":{"API":"/history","error":"HTTPSConnectionPool(host='api-t1.fyers.in', port=443): Read timed out. (read timeout=None)"},"timestamp":"2026-08-23 21:58:35,959+0530","service":"FyersAPI"}
{"level":"ERROR","location":"[error:54] fyers_logger","message":{"API":"/history","Error":{"code":-300,"message":"Invalid symbol provided","s":"error"}},"timestamp":"2026-08-23 21:58:40,951+0530","service":"FyersAPI"}
{"level":"ERROR","location":"[error:54] fyers_logger","message":{"API":"/history","error":"HTTPSConnectionPool(host='api-t1.fyers.in', port=443): Read timed out. (read timeout=None)"},"timestamp":"2026-08-23 21:59:16,219+0530","service":"FyersAPI"}
{"level":"ERROR","location":"[error:54] fyers_logger","message":{"API":"/history","Error":{"code":-300,"message":"Invalid symbol provided","s":"error"}},"timestamp":"2026-08-23 21:59:22,706+0530","service":"FyersAPI"}
{"level":"ERROR","location":"[error:54] fyers_logger","message":{"API":"/history","Error":{"code":429,"message":"request limit reached","s":"error"}},"timestamp":"2026-08-23 21:59:23,922+0530","service":"FyersAPI"}
{"level":"ERROR","location":"[error:54] fyers_logger","message":{"API":"/history","Error":{"code":429,"message":"request limit reached","s":"error"}},"timestamp":"2026-08-23 21:59:24,210+0530","service":"FyersAPI"}
{"level":"ERROR","location":"[error:54] fyers_logger","message":{"API":"/history","Error":{"code":429,"message":"request limit reached","s":"error"}},"timestamp":"2026-08-23 21:59:24,214+0530","service":"FyersAPI"}
{"level":"ERROR","location":"[error:54] fyers_logger","message":{"API":"/history","Error":{"code":429,"message":"request limit reached","s":"error"}},"timestamp":"2026-08-23 21:59:24,457+0530","service":"FyersAPI"}
{"level":"ERROR","location":"[error:54] fyers_logger","message":{"API":"/history","Error":{"code":429,"message":"request limit reached","s":"error"}},"timestamp":"2026-08-23 21:59:24,466+0530","service":"FyersAPI"}
{"level":"ERROR","location":"[error:54] fyers_logger","message":{"API":"/history","Error":{"code":429,"message":"request limit reached","s":"error"}},"timestamp":"2026-08-23 21:59:24,743+0530","service":"FyersAPI"}
{"level":"ERROR","location":"[error:54] fyers_logger","message":{"API":"/history","Error":{"code":429,"message":"request limit reached","s":"error"}},"timestamp":"2026-08-23 21:59:24,748+0530","service":"FyersAPI"}
{"level":"ERROR","location":"[error:54] fyers_logger","message":{"API":"/history","Error":{"code":429,"message":"request limit reached","s":"error"}},"timestamp":"2026-08-23 21:59:25,035+0530","service":"FyersAPI"}
{"level":"ERROR","location":"[error:54] fyers_logger","message":{"API":"/history","Error":{"code":429,"message":"request limit reached","s":"error"}},"timestamp":"2026-08-23 21:59:25,315+0530","service":"FyersAPI"}
{"level":"ERROR","location":"[error:54] fyers_logger","message":{"API":"/history","Error":{"code":429,"message":"request limit reached","s":"error"}},"timestamp":"2026-08-23 21:59:25,599+0530","service":"FyersAPI"}
{"level":"ERROR","location":"[error:54] fyers_logger","message":{"API":"/history","Error":{"code":429,"message":"request limit reached","s":"error"}},"timestamp":"2026-08-23 21:59:25,843+0530","service":"FyersAPI"}
{"level":"ERROR","location":"[error:54] fyers_logger","message":{"API":"/history","Error":{"code":429,"message":"request limit reached","s":"error"}},"timestamp":"2026-08-23 21:59:26,125+0530","service":"FyersAPI"}
{"level":"ERROR","location":"[error:54] fyers_logger","message":{"API":"/history","Error":{"code":429,"message":"request limit reached","s":"error"}},"timestamp":"2026-08-23 21:59:26,411+0530","service":"FyersAPI"}
{"level":"ERROR","location":"[error:54] fyers_logger","message":{"API":"/history","Error":{"code":429,"message":"request limit reached","s":"error"}},"timestamp":"2026-08-23 21:59:26,654+0530","service":"FyersAPI"}
{"level":"ERROR","location":"[error:54] fyers_logger","message":{"API":"/history","Error":{"code":429,"message":"request limit reached","s":"error"}},"timestamp":"2026-08-23 21:59:26,941+0530","service":"FyersAPI"}
{"level":"ERROR","location":"[error:54] fyers_logger","message":{"API":"/history","Error":{"code":429,"message":"request limit reached","s":"error"}},"timestamp":"2026-08-23 21:59:27,190+0530","service":"FyersAPI"}
{"level":"ERROR","location":"[error:54] fyers_logger","message":{"API":"/history","Error":{"code":429,"message":"request limit reached","s":"error"}},"timestamp":"2026-08-23 21:59:27,477+0530","service":"FyersAPI"}
{"level":"ERROR","location":"[error:54] fyers_logger","message":{"API":"/history","Error":{"code":429,"message":"request limit reached","s":"error"}},"timestamp":"2026-08-23 21:59:27,762+0530","service":"FyersAPI"}
{"level":"ERROR","location":"[error:54] fyers_logger","message":{"API":"/history","Error":{"code":429,"message":"request limit reached","s":"error"}},"timestamp":"2026-08-23 21:59:28,046+0530","service":"FyersAPI"}
{"level":"ERROR","location":"[error:54] fyers_logger","message":{"API":"/history","Error":{"code":429,"message":"request limit reached","s":"error"}},"timestamp":"2026-08-23 21:59:28,332+0530","service":"FyersAPI"}
{"level":"ERROR","location":"[error:54] fyers_logger","message":{"API":"/history","Error":{"code":429,"message":"request limit reached","s":"error"}},"timestamp":"2026-08-23 21:59:28,579+0530","service":"FyersAPI"}
{"level":"ERROR","location":"[error:54] fyers_logger","message":{"API":"/history","Error":{"code":429,"message":"request limit reached","s":"error"}},"timestamp":"2026-08-23 21:59:28,862+0530","service":"FyersAPI"}
{"level":"ERROR","location":"[error:54] fyers_logger","message":{"API":"/history","Error":{"code":429,"message":"request limit reached","s":"error"}},"timestamp":"2026-08-23 21:59:29,148+0530","service":"FyersAPI"}
{"level":"ERROR","location":"[error:54] fyers_logger","message":{"API":"/history","Error":{"code":429,"message":"request limit reached","s":"error"}},"timestamp":"2026-08-23 21:59:29,434+0530","service":"FyersAPI"}
{"level":"ERROR","location":"[error:54] fyers_logger","message":{"API":"/history","Error":{"code":429,"message":"request limit reached","s":"error"}},"timestamp":"2026-08-23 21:59:29,717+0530","service":"FyersAPI"}
{"level":"ERROR","location":"[error:54] fyers_logger","message":{"API":"/history","Error":{"code":429,"message":"request limit reached","s":"error"}},"timestamp":"2026-08-23 21:59:29,960+0530","service":"FyersAPI"}
{"level":"ERROR","location":"[error:54] fyers_logger","message":{"API":"/history","Error":{"code":429,"message":"request limit reached","s":"error"}},"timestamp":"2026-08-23 21:59:30,243+0530","service":"FyersAPI"}
{"level":"ERROR","location":"[error:54] fyers_logger","message":{"API":"/history","Error":{"code":429,"message":"request limit reached","s":"error"}},"timestamp":"2026-08-23 21:59:30,526+0530","service":"FyersAPI"}
{"level":"ERROR","location":"[error:54] fyers_logger","message":{"API":"/history","Error":{"code":429,"message":"request limit reached","s":"error"}},"timestamp":"2026-08-23 21:59:30,813+0530","service":"FyersAPI"}
{"level":"ERROR","location":"[error:54] fyers_logger","message":{"API":"/history","Error":{"code":429,"message":"request limit reached","s":"error"}},"timestamp":"2026-08-23 21:59:31,102+0530","service":"FyersAPI"}
{"level":"ERROR","location":"[error:54] fyers_logger","message":{"API":"/history","Error":{"code":429,"message":"request limit reached","s":"error"}},"timestamp":"2026-08-23 21:59:31,350+0530","service":"FyersAPI"}
{"level":"ERROR","location":"[error:54] fyers_logger","message":{"API":"/history","Error":{"code":429,"message":"request limit reached","s":"error"}},"timestamp":"2026-08-23 21:59:31,600+0530","service":"FyersAPI"}
{"level":"ERROR","location":"[error:54] fyers_logger","message":{"API":"/history","Error":{"code":429,"message":"request limit reached","s":"error"}},"timestamp":"2026-08-23 21:59:31,885+0530","service":"FyersAPI"}
{"level":"ERROR","location":"[error:54] fyers_logger","message":{"API":"/history","Error":{"code":429,"message":"request limit reached","s":"error"}},"timestamp":"2026-08-23 21:59:32,168+0530","service":"FyersAPI"}
{"level":"ERROR","location":"[error:54] fyers_logger","message":{"API":"/history","Error":{"code":429,"message":"request limit reached","s":"error"}},"timestamp":"2026-08-23 21:59:32,455+0530","service":"FyersAPI"}
{"level":"ERROR","location":"[error:54] fyers_logger","message":{"API":"/history","Error":{"code":429,"message":"request limit reached","s":"error"}},"timestamp":"2026-08-23 21:59:32,707+0530","service":"FyersAPI"}
{"level":"ERROR","location":"[error:54] fyers_logger","message":{"API":"/history","Error":{"code":429,"message":"request limit reached","s":"error"}},"timestamp":"2026-08-23 21:59:32,995+0530","service":"FyersAPI"}
{"level":"ERROR","location":"[error:54] fyers_logger","message":{"API":"/history","Error":{"code":429,"message":"request limit reached","s":"error"}},"timestamp":"2026-08-23 21:59:33,281+0530","service":"FyersAPI"}
{"level":"ERROR","location":"[error:54] fyers_logger","message":{"API":"/history","Error":{"code":429,"message":"request limit reached","s":"error"}},"timestamp":"2026-08-23 21:59:33,569+0530","service":"FyersAPI"}
{"level":"ERROR","location":"[error:54] fyers_logger","message":{"API":"/history","Error":{"code":429,"message":"request limit reached","s":"error"}},"timestamp":"2026-08-23 21:59:33,852+0530","service":"FyersAPI"}
{"level":"ERROR","location":"[error:54] fyers_logger","message":{"API":"/history","Error":{"code":429,"message":"request limit reached","s":"error"}},"timestamp":"2026-08-23 21:59:34,101+0530","service":"FyersAPI"}
{"level":"ERROR","location":"[error:54] fyers_logger","message":{"API":"/history","Error":{"code":429,"message":"request limit reached","s":"error"}},"timestamp":"2026-08-23 21:59:34,384+0530","service":"FyersAPI"}
{"level":"ERROR","location":"[error:54] fyers_logger","message":{"API":"/history","Error":{"code":429,"message":"request limit reached","s":"error"}},"timestamp":"2026-08-23 21:59:34,671+0530","service":"FyersAPI"}
{"level":"ERROR","location":"[error:54] fyers_logger","message":{"API":"/history","Error":{"code":429,"message":"request limit reached","s":"error"}},"timestamp":"2026-08-23 21:59:34,956+0530","service":"FyersAPI"}
{"level":"ERROR","location":"[error:54] fyers_logger","message":{"API":"/history","Error":{"code":429,"message":"request limit reached","s":"error"}},"timestamp":"2026-08-23 21:59:35,241+0530","service":"FyersAPI"}
{"level":"ERROR","location":"[error:54] fyers_logger","message":{"API":"/history","Error":{"code":429,"message":"request limit reached","s":"error"}},"timestamp":"2026-08-23 21:59:35,526+0530","service":"FyersAPI"}
{"level":"ERROR","location":"[error:54] fyers_logger","message":{"API":"/history","Error":{"code":429,"message":"request limit reached","s":"error"}},"timestamp":"2026-08-23 21:59:35,809+0530","service":"FyersAPI"}
{"level":"ERROR","location":"[error:54] fyers_logger","message":{"API":"/history","Error":{"code":429,"message":"request limit reached","s":"error"}},"timestamp":"2026-08-23 21:59:36,095+0530","service":"FyersAPI"}
{"level":"ERROR","location":"[error:54] fyers_logger","message":{"API":"/history","Error":{"code":-300,"message":"Invalid symbol provided","s":"error"}},"timestamp":"2026-08-23 22:00:04,993+0530","service":"FyersAPI"}
{"level":"ERROR","location":"[error:54] fyers_logger","message":{"API":"/profile","Error":{"s":"error","code":-8,"message":"Your token has expired. Please generate a token"}},"timestamp":"2026-08-24 09:28:18,308+0530","service":"FyersAPI"}
{"level":"ERROR","location":"[error:54] fyers_logger","message":{"API":"/profile","error":"('Connection aborted.', ConnectionAbortedError(10053, 'An established connection was aborted by the software in your host machine', None, 10053, None))"},"timestamp":"2026-08-24 09:28:19,343+0530","service":"FyersAPI"}
{"level":"ERROR","location":"[error:54] fyers_logger","message":{"API":"/history","Error":{"code":-300,"message":"Invalid symbol provided","s":"error"}},"timestamp":"2026-08-24 09:36:09,785+0530","service":"FyersAPI"}
{"level":"ERROR","location":"[error:54] fyers_logger","message":{"API":"/history","Error":{"code":-300,"message":"Invalid symbol provided","s":"error"}},"timestamp":"2026-08-24 09:36:10,826+0530","service":"FyersAPI"}
{"level":"ERROR","location":"[error:54] fyers_logger","message":{"API":"/history","Error":{"code":-300,"message":"Invalid symbol provided","s":"error"}},"timestamp":"2026-08-24 09:36:28,810+0530","service":"FyersAPI"}
{"level":"ERROR","location":"[error:54] fyers_logger","message":{"API":"/history","Error":{"code":-300,"message":"Invalid symbol provided","s":"error"}},"timestamp":"2026-08-24 09:37:07,072+0530","service":"FyersAPI"}
{"level":"ERROR","location":"[error:54] fyers_logger","message":{"API":"/history","Error":{"code":-300,"message":"Invalid symbol provided","s":"error"}},"timestamp":"2026-08-24 09:48:12,036+0530","service":"FyersAPI"}
{"level":"ERROR","location":"[error:54] fyers_logger","message":{"API":"/history","Error":{"code":-300,"message":"Invalid symbol provided","s":"error"}},"timestamp":"2026-08-24 09:48:13,094+0530","service":"FyersAPI"}
{"level":"ERROR","location":"[error:54] fyers_logger","message":{"API":"/history","Error":{"code":-300,"message":"Invalid symbol provided","s":"error"}},"timestamp":"2026-08-24 09:48:30,976+0530","service":"FyersAPI"}
{"level":"ERROR","location":"[error:54] fyers_logger","message":{"API":"/history","Error":{"code":-300,"message":"Invalid symbol provided","s":"error"}},"timestamp":"2026-08-24 09:49:08,738+0530","service":"FyersAPI"}
{"level":"ERROR","location":"[error:54] fyers_logger","message":{"API":"/quotes","error":"HTTPSConnectionPool(host='api-t1.fyers.in', port=443): Read timed out. (read timeout=None)"},"timestamp":"2026-08-24 10:23:12,629+0530","service":"FyersAPI"}
{"level":"ERROR","location":"[error:54] fyers_logger","message":{"API":"/history","Error":{"code":-300,"message":"Invalid symbol provided","s":"error"}},"timestamp":"2026-08-24 10:24:34,011+0530","service":"FyersAPI"}
{"level":"ERROR","location":"[error:54] fyers_logger","message":{"API":"/history","Error":{"code":-300,"message":"Invalid symbol provided","s":"error"}},"timestamp":"2026-08-24 10:24:35,043+0530","service":"FyersAPI"}
{"level":"ERROR","location":"[error:54] fyers_logger","message":{"API":"/history","Error":{"code":-300,"message":"Invalid symbol provided","s":"error"}},"timestamp":"2026-08-24 10:24:52,765+0530","service":"FyersAPI"}
{"level":"ERROR","location":"[error:54] fyers_logger","message":{"API":"/history","Error":{"code":-300,"message":"Invalid symbol provided","s":"error"}},"timestamp":"2026-08-24 10:25:01,152+0530","service":"FyersAPI"}
{"level":"ERROR","location":"[error:54] fyers_logger","message":{"API":"/history","Error":{"code":-300,"message":"Invalid symbol provided","s":"error"}},"timestamp":"2026-08-24 10:25:02,283+0530","service":"FyersAPI"}
{"level":"ERROR","location":"[error:54] fyers_logger","message":{"API":"/history","Error":{"code":429,"message":"request limit reached","s":"error"}},"timestamp":"2026-08-24 10:25:20,629+0530","service":"FyersAPI"}
{"level":"ERROR","location":"[error:54] fyers_logger","message":{"API":"/history","Error":{"code":429,"message":"request limit reached","s":"error"}},"timestamp":"2026-08-24 10:25:20,676+0530","service":"FyersAPI"}
{"level":"ERROR","location":"[error:54] fyers_logger","message":{"API":"/history","Error":{"code":429,"message":"request limit reached","s":"error"}},"timestamp":"2026-08-24 10:25:20,873+0530","service":"FyersAPI"}
{"level":"ERROR","location":"[error:54] fyers_logger","message":{"API":"/history","Error":{"code":429,"message":"request limit reached","s":"error"}},"timestamp":"2026-08-24 10:25:20,917+0530","service":"FyersAPI"}
{"level":"ERROR","location":"[error:54] fyers_logger","message":{"API":"/history","Error":{"code":429,"message":"request limit reached","s":"error"}},"timestamp":"2026-08-24 10:25:21,115+0530","service":"FyersAPI"}
{"level":"ERROR","location":"[error:54] fyers_logger","message":{"API":"/history","Error":{"code":429,"message":"request limit reached","s":"error"}},"timestamp":"2026-08-24 10:25:21,163+0530","service":"FyersAPI"}
{"level":"ERROR","location":"[error:54] fyers_logger","message":{"API":"/history","Error":{"code":429,"message":"request limit reached","s":"error"}},"timestamp":"2026-08-24 10:25:21,375+0530","service":"FyersAPI"}
{"level":"ERROR","location":"[error:54] fyers_logger","message":{"API":"/history","Error":{"code":429,"message":"request limit reached","s":"error"}},"timestamp":"2026-08-24 10:25:21,435+0530","service":"FyersAPI"}
{"level":"ERROR","location":"[error:54] fyers_logger","message":{"API":"/history","Error":{"code":429,"message":"request limit reached","s":"error"}},"timestamp":"2026-08-24 10:25:21,620+0530","service":"FyersAPI"}
{"level":"ERROR","location":"[error:54] fyers_logger","message":{"API":"/history","Error":{"code":429,"message":"request limit reached","s":"error"}},"timestamp":"2026-08-24 10:25:21,865+0530","service":"FyersAPI"}
{"level":"ERROR","location":"[error:54] fyers_logger","message":{"API":"/history","Error":{"code":429,"message":"request limit reached","s":"error"}},"timestamp":"2026-08-24 10:25:22,109+0530","service":"FyersAPI"}
{"level":"ERROR","location":"[error:54] fyers_logger","message":{"API":"/history","Error":{"code":429,"message":"request limit reached","s":"error"}},"timestamp":"2026-08-24 10:25:22,196+0530","service":"FyersAPI"}
{"level":"ERROR","location":"[error:54] fyers_logger","message":{"API":"/history","Error":{"code":429,"message":"request limit reached","s":"error"}},"timestamp":"2026-08-24 10:25:22,354+0530","service":"FyersAPI"}
{"level":"ERROR","location":"[error:54] fyers_logger","message":{"API":"/history","Error":{"code":429,"message":"request limit reached","s":"error"}},"timestamp":"2026-08-24 10:25:22,437+0530","service":"FyersAPI"}
{"level":"ERROR","location":"[error:54] fyers_logger","message":{"API":"/history","Error":{"code":429,"message":"request limit reached","s":"error"}},"timestamp":"2026-08-24 10:25:22,598+0530","service":"FyersAPI"}
{"level":"ERROR","location":"[error:54] fyers_logger","message":{"API":"/history","Error":{"code":429,"message":"request limit reached","s":"error"}},"timestamp":"2026-08-24 10:25:22,844+0530","service":"FyersAPI"}
{"level":"ERROR","location":"[error:54] fyers_logger","message":{"API":"/history","Error":{"code":429,"message":"request limit reached","s":"error"}},"timestamp":"2026-08-24 10:25:23,102+0530","service":"FyersAPI"}
{"level":"ERROR","location":"[error:54] fyers_logger","message":{"API":"/history","Error":{"code":429,"message":"request limit reached","s":"error"}},"timestamp":"2026-08-24 10:25:23,348+0530","service":"FyersAPI"}
{"level":"ERROR","location":"[error:54] fyers_logger","message":{"API":"/history","Error":{"code":429,"message":"request limit reached","s":"error"}},"timestamp":"2026-08-24 10:25:23,594+0530","service":"FyersAPI"}
{"level":"ERROR","location":"[error:54] fyers_logger","message":{"API":"/history","Error":{"code":429,"message":"request limit reached","s":"error"}},"timestamp":"2026-08-24 10:25:23,806+0530","service":"FyersAPI"}
{"level":"ERROR","location":"[error:54] fyers_logger","message":{"API":"/history","Error":{"code":429,"message":"request limit reached","s":"error"}},"timestamp":"2026-08-24 10:25:23,838+0530","service":"FyersAPI"}
{"level":"ERROR","location":"[error:54] fyers_logger","message":{"API":"/history","Error":{"code":429,"message":"request limit reached","s":"error"}},"timestamp":"2026-08-24 10:25:24,053+0530","service":"FyersAPI"}
{"level":"ERROR","location":"[error:54] fyers_logger","message":{"API":"/history","Error":{"code":429,"message":"request limit reached","s":"error"}},"timestamp":"2026-08-24 10:25:24,084+0530","service":"FyersAPI"}
{"level":"ERROR","location":"[error:54] fyers_logger","message":{"API":"/history","Error":{"code":429,"message":"request limit reached","s":"error"}},"timestamp":"2026-08-24 10:25:24,297+0530","service":"FyersAPI"}
{"level":"ERROR","location":"[error:54] fyers_logger","message":{"API":"/history","Error":{"code":429,"message":"request limit reached","s":"error"}},"timestamp":"2026-08-24 10:25:24,327+0530","service":"FyersAPI"}
{"level":"ERROR","location":"[error:54] fyers_logger","message":{"API":"/history","Error":{"code":429,"message":"request limit reached","s":"error"}},"timestamp":"2026-08-24 10:25:24,540+0530","service":"FyersAPI"}
{"level":"ERROR","location":"[error:54] fyers_logger","message":{"API":"/history","Error":{"code":429,"message":"request limit reached","s":"error"}},"timestamp":"2026-08-24 10:25:24,574+0530","service":"FyersAPI"}
{"level":"ERROR","location":"[error:54] fyers_logger","message":{"API":"/history","Error":{"code":429,"message":"request limit reached","s":"error"}},"timestamp":"2026-08-24 10:25:24,821+0530","service":"FyersAPI"}
{"level":"ERROR","location":"[error:54] fyers_logger","message":{"API":"/history","Error":{"code":429,"message":"request limit reached","s":"error"}},"timestamp":"2026-08-24 10:25:25,068+0530","service":"FyersAPI"}
{"level":"ERROR","location":"[error:54] fyers_logger","message":{"API":"/history","Error":{"code":429,"message":"request limit reached","s":"error"}},"timestamp":"2026-08-24 10:25:25,311+0530","service":"FyersAPI"}
{"level":"ERROR","location":"[error:54] fyers_logger","message":{"API":"/history","Error":{"code":429,"message":"request limit reached","s":"error"}},"timestamp":"2026-08-24 10:25:25,576+0530","service":"FyersAPI"}
{"level":"ERROR","location":"[error:54] fyers_logger","message":{"API":"/history","Error":{"code":429,"message":"request limit reached","s":"error"}},"timestamp":"2026-08-24 10:25:25,829+0530","service":"FyersAPI"}
{"level":"ERROR","location":"[error:54] fyers_logger","message":{"API":"/history","Error":{"code":429,"message":"request limit reached","s":"error"}},"timestamp":"2026-08-24 10:25:26,075+0530","service":"FyersAPI"}
{"level":"ERROR","location":"[error:54] fyers_logger","message":{"API":"/history","Error":{"code":429,"message":"request limit reached","s":"error"}},"timestamp":"2026-08-24 10:25:26,326+0530","service":"FyersAPI"}
{"level":"ERROR","location":"[error:54] fyers_logger","message":{"API":"/history","Error":{"code":429,"message":"request limit reached","s":"error"}},"timestamp":"2026-08-24 10:25:26,582+0530","service":"FyersAPI"}
{"level":"ERROR","location":"[error:54] fyers_logger","message":{"API":"/history","Error":{"code":429,"message":"request limit reached","s":"error"}},"timestamp":"2026-08-24 10:25:26,827+0530","service":"FyersAPI"}
{"level":"ERROR","location":"[error:54] fyers_logger","message":{"API":"/history","Error":{"code":429,"message":"request limit reached","s":"error"}},"timestamp":"2026-08-24 10:25:27,070+0530","service":"FyersAPI"}
{"level":"ERROR","location":"[error:54] fyers_logger","message":{"API":"/history","Error":{"code":429,"message":"request limit reached","s":"error"}},"timestamp":"2026-08-24 10:25:27,314+0530","service":"FyersAPI"}
{"level":"ERROR","location":"[error:54] fyers_logger","message":{"API":"/history","Error":{"code":429,"message":"request limit reached","s":"error"}},"timestamp":"2026-08-24 10:25:27,561+0530","service":"FyersAPI"}
{"level":"ERROR","location":"[error:54] fyers_logger","message":{"API":"/history","Error":{"code":429,"message":"request limit reached","s":"error"}},"timestamp":"2026-08-24 10:25:27,813+0530","service":"FyersAPI"}
{"level":"ERROR","location":"[error:54] fyers_logger","message":{"API":"/history","Error":{"code":429,"message":"request limit reached","s":"error"}},"timestamp":"2026-08-24 10:25:28,060+0530","service":"FyersAPI"}
{"level":"ERROR","location":"[error:54] fyers_logger","message":{"API":"/history","Error":{"code":429,"message":"request limit reached","s":"error"}},"timestamp":"2026-08-24 10:25:28,317+0530","service":"FyersAPI"}
{"level":"ERROR","location":"[error:54] fyers_logger","message":{"API":"/history","Error":{"code":429,"message":"request limit reached","s":"error"}},"timestamp":"2026-08-24 10:25:28,565+0530","service":"FyersAPI"}
{"level":"ERROR","location":"[error:54] fyers_logger","message":{"API":"/history","Error":{"code":429,"message":"request limit reached","s":"error"}},"timestamp":"2026-08-24 10:25:28,815+0530","service":"FyersAPI"}
{"level":"ERROR","location":"[error:54] fyers_logger","message":{"API":"/history","Error":{"code":429,"message":"request limit reached","s":"error"}},"timestamp":"2026-08-24 10:25:29,065+0530","service":"FyersAPI"}
{"level":"ERROR","location":"[error:54] fyers_logger","message":{"API":"/history","Error":{"code":429,"message":"request limit reached","s":"error"}},"timestamp":"2026-08-24 10:25:29,313+0530","service":"FyersAPI"}
{"level":"ERROR","location":"[error:54] fyers_logger","message":{"API":"/history","Error":{"code":429,"message":"request limit reached","s":"error"}},"timestamp":"2026-08-24 10:25:29,347+0530","service":"FyersAPI"}
{"level":"ERROR","location":"[error:54] fyers_logger","message":{"API":"/history","Error":{"code":429,"message":"request limit reached","s":"error"}},"timestamp":"2026-08-24 10:25:29,559+0530","service":"FyersAPI"}
{"level":"ERROR","location":"[error:54] fyers_logger","message":{"API":"/history","Error":{"code":429,"message":"request limit reached","s":"error"}},"timestamp":"2026-08-24 10:25:29,610+0530","service":"FyersAPI"}
{"level":"ERROR","location":"[error:54] fyers_logger","message":{"API":"/history","Error":{"code":429,"message":"request limit reached","s":"error"}},"timestamp":"2026-08-24 10:25:29,806+0530","service":"FyersAPI"}
{"level":"ERROR","location":"[error:54] fyers_logger","message":{"API":"/history","Error":{"code":429,"message":"request limit reached","s":"error"}},"timestamp":"2026-08-24 10:25:29,868+0530","service":"FyersAPI"}
{"level":"ERROR","location":"[error:54] fyers_logger","message":{"API":"/history","Error":{"code":429,"message":"request limit reached","s":"error"}},"timestamp":"2026-08-24 10:25:30,050+0530","service":"FyersAPI"}
{"level":"ERROR","location":"[error:54] fyers_logger","message":{"API":"/history","Error":{"code":429,"message":"request limit reached","s":"error"}},"timestamp":"2026-08-24 10:25:30,115+0530","service":"FyersAPI"}
{"level":"ERROR","location":"[error:54] fyers_logger","message":{"API":"/history","Error":{"code":429,"message":"request limit reached","s":"error"}},"timestamp":"2026-08-24 10:25:30,295+0530","service":"FyersAPI"}
{"level":"ERROR","location":"[error:54] fyers_logger","message":{"API":"/history","Error":{"code":429,"message":"request limit reached","s":"error"}},"timestamp":"2026-08-24 10:25:30,361+0530","service":"FyersAPI"}
{"level":"ERROR","location":"[error:54] fyers_logger","message":{"API":"/history","Error":{"code":429,"message":"request limit reached","s":"error"}},"timestamp":"2026-08-24 10:25:30,537+0530","service":"FyersAPI"}
{"level":"ERROR","location":"[error:54] fyers_logger","message":{"API":"/history","Error":{"code":429,"message":"request limit reached","s":"error"}},"timestamp":"2026-08-24 10:25:30,607+0530","service":"FyersAPI"}
{"level":"ERROR","location":"[error:54] fyers_logger","message":{"API":"/history","Error":{"code":429,"message":"request limit reached","s":"error"}},"timestamp":"2026-08-24 10:25:30,789+0530","service":"FyersAPI"}
{"level":"ERROR","location":"[error:54] fyers_logger","message":{"API":"/history","Error":{"code":429,"message":"request limit reached","s":"error"}},"timestamp":"2026-08-24 10:25:31,034+0530","service":"FyersAPI"}
{"level":"ERROR","location":"[error:54] fyers_logger","message":{"API":"/history","Error":{"code":429,"message":"request limit reached","s":"error"}},"timestamp":"2026-08-24 10:25:31,070+0530","service":"FyersAPI"}
{"level":"ERROR","location":"[error:54] fyers_logger","message":{"API":"/history","Error":{"code":429,"message":"request limit reached","s":"error"}},"timestamp":"2026-08-24 10:25:31,283+0530","service":"FyersAPI"}
{"level":"ERROR","location":"[error:54] fyers_logger","message":{"API":"/history","Error":{"code":429,"message":"request limit reached","s":"error"}},"timestamp":"2026-08-24 10:25:31,531+0530","service":"FyersAPI"}
{"level":"ERROR","location":"[error:54] fyers_logger","message":{"API":"/history","Error":{"code":429,"message":"request limit reached","s":"error"}},"timestamp":"2026-08-24 10:25:31,775+0530","service":"FyersAPI"}
{"level":"ERROR","location":"[error:54] fyers_logger","message":{"API":"/history","Error":{"code":429,"message":"request limit reached","s":"error"}},"timestamp":"2026-08-24 10:25:32,019+0530","service":"FyersAPI"}
{"level":"ERROR","location":"[error:54] fyers_logger","message":{"API":"/history","Error":{"code":429,"message":"request limit reached","s":"error"}},"timestamp":"2026-08-24 10:25:32,452+0530","service":"FyersAPI"}
{"level":"ERROR","location":"[error:54] fyers_logger","message":{"API":"/history","error":"HTTPSConnectionPool(host='api-t1.fyers.in', port=443): Read timed out. (read timeout=None)"},"timestamp":"2026-08-24 10:26:10,037+0530","service":"FyersAPI"}
{"level":"ERROR","location":"[error:54] fyers_logger","message":{"API":"/history","Error":{"code":-300,"message":"Invalid symbol provided","s":"error"}},"timestamp":"2026-08-24 10:26:13,777+0530","service":"FyersAPI"}
{"level":"ERROR","location":"[error:54] fyers_logger","message":{"API":"/history","error":"HTTPSConnectionPool(host='api-t1.fyers.in', port=443): Read timed out. (read timeout=None)"},"timestamp":"2026-08-24 10:27:16,118+0530","service":"FyersAPI"}
{"level":"ERROR","location":"[error:54] fyers_logger","message":{"API":"/history","Error":{"code":-300,"message":"Invalid symbol provided","s":"error"}},"timestamp":"2026-08-24 10:28:03,664+0530","service":"FyersAPI"}
{"level":"ERROR","location":"[error:54] fyers_logger","message":{"API":"/history","Error":{"code":-300,"message":"Invalid symbol provided","s":"error"}},"timestamp":"2026-08-24 11:21:37,269+0530","service":"FyersAPI"}
{"level":"ERROR","location":"[error:54] fyers_logger","message":{"API":"/history","Error":{"code":-300,"message":"Invalid symbol provided","s":"error"}},"timestamp":"2026-08-24 11:21:38,365+0530","service":"FyersAPI"}
{"level":"ERROR","location":"[error:54] fyers_logger","message":{"API":"/history","Error":{"code":-300,"message":"Invalid symbol provided","s":"error"}},"timestamp":"2026-08-24 11:21:55,611+0530","service":"FyersAPI"}
{"level":"ERROR","location":"[error:54] fyers_logger","message":{"API":"/history","Error":{"code":-300,"message":"Invalid symbol provided","s":"error"}},"timestamp":"2026-08-24 11:22:32,846+0530","service":"FyersAPI"}
{"level":"ERROR","location":"[error:54] fyers_logger","message":{"API":"/quotes","error":"HTTPSConnectionPool(host='api-t1.fyers.in', port=443): Read timed out. (read timeout=None)"},"timestamp":"2026-08-24 11:25:54,743+0530","service":"FyersAPI"}
{"level":"ERROR","location":"[error:54] fyers_logger","message":{"API":"/history","Error":{"code":-300,"message":"Invalid symbol provided","s":"error"}},"timestamp":"2026-08-24 11:53:34,017+0530","service":"FyersAPI"}
{"level":"ERROR","location":"[error:54] fyers_logger","message":{"API":"/history","Error":{"code":-300,"message":"Invalid symbol provided","s":"error"}},"timestamp":"2026-08-24 11:53:36,008+0530","service":"FyersAPI"}
{"level":"ERROR","location":"[error:54] fyers_logger","message":{"API":"/history","Error":{"code":-300,"message":"Invalid symbol provided","s":"error"}},"timestamp":"2026-08-24 11:54:18,633+0530","service":"FyersAPI"}
{"level":"ERROR","location":"[error:54] fyers_logger","message":{"API":"/history","error":"HTTPSConnectionPool(host='api-t1.fyers.in', port=443): Read timed out. (read timeout=None)"},"timestamp":"2026-08-24 11:55:06,963+0530","service":"FyersAPI"}
{"level":"ERROR","location":"[error:54] fyers_logger","message":{"API":"/history","Error":{"code":-300,"message":"Invalid symbol provided","s":"error"}},"timestamp":"2026-08-24 11:55:35,685+0530","service":"FyersAPI"}
{"level":"ERROR","location":"[error:54] fyers_logger","message":{"API":"/history","Error":{"code":-300,"message":"Invalid symbol provided","s":"error"}},"timestamp":"2026-08-24 12:26:47,781+0530","service":"FyersAPI"}
{"level":"ERROR","location":"[error:54] fyers_logger","message":{"API":"/history","Error":{"code":-300,"message":"Invalid symbol provided","s":"error"}},"timestamp":"2026-08-24 12:26:48,808+0530","service":"FyersAPI"}
{"level":"ERROR","location":"[error:54] fyers_logger","message":{"API":"/history","Error":{"code":-300,"message":"Invalid symbol provided","s":"error"}},"timestamp":"2026-08-24 12:27:07,360+0530","service":"FyersAPI"}
{"level":"ERROR","location":"[error:54] fyers_logger","message":{"API":"/history","Error":{"code":429,"message":"request limit reached","s":"error"}},"timestamp":"2026-08-24 12:27:43,107+0530","service":"FyersAPI"}
{"level":"ERROR","location":"[error:54] fyers_logger","message":{"API":"/history","Error":{"code":429,"message":"request limit reached","s":"error"}},"timestamp":"2026-08-24 12:27:43,349+0530","service":"FyersAPI"}
{"level":"ERROR","location":"[error:54] fyers_logger","message":{"API":"/history","Error":{"code":429,"message":"request limit reached","s":"error"}},"timestamp":"2026-08-24 12:27:43,595+0530","service":"FyersAPI"}
{"level":"ERROR","location":"[error:54] fyers_logger","message":{"API":"/history","Error":{"code":429,"message":"request limit reached","s":"error"}},"timestamp":"2026-08-24 12:27:43,837+0530","service":"FyersAPI"}
{"level":"ERROR","location":"[error:54] fyers_logger","message":{"API":"/history","Error":{"code":429,"message":"request limit reached","s":"error"}},"timestamp":"2026-08-24 12:27:44,083+0530","service":"FyersAPI"}
{"level":"ERROR","location":"[error:54] fyers_logger","message":{"API":"/history","Error":{"code":429,"message":"request limit reached","s":"error"}},"timestamp":"2026-08-24 12:27:44,326+0530","service":"FyersAPI"}
{"level":"ERROR","location":"[error:54] fyers_logger","message":{"API":"/history","Error":{"code":429,"message":"request limit reached","s":"error"}},"timestamp":"2026-08-24 12:27:44,567+0530","service":"FyersAPI"}
{"level":"ERROR","location":"[error:54] fyers_logger","message":{"API":"/history","Error":{"code":429,"message":"request limit reached","s":"error"}},"timestamp":"2026-08-24 12:27:44,814+0530","service":"FyersAPI"}
{"level":"ERROR","location":"[error:54] fyers_logger","message":{"API":"/history","Error":{"code":429,"message":"request limit reached","s":"error"}},"timestamp":"2026-08-24 12:27:45,061+0530","service":"FyersAPI"}
{"level":"ERROR","location":"[error:54] fyers_logger","message":{"API":"/history","Error":{"code":429,"message":"request limit reached","s":"error"}},"timestamp":"2026-08-24 12:27:45,308+0530","service":"FyersAPI"}
{"level":"ERROR","location":"[error:54] fyers_logger","message":{"API":"/history","Error":{"code":429,"message":"request limit reached","s":"error"}},"timestamp":"2026-08-24 12:27:45,551+0530","service":"FyersAPI"}
{"level":"ERROR","location":"[error:54] fyers_logger","message":{"API":"/history","Error":{"code":429,"message":"request limit reached","s":"error"}},"timestamp":"2026-08-24 12:27:45,805+0530","service":"FyersAPI"}
{"level":"ERROR","location":"[error:54] fyers_logger","message":{"API":"/history","Error":{"code":429,"message":"request limit reached","s":"error"}},"timestamp":"2026-08-24 12:27:46,071+0530","service":"FyersAPI"}
{"level":"ERROR","location":"[error:54] fyers_logger","message":{"API":"/history","Error":{"code":429,"message":"request limit reached","s":"error"}},"timestamp":"2026-08-24 12:27:46,363+0530","service":"FyersAPI"}
{"level":"ERROR","location":"[error:54] fyers_logger","message":{"API":"/history","Error":{"code":429,"message":"request limit reached","s":"error"}},"timestamp":"2026-08-24 12:27:46,671+0530","service":"FyersAPI"}
{"level":"ERROR","location":"[error:54] fyers_logger","message":{"API":"/history","Error":{"code":429,"message":"request limit reached","s":"error"}},"timestamp":"2026-08-24 12:27:46,931+0530","service":"FyersAPI"}
{"level":"ERROR","location":"[error:54] fyers_logger","message":{"API":"/history","Error":{"code":429,"message":"request limit reached","s":"error"}},"timestamp":"2026-08-24 12:27:47,178+0530","service":"FyersAPI"}
{"level":"ERROR","location":"[error:54] fyers_logger","message":{"API":"/history","Error":{"code":-300,"message":"Invalid symbol provided","s":"error"}},"timestamp":"2026-08-24 12:31:38,657+0530","service":"FyersAPI"}
{"level":"ERROR","location":"[error:54] fyers_logger","message":{"API":"/history","Error":{"code":-300,"message":"Invalid symbol provided","s":"error"}},"timestamp":"2026-08-24 12:31:40,391+0530","service":"FyersAPI"}
{"level":"ERROR","location":"[error:54] fyers_logger","message":{"API":"/history","Error":{"code":-300,"message":"Invalid symbol provided","s":"error"}},"timestamp":"2026-08-24 12:32:17,453+0530","service":"FyersAPI"}
{"level":"ERROR","location":"[error:54] fyers_logger","message":{"API":"/history","error":"HTTPSConnectionPool(host='api-t1.fyers.in', port=443): Read timed out. (read timeout=None)"},"timestamp":"2026-08-24 12:33:30,544+0530","service":"FyersAPI"}
{"level":"ERROR","location":"[error:54] fyers_logger","message":{"API":"/history","Error":{"code":-300,"message":"Invalid symbol provided","s":"error"}},"timestamp":"2026-08-24 12:33:48,561+0530","service":"FyersAPI"}
{"level":"ERROR","location":"[error:54] fyers_logger","message":{"API":"/history","Error":{"code":-300,"message":"Invalid symbol provided","s":"error"}},"timestamp":"2026-08-24 12:57:30,209+0530","service":"FyersAPI"}
{"level":"ERROR","location":"[error:54] fyers_logger","message":{"API":"/history","Error":{"code":-300,"message":"Invalid symbol provided","s":"error"}},"timestamp":"2026-08-24 12:57:31,229+0530","service":"FyersAPI"}
{"level":"ERROR","location":"[error:54] fyers_logger","message":{"API":"/history","Error":{"code":-300,"message":"Invalid symbol provided","s":"error"}},"timestamp":"2026-08-24 12:57:48,819+0530","service":"FyersAPI"}
{"level":"ERROR","location":"[error:54] fyers_logger","message":{"API":"/history","Error":{"code":429,"message":"request limit reached","s":"error"}},"timestamp":"2026-08-24 12:58:20,994+0530","service":"FyersAPI"}
{"level":"ERROR","location":"[error:54] fyers_logger","message":{"API":"/history","Error":{"code":429,"message":"request limit reached","s":"error"}},"timestamp":"2026-08-24 12:58:21,236+0530","service":"FyersAPI"}
{"level":"ERROR","location":"[error:54] fyers_logger","message":{"API":"/history","Error":{"code":429,"message":"request limit reached","s":"error"}},"timestamp":"2026-08-24 12:58:21,477+0530","service":"FyersAPI"}
{"level":"ERROR","location":"[error:54] fyers_logger","message":{"API":"/history","Error":{"code":429,"message":"request limit reached","s":"error"}},"timestamp":"2026-08-24 12:58:21,722+0530","service":"FyersAPI"}
{"level":"ERROR","location":"[error:54] fyers_logger","message":{"API":"/history","Error":{"code":429,"message":"request limit reached","s":"error"}},"timestamp":"2026-08-24 12:58:21,969+0530","service":"FyersAPI"}
{"level":"ERROR","location":"[error:54] fyers_logger","message":{"API":"/history","Error":{"code":429,"message":"request limit reached","s":"error"}},"timestamp":"2026-08-24 12:58:22,219+0530","service":"FyersAPI"}
{"level":"ERROR","location":"[error:54] fyers_logger","message":{"API":"/history","Error":{"code":429,"message":"request limit reached","s":"error"}},"timestamp":"2026-08-24 12:58:22,462+0530","service":"FyersAPI"}
{"level":"ERROR","location":"[error:54] fyers_logger","message":{"API":"/history","Error":{"code":429,"message":"request limit reached","s":"error"}},"timestamp":"2026-08-24 12:58:22,712+0530","service":"FyersAPI"}
{"level":"ERROR","location":"[error:54] fyers_logger","message":{"API":"/history","Error":{"code":429,"message":"request limit reached","s":"error"}},"timestamp":"2026-08-24 12:58:22,960+0530","service":"FyersAPI"}
{"level":"ERROR","location":"[error:54] fyers_logger","message":{"API":"/history","Error":{"code":429,"message":"request limit reached","s":"error"}},"timestamp":"2026-08-24 12:58:23,207+0530","service":"FyersAPI"}
{"level":"ERROR","location":"[error:54] fyers_logger","message":{"API":"/history","Error":{"code":429,"message":"request limit reached","s":"error"}},"timestamp":"2026-08-24 12:58:23,454+0530","service":"FyersAPI"}
{"level":"ERROR","location":"[error:54] fyers_logger","message":{"API":"/history","Error":{"code":429,"message":"request limit reached","s":"error"}},"timestamp":"2026-08-24 12:58:23,698+0530","service":"FyersAPI"}
{"level":"ERROR","location":"[error:54] fyers_logger","message":{"API":"/history","Error":{"code":429,"message":"request limit reached","s":"error"}},"timestamp":"2026-08-24 12:58:23,950+0530","service":"FyersAPI"}
{"level":"ERROR","location":"[error:54] fyers_logger","message":{"API":"/history","Error":{"code":429,"message":"request limit reached","s":"error"}},"timestamp":"2026-08-24 12:58:24,199+0530","service":"FyersAPI"}
{"level":"ERROR","location":"[error:54] fyers_logger","message":{"API":"/history","Error":{"code":429,"message":"request limit reached","s":"error"}},"timestamp":"2026-08-24 12:58:24,443+0530","service":"FyersAPI"}
{"level":"ERROR","location":"[error:54] fyers_logger","message":{"API":"/history","Error":{"code":429,"message":"request limit reached","s":"error"}},"timestamp":"2026-08-24 12:58:24,691+0530","service":"FyersAPI"}
{"level":"ERROR","location":"[error:54] fyers_logger","message":{"API":"/history","Error":{"code":429,"message":"request limit reached","s":"error"}},"timestamp":"2026-08-24 12:58:24,935+0530","service":"FyersAPI"}
{"level":"ERROR","location":"[error:54] fyers_logger","message":{"API":"/history","Error":{"code":429,"message":"request limit reached","s":"error"}},"timestamp":"2026-08-24 12:58:25,180+0530","service":"FyersAPI"}
{"level":"ERROR","location":"[error:54] fyers_logger","message":{"API":"/history","Error":{"code":429,"message":"request limit reached","s":"error"}},"timestamp":"2026-08-24 12:58:25,427+0530","service":"FyersAPI"}
{"level":"ERROR","location":"[error:54] fyers_logger","message":{"API":"/history","Error":{"code":429,"message":"request limit reached","s":"error"}},"timestamp":"2026-08-24 12:58:25,668+0530","service":"FyersAPI"}
{"level":"ERROR","location":"[error:54] fyers_logger","message":{"API":"/history","Error":{"code":429,"message":"request limit reached","s":"error"}},"timestamp":"2026-08-24 12:58:25,913+0530","service":"FyersAPI"}
{"level":"ERROR","location":"[error:54] fyers_logger","message":{"API":"/history","Error":{"code":429,"message":"request limit reached","s":"error"}},"timestamp":"2026-08-24 12:58:26,164+0530","service":"FyersAPI"}
{"level":"ERROR","location":"[error:54] fyers_logger","message":{"API":"/history","Error":{"code":429,"message":"request limit reached","s":"error"}},"timestamp":"2026-08-24 12:58:26,417+0530","service":"FyersAPI"}
{"level":"ERROR","location":"[error:54] fyers_logger","message":{"API":"/history","Error":{"code":429,"message":"request limit reached","s":"error"}},"timestamp":"2026-08-24 12:58:26,659+0530","service":"FyersAPI"}
{"level":"ERROR","location":"[error:54] fyers_logger","message":{"API":"/history","Error":{"code":429,"message":"request limit reached","s":"error"}},"timestamp":"2026-08-24 12:58:26,902+0530","service":"FyersAPI"}
{"level":"ERROR","location":"[error:54] fyers_logger","message":{"API":"/history","Error":{"code":429,"message":"request limit reached","s":"error"}},"timestamp":"2026-08-24 12:58:27,143+0530","service":"FyersAPI"}
{"level":"ERROR","location":"[error:54] fyers_logger","message":{"API":"/history","Error":{"code":429,"message":"request limit reached","s":"error"}},"timestamp":"2026-08-24 12:58:27,410+0530","service":"FyersAPI"}
{"level":"ERROR","location":"[error:54] fyers_logger","message":{"API":"/history","Error":{"code":-300,"message":"Invalid symbol provided","s":"error"}},"timestamp":"2026-08-24 13:47:00,260+0530","service":"FyersAPI"}
{"level":"ERROR","location":"[error:54] fyers_logger","message":{"API":"/history","Error":{"code":-300,"message":"Invalid symbol provided","s":"error"}},"timestamp":"2026-08-24 13:47:01,369+0530","service":"FyersAPI"}
{"level":"ERROR","location":"[error:54] fyers_logger","message":{"API":"/history","Error":{"code":-300,"message":"Invalid symbol provided","s":"error"}},"timestamp":"2026-08-24 13:47:20,405+0530","service":"FyersAPI"}
{"level":"ERROR","location":"[error:54] fyers_logger","message":{"API":"/history","Error":{"code":-300,"message":"Invalid symbol provided","s":"error"}},"timestamp":"2026-08-24 13:48:00,750+0530","service":"FyersAPI"}
{"level":"ERROR","location":"[error:54] fyers_logger","message":{"API":"/quotes","error":"HTTPSConnectionPool(host='api-t1.fyers.in', port=443): Read timed out. (read timeout=None)"},"timestamp":"2026-08-24 14:04:42,987+0530","service":"FyersAPI"}
{"level":"ERROR","location":"[error:54] fyers_logger","message":{"API":"/history","Error":{"code":-300,"message":"Invalid symbol provided","s":"error"}},"timestamp":"2026-08-24 14:23:13,415+0530","service":"FyersAPI"}
{"level":"ERROR","location":"[error:54] fyers_logger","message":{"API":"/history","Error":{"code":-300,"message":"Invalid symbol provided","s":"error"}},"timestamp":"2026-08-24 14:23:13,916+0530","service":"FyersAPI"}
{"level":"ERROR","location":"[error:54] fyers_logger","message":{"API":"/history","Error":{"code":-300,"message":"Invalid symbol provided","s":"error"}},"timestamp":"2026-08-24 14:30:56,362+0530","service":"FyersAPI"}
{"level":"ERROR","location":"[error:54] fyers_logger","message":{"API":"/history","Error":{"code":-300,"message":"Invalid symbol provided","s":"error"}},"timestamp":"2026-08-24 14:30:56,631+0530","service":"FyersAPI"}
{"level":"ERROR","location":"[error:54] fyers_logger","message":{"API":"/history","Error":{"code":-300,"message":"Invalid symbol provided","s":"error"}},"timestamp":"2026-08-24 14:33:31,728+0530","service":"FyersAPI"}
{"level":"ERROR","location":"[error:54] fyers_logger","message":{"API":"/history","Error":{"code":-300,"message":"Invalid symbol provided","s":"error"}},"timestamp":"2026-08-24 14:33:32,032+0530","service":"FyersAPI"}
{"level":"ERROR","location":"[error:54] fyers_logger","message":{"API":"/history","Error":{"code":-300,"message":"Invalid symbol provided","s":"error"}},"timestamp":"2026-08-24 14:34:09,579+0530","service":"FyersAPI"}
{"level":"ERROR","location":"[error:54] fyers_logger","message":{"API":"/history","Error":{"code":-300,"message":"Invalid symbol provided","s":"error"}},"timestamp":"2026-08-24 14:34:09,871+0530","service":"FyersAPI"}
{"level":"ERROR","location":"[error:54] fyers_logger","message":{"API":"/history","Error":{"code":-300,"message":"Invalid symbol provided","s":"error"}},"timestamp":"2026-08-24 14:35:29,449+0530","service":"FyersAPI"}
{"level":"ERROR","location":"[error:54] fyers_logger","message":{"API":"/history","Error":{"code":-300,"message":"Invalid symbol provided","s":"error"}},"timestamp":"2026-08-24 14:35:29,688+0530","service":"FyersAPI"}
{"level":"ERROR","location":"[error:54] fyers_logger","message":{"API":"/history","Error":{"code":-300,"message":"Invalid symbol provided","s":"error"}},"timestamp":"2026-08-24 14:36:23,000+0530","service":"FyersAPI"}
{"level":"ERROR","location":"[error:54] fyers_logger","message":{"API":"/history","Error":{"code":-300,"message":"Invalid symbol provided","s":"error"}},"timestamp":"2026-08-24 14:37:24,471+0530","service":"FyersAPI"}
{"level":"ERROR","location":"[error:54] fyers_logger","message":{"API":"/history","Error":{"code":-300,"message":"Invalid symbol provided","s":"error"}},"timestamp":"2026-08-24 14:37:25,051+0530","service":"FyersAPI"}
{"level":"ERROR","location":"[error:54] fyers_logger","message":{"API":"/history","Error":{"code":-300,"message":"Invalid symbol provided","s":"error"}},"timestamp":"2026-08-24 14:37:27,318+0530","service":"FyersAPI"}
{"level":"ERROR","location":"[error:54] fyers_logger","message":{"API":"/history","Error":{"code":-300,"message":"Invalid symbol provided","s":"error"}},"timestamp":"2026-08-24 14:37:27,625+0530","service":"FyersAPI"}
{"level":"ERROR","location":"[error:54] fyers_logger","message":{"API":"/history","Error":{"code":429,"message":"request limit reached","s":"error"}},"timestamp":"2026-08-24 14:37:28,326+0530","service":"FyersAPI"}
{"level":"ERROR","location":"[error:54] fyers_logger","message":{"API":"/history","Error":{"code":429,"message":"request limit reached","s":"error"}},"timestamp":"2026-08-24 14:37:28,391+0530","service":"FyersAPI"}
{"level":"ERROR","location":"[error:54] fyers_logger","message":{"API":"/history","Error":{"code":429,"message":"request limit reached","s":"error"}},"timestamp":"2026-08-24 14:37:28,401+0530","service":"FyersAPI"}
{"level":"ERROR","location":"[error:54] fyers_logger","message":{"API":"/history","Error":{"code":429,"message":"request limit reached","s":"error"}},"timestamp":"2026-08-24 14:37:28,444+0530","service":"FyersAPI"}
{"level":"ERROR","location":"[error:54] fyers_logger","message":{"API":"/history","Error":{"code":429,"message":"request limit reached","s":"error"}},"timestamp":"2026-08-24 14:37:28,561+0530","service":"FyersAPI"}
{"level":"ERROR","location":"[error:54] fyers_logger","message":{"API":"/history","Error":{"code":429,"message":"request limit reached","s":"error"}},"timestamp":"2026-08-24 14:37:29,470+0530","service":"FyersAPI"}
{"level":"ERROR","location":"[error:54] fyers_logger","message":{"API":"/history","Error":{"code":429,"message":"request limit reached","s":"error"}},"timestamp":"2026-08-24 14:37:29,477+0530","service":"FyersAPI"}
{"level":"ERROR","location":"[error:54] fyers_logger","message":{"API":"/history","Error":{"code":429,"message":"request limit reached","s":"error"}},"timestamp":"2026-08-24 14:37:29,535+0530","service":"FyersAPI"}
{"level":"ERROR","location":"[error:54] fyers_logger","message":{"API":"/history","Error":{"code":429,"message":"request limit reached","s":"error"}},"timestamp":"2026-08-24 14:37:29,614+0530","service":"FyersAPI"}
{"level":"ERROR","location":"[error:54] fyers_logger","message":{"API":"/history","Error":{"code":-300,"message":"Invalid symbol provided","s":"error"}},"timestamp":"2026-08-24 14:41:31,667+0530","service":"FyersAPI"}
{"level":"ERROR","location":"[error:54] fyers_logger","message":{"API":"/history","Error":{"code":-300,"message":"Invalid symbol provided","s":"error"}},"timestamp":"2026-08-24 14:44:31,528+0530","service":"FyersAPI"}
{"level":"ERROR","location":"[error:54] fyers_logger","message":{"API":"/history","Error":{"code":-300,"message":"Invalid symbol provided","s":"error"}},"timestamp":"2026-08-24 14:51:06,489+0530","service":"FyersAPI"}
{"level":"ERROR","location":"[error:54] fyers_logger","message":{"API":"/history","Error":{"code":-300,"message":"Invalid symbol provided","s":"error"}},"timestamp":"2026-08-24 14:51:10,651+0530","service":"FyersAPI"}
{"level":"ERROR","location":"[error:54] fyers_logger","message":{"API":"/history","Error":{"code":-300,"message":"Invalid symbol provided","s":"error"}},"timestamp":"2026-08-24 14:51:10,974+0530","service":"FyersAPI"}
{"level":"ERROR","location":"[error:54] fyers_logger","message":{"API":"/history","Error":{"code":-300,"message":"Invalid symbol provided","s":"error"}},"timestamp":"2026-08-24 14:52:12,828+0530","service":"FyersAPI"}
{"level":"ERROR","location":"[error:54] fyers_logger","message":{"API":"/history","Error":{"code":-300,"message":"Invalid symbol provided","s":"error"}},"timestamp":"2026-08-24 14:55:12,037+0530","service":"FyersAPI"}
{"level":"ERROR","location":"[error:54] fyers_logger","message":{"API":"/history","Error":{"code":-300,"message":"Invalid symbol provided","s":"error"}},"timestamp":"2026-08-26 22:12:17,945+0530","service":"FyersAPI"}
{"level":"ERROR","location":"[error:54] fyers_logger","message":{"API":"/history","Error":{"code":-300,"message":"Invalid symbol provided","s":"error"}},"timestamp":"2026-08-26 22:12:18,202+0530","service":"FyersAPI"}
{"level":"ERROR","location":"[error:54] fyers_logger","message":{"API":"/history","Error":{"code":-300,"message":"Invalid symbol provided","s":"error"}},"timestamp":"2026-08-26 23:01:28,574+0530","service":"FyersAPI"}
{"level":"ERROR","location":"[error:54] fyers_logger","message":{"API":"/history","Error":{"code":-300,"message":"Invalid symbol provided","s":"error"}},"timestamp":"2026-08-26 23:01:28,968+0530","service":"FyersAPI"}
{"level":"ERROR","location":"[error:54] fyers_logger","message":{"API":"/history","Error":{"code":429,"message":"request limit reached","s":"error"}},"timestamp":"2026-08-26 23:12:42,269+0530","service":"FyersAPI"}
{"level":"ERROR","location":"[error:54] fyers_logger","message":{"API":"/history","Error":{"code":-300,"message":"Invalid symbol provided","s":"error"}},"timestamp":"2026-08-29 11:55:04,775+0530","service":"FyersAPI"}
{"level":"ERROR","location":"[error:54] fyers_logger","message":{"API":"/history","Error":{"code":-300,"message":"Invalid symbol provided","s":"error"}},"timestamp":"2026-08-29 11:55:06,618+0530","service":"FyersAPI"}
{"level":"ERROR","location":"[error:54] fyers_logger","message":{"API":"/history","Error":{"code":-300,"message":"Invalid symbol provided","s":"error"}},"timestamp":"2026-08-29 11:56:04,294+0530","service":"FyersAPI"}
{"level":"ERROR","location":"[error:54] fyers_logger","message":{"API":"/history","Error":{"code":-300,"message":"Invalid symbol provided","s":"error"}},"timestamp":"2026-08-29 11:56:07,154+0530","service":"FyersAPI"}
{"level":"ERROR","location":"[error:54] fyers_logger","message":{"API":"/history","Error":{"code":-300,"message":"Invalid symbol provided","s":"error"}},"timestamp":"2026-08-29 12:03:09,507+0530","service":"FyersAPI"}
{"level":"ERROR","location":"[error:54] fyers_logger","message":{"API":"/history","Error":{"code":-300,"message":"Invalid symbol provided","s":"error"}},"timestamp":"2026-08-29 12:03:10,985+0530","service":"FyersAPI"}
{"level":"ERROR","location":"[error:54] fyers_logger","message":{"API":"/history","Error":{"code":-300,"message":"Invalid symbol provided","s":"error"}},"timestamp":"2026-08-29 12:03:16,934+0530","service":"FyersAPI"}
{"level":"ERROR","location":"[error:54] fyers_logger","message":{"API":"/history","Error":{"code":-300,"message":"Invalid symbol provided","s":"error"}},"timestamp":"2026-08-29 12:03:19,098+0530","service":"FyersAPI"}
{"level":"ERROR","location":"[error:54] fyers_logger","message":{"API":"/history","Error":{"code":429,"message":"request limit reached","s":"error"}},"timestamp":"2026-08-29 12:08:12,680+0530","service":"FyersAPI"}
{"level":"ERROR","location":"[error:54] fyers_logger","message":{"API":"/history","Error":{"code":429,"message":"request limit reached","s":"error"}},"timestamp":"2026-08-29 12:08:12,943+0530","service":"FyersAPI"}
{"level":"ERROR","location":"[error:54] fyers_logger","message":{"API":"/history","Error":{"code":429,"message":"request limit reached","s":"error"}},"timestamp":"2026-08-29 12:08:13,872+0530","service":"FyersAPI"}
{"level":"ERROR","location":"[error:54] fyers_logger","message":{"API":"/history","Error":{"code":429,"message":"request limit reached","s":"error"}},"timestamp":"2026-08-29 12:08:13,987+0530","service":"FyersAPI"}
{"level":"ERROR","location":"[error:54] fyers_logger","message":{"API":"/history","Error":{"code":429,"message":"request limit reached","s":"error"}},"timestamp":"2026-08-29 12:09:12,222+0530","service":"FyersAPI"}
{"level":"ERROR","location":"[error:54] fyers_logger","message":{"API":"/history","Error":{"code":429,"message":"request limit reached","s":"error"}},"timestamp":"2026-08-29 12:09:12,273+0530","service":"FyersAPI"}
{"level":"ERROR","location":"[error:54] fyers_logger","message":{"API":"/history","Error":{"code":429,"message":"request limit reached","s":"error"}},"timestamp":"2026-08-29 12:09:12,510+0530","service":"FyersAPI"}
{"level":"ERROR","location":"[error:54] fyers_logger","message":{"API":"/history","Error":{"code":429,"message":"request limit reached","s":"error"}},"timestamp":"2026-08-29 12:09:12,725+0530","service":"FyersAPI"}
{"level":"ERROR","location":"[error:54] fyers_logger","message":{"API":"/history","Error":{"code":429,"message":"request limit reached","s":"error"}},"timestamp":"2026-08-29 12:09:12,947+0530","service":"FyersAPI"}
{"level":"ERROR","location":"[error:54] fyers_logger","message":{"API":"/history","Error":{"code":429,"message":"request limit reached","s":"error"}},"timestamp":"2026-08-29 12:09:18,712+0530","service":"FyersAPI"}
{"level":"ERROR","location":"[error:54] fyers_logger","message":{"API":"/history","Error":{"code":429,"message":"request limit reached","s":"error"}},"timestamp":"2026-08-29 12:09:19,436+0530","service":"FyersAPI"}
{"level":"ERROR","location":"[error:54] fyers_logger","message":{"API":"/history","Error":{"code":429,"message":"request limit reached","s":"error"}},"timestamp":"2026-08-29 12:09:19,443+0530","service":"FyersAPI"}
{"level":"ERROR","location":"[error:54] fyers_logger","message":{"API":"/history","Error":{"code":429,"message":"request limit reached","s":"error"}},"timestamp":"2026-08-29 12:09:19,502+0530","service":"FyersAPI"}
{"level":"ERROR","location":"[error:54] fyers_logger","message":{"API":"/history","Error":{"code":429,"message":"request limit reached","s":"error"}},"timestamp":"2026-08-29 12:09:19,742+0530","service":"FyersAPI"}
{"level":"ERROR","location":"[error:54] fyers_logger","message":{"API":"/history","Error":{"code":429,"message":"request limit reached","s":"error"}},"timestamp":"2026-08-29 12:09:19,743+0530","service":"FyersAPI"}
{"level":"ERROR","location":"[error:54] fyers_logger","message":{"API":"/history","Error":{"code":429,"message":"request limit reached","s":"error"}},"timestamp":"2026-08-29 12:09:19,743+0530","service":"FyersAPI"}
{"level":"ERROR","location":"[error:54] fyers_logger","message":{"API":"/history","Error":{"code":-300,"message":"Invalid symbol provided","s":"error"}},"timestamp":"2026-08-29 12:24:45,438+0530","service":"FyersAPI"}
{"level":"ERROR","location":"[error:54] fyers_logger","message":{"API":"/history","Error":{"code":-300,"message":"Invalid symbol provided","s":"error"}},"timestamp":"2026-08-29 12:24:48,405+0530","service":"FyersAPI"}
{"level":"ERROR","location":"[error:54] fyers_logger","message":{"API":"/history","Error":{"code":-300,"message":"Invalid symbol provided","s":"error"}},"timestamp":"2026-08-29 12:36:02,809+0530","service":"FyersAPI"}
{"level":"ERROR","location":"[error:54] fyers_logger","message":{"API":"/history","Error":{"code":-300,"message":"Invalid symbol provided","s":"error"}},"timestamp":"2026-08-29 12:36:09,391+0530","service":"FyersAPI"}
{"level":"ERROR","location":"[error:54] fyers_logger","message":{"API":"/history","Error":{"code":-300,"message":"Invalid symbol provided","s":"error"}},"timestamp":"2026-08-29 12:41:14,770+0530","service":"FyersAPI"}
{"level":"ERROR","location":"[error:54] fyers_logger","message":{"API":"/history","Error":{"code":-300,"message":"Invalid symbol provided","s":"error"}},"timestamp":"2026-08-29 12:41:16,202+0530","service":"FyersAPI"}
{"level":"ERROR","location":"[error:54] fyers_logger","message":{"API":"/options-chain-v3","Error":{"message":"request limit reached","code":429,"s":"error"}},"timestamp":"2026-08-29 12:43:31,765+0530","service":"FyersAPI"}
{"level":"ERROR","location":"[error:54] fyers_logger","message":{"API":"/options-chain-v3","Error":{"message":"request limit reached","code":429,"s":"error"}},"timestamp":"2026-08-29 12:43:32,032+0530","service":"FyersAPI"}
{"level":"ERROR","location":"[error:54] fyers_logger","message":{"API":"/history","Error":{"code":429,"message":"request limit reached","s":"error"}},"timestamp":"2026-08-29 12:43:32,032+0530","service":"FyersAPI"}
{"level":"ERROR","location":"[error:54] fyers_logger","message":{"API":"/history","Error":{"code":429,"message":"request limit reached","s":"error"}},"timestamp":"2026-08-29 12:44:37,324+0530","service":"FyersAPI"}
{"level":"ERROR","location":"[error:54] fyers_logger","message":{"API":"/history","Error":{"code":429,"message":"request limit reached","s":"error"}},"timestamp":"2026-08-29 12:45:34,281+0530","service":"FyersAPI"}
{"level":"ERROR","location":"[error:54] fyers_logger","message":{"API":"/history","Error":{"code":429,"message":"request limit reached","s":"error"}},"timestamp":"2026-08-29 12:45:34,329+0530","service":"FyersAPI"}
{"level":"ERROR","location":"[error:54] fyers_logger","message":{"API":"/history","Error":{"code":-300,"message":"Invalid symbol provided","s":"error"}},"timestamp":"2026-08-29 13:15:35,570+0530","service":"FyersAPI"}
{"level":"ERROR","location":"[error:54] fyers_logger","message":{"API":"/history","Error":{"code":-300,"message":"Invalid symbol provided","s":"error"}},"timestamp":"2026-08-29 13:15:36,271+0530","service":"FyersAPI"}
{"level":"ERROR","location":"[error:54] fyers_logger","message":{"API":"/quotes","Error":{"message":"request limit reached","code":429,"s":"error"}},"timestamp":"2026-08-29 14:09:37,791+0530","service":"FyersAPI"}
{"level":"ERROR","location":"[error:54] fyers_logger","message":{"API":"/history","Error":{"code":-300,"message":"Invalid symbol provided","s":"error"}},"timestamp":"2026-08-29 14:15:03,833+0530","service":"FyersAPI"}
{"level":"ERROR","location":"[error:54] fyers_logger","message":{"API":"/history","Error":{"code":-300,"message":"Invalid symbol provided","s":"error"}},"timestamp":"2026-08-29 14:15:04,691+0530","service":"FyersAPI"}
{"level":"ERROR","location":"[error:54] fyers_logger","message":{"API":"/history","Error":{"code":429,"message":"request limit reached","s":"error"}},"timestamp":"2026-08-29 14:16:03,733+0530","service":"FyersAPI"}
{"level":"ERROR","location":"[error:54] fyers_logger","message":{"API":"/history","Error":{"code":429,"message":"request limit reached","s":"error"}},"timestamp":"2026-08-29 14:16:03,768+0530","service":"FyersAPI"}
{"level":"ERROR","location":"[error:54] fyers_logger","message":{"API":"/history","Error":{"code":429,"message":"request limit reached","s":"error"}},"timestamp":"2026-08-29 14:16:03,807+0530","service":"FyersAPI"}
{"level":"ERROR","location":"[error:54] fyers_logger","message":{"API":"/options-chain-v3","Error":{"message":"request limit reached","code":429,"s":"error"}},"timestamp":"2026-08-29 14:16:03,822+0530","service":"FyersAPI"}
{"level":"ERROR","location":"[error:54] fyers_logger","message":{"API":"/history","Error":{"code":429,"message":"request limit reached","s":"error"}},"timestamp":"2026-08-29 14:16:03,846+0530","service":"FyersAPI"}
{"level":"ERROR","location":"[error:54] fyers_logger","message":{"API":"/options-chain-v3","Error":{"message":"request limit reached","code":429,"s":"error"}},"timestamp":"2026-08-29 14:16:04,221+0530","service":"FyersAPI"}
{"level":"ERROR","location":"[error:54] fyers_logger","message":{"API":"/options-chain-v3","Error":{"message":"request limit reached","code":429,"s":"error"}},"timestamp":"2026-08-29 14:16:04,262+0530","service":"FyersAPI"}
{"level":"ERROR","location":"[error:54] fyers_logger","message":{"API":"/history","Error":{"code":429,"message":"request limit reached","s":"error"}},"timestamp":"2026-08-29 14:16:04,602+0530","service":"FyersAPI"}
{"level":"ERROR","location":"[error:54] fyers_logger","message":{"API":"/history","Error":{"code":429,"message":"request limit reached","s":"error"}},"timestamp":"2026-08-29 14:16:04,684+0530","service":"FyersAPI"}
{"level":"ERROR","location":"[error:54] fyers_logger","message":{"API":"/history","Error":{"code":429,"message":"request limit reached","s":"error"}},"timestamp":"2026-08-29 14:16:04,734+0530","service":"FyersAPI"}
{"level":"ERROR","location":"[error:54] fyers_logger","message":{"API":"/history","Error":{"code":429,"message":"request limit reached","s":"error"}},"timestamp":"2026-08-29 14:16:04,791+0530","service":"FyersAPI"}
{"level":"ERROR","location":"[error:54] fyers_logger","message":{"API":"/options-chain-v3","Error":{"message":"request limit reached","code":429,"s":"error"}},"timestamp":"2026-08-29 14:16:04,821+0530","service":"FyersAPI"}
{"level":"ERROR","location":"[error:54] fyers_logger","message":{"API":"/history","Error":{"code":429,"message":"request limit reached","s":"error"}},"timestamp":"2026-08-29 14:16:04,852+0530","service":"FyersAPI"}
{"level":"ERROR","location":"[error:54] fyers_logger","message":{"API":"/quotes","Error":{"message":"request limit reached","code":429,"s":"error"}},"timestamp":"2026-08-29 14:17:03,905+0530","service":"FyersAPI"}
{"level":"ERROR","location":"[error:54] fyers_logger","message":{"API":"/history","Error":{"code":429,"message":"request limit reached","s":"error"}},"timestamp":"2026-08-29 14:17:03,935+0530","service":"FyersAPI"}
{"level":"ERROR","location":"[error:54] fyers_logger","message":{"API":"/options-chain-v3","Error":{"message":"request limit reached","code":429,"s":"error"}},"timestamp":"2026-08-29 14:17:03,935+0530","service":"FyersAPI"}
{"level":"ERROR","location":"[error:54] fyers_logger","message":{"API":"/options-chain-v3","Error":{"message":"request limit reached","code":429,"s":"error"}},"timestamp":"2026-08-29 14:17:03,983+0530","service":"FyersAPI"}
{"level":"ERROR","location":"[error:54] fyers_logger","message":{"API":"/quotes","Error":{"message":"request limit reached","code":429,"s":"error"}},"timestamp":"2026-08-29 14:17:03,986+0530","service":"FyersAPI"}
{"level":"ERROR","location":"[error:54] fyers_logger","message":{"API":"/history","Error":{"code":429,"message":"request limit reached","s":"error"}},"timestamp":"2026-08-29 14:17:04,036+0530","service":"FyersAPI"}
{"level":"ERROR","location":"[error:54] fyers_logger","message":{"API":"/options-chain-v3","Error":{"message":"request limit reached","code":429,"s":"error"}},"timestamp":"2026-08-29 14:17:04,040+0530","service":"FyersAPI"}
{"level":"ERROR","location":"[error:54] fyers_logger","message":{"API":"/options-chain-v3","Error":{"message":"request limit reached","code":429,"s":"error"}},"timestamp":"2026-08-29 14:17:04,083+0530","service":"FyersAPI"}
{"level":"ERROR","location":"[error:54] fyers_logger","message":{"API":"/options-chain-v3","Error":{"message":"request limit reached","code":429,"s":"error"}},"timestamp":"2026-08-29 14:17:04,138+0530","service":"FyersAPI"}
{"level":"ERROR","location":"[error:54] fyers_logger","message":{"API":"/options-chain-v3","Error":{"message":"request limit reached","code":429,"s":"error"}},"timestamp":"2026-08-29 14:17:04,189+0530","service":"FyersAPI"}
{"level":"ERROR","location":"[error:54] fyers_logger","message":{"API":"/history","Error":{"code":429,"message":"request limit reached","s":"error"}},"timestamp":"2026-08-29 14:17:05,062+0530","service":"FyersAPI"}
{"level":"ERROR","location":"[error:54] fyers_logger","message":{"API":"/history","Error":{"code":429,"message":"request limit reached","s":"error"}},"timestamp":"2026-08-29 14:17:05,111+0530","service":"FyersAPI"}
{"level":"ERROR","location":"[error:54] fyers_logger","message":{"API":"/options-chain-v3","Error":{"message":"request limit reached","code":429,"s":"error"}},"timestamp":"2026-08-29 14:17:35,816+0530","service":"FyersAPI"}
{"level":"ERROR","location":"[error:54] fyers_logger","message":{"API":"/history","Error":{"code":429,"message":"request limit reached","s":"error"}},"timestamp":"2026-08-29 14:17:35,839+0530","service":"FyersAPI"}
{"level":"ERROR","location":"[error:54] fyers_logger","message":{"API":"/options-chain-v3","Error":{"message":"request limit reached","code":429,"s":"error"}},"timestamp":"2026-08-29 14:17:35,886+0530","service":"FyersAPI"}
{"level":"ERROR","location":"[error:54] fyers_logger","message":{"API":"/history","Error":{"code":429,"message":"request limit reached","s":"error"}},"timestamp":"2026-08-29 14:17:35,889+0530","service":"FyersAPI"}
{"level":"ERROR","location":"[error:54] fyers_logger","message":{"API":"/history","Error":{"code":429,"message":"request limit reached","s":"error"}},"timestamp":"2026-08-29 14:17:35,941+0530","service":"FyersAPI"}
{"level":"ERROR","location":"[error:54] fyers_logger","message":{"API":"/history","Error":{"code":429,"message":"request limit reached","s":"error"}},"timestamp":"2026-08-29 14:17:35,990+0530","service":"FyersAPI"}
{"level":"ERROR","location":"[error:54] fyers_logger","message":{"API":"/quotes","Error":{"message":"request limit reached","code":429,"s":"error"}},"timestamp":"2026-08-29 14:17:36,020+0530","service":"FyersAPI"}
{"level":"ERROR","location":"[error:54] fyers_logger","message":{"API":"/history","Error":{"code":429,"message":"request limit reached","s":"error"}},"timestamp":"2026-08-29 14:17:36,042+0530","service":"FyersAPI"}
{"level":"ERROR","location":"[error:54] fyers_logger","message":{"API":"/options-chain-v3","Error":{"message":"request limit reached","code":429,"s":"error"}},"timestamp":"2026-08-29 14:17:36,264+0530","service":"FyersAPI"}
{"level":"ERROR","location":"[error:54] fyers_logger","message":{"API":"/options-chain-v3","Error":{"message":"request limit reached","code":429,"s":"error"}},"timestamp":"2026-08-29 14:18:36,008+0530","service":"FyersAPI"}
{"level":"ERROR","location":"[error:54] fyers_logger","message":{"API":"/history","Error":{"code":429,"message":"request limit reached","s":"error"}},"timestamp":"2026-08-29 14:18:36,032+0530","service":"FyersAPI"}
{"level":"ERROR","location":"[error:54] fyers_logger","message":{"API":"/options-chain-v3","Error":{"message":"request limit reached","code":429,"s":"error"}},"timestamp":"2026-08-29 14:18:36,058+0530","service":"FyersAPI"}
{"level":"ERROR","location":"[error:54] fyers_logger","message":{"API":"/history","Error":{"code":429,"message":"request limit reached","s":"error"}},"timestamp":"2026-08-29 14:18:36,080+0530","service":"FyersAPI"}
{"level":"ERROR","location":"[error:54] fyers_logger","message":{"API":"/history","Error":{"code":429,"message":"request limit reached","s":"error"}},"timestamp":"2026-08-29 14:18:36,144+0530","service":"FyersAPI"}
{"level":"ERROR","location":"[error:54] fyers_logger","message":{"API":"/options-chain-v3","Error":{"message":"request limit reached","code":429,"s":"error"}},"timestamp":"2026-08-29 14:18:36,163+0530","service":"FyersAPI"}
{"level":"ERROR","location":"[error:54] fyers_logger","message":{"API":"/history","Error":{"code":429,"message":"request limit reached","s":"error"}},"timestamp":"2026-08-29 14:18:36,782+0530","service":"FyersAPI"}
{"level":"ERROR","location":"[error:54] fyers_logger","message":{"API":"/history","Error":{"code":429,"message":"request limit reached","s":"error"}},"timestamp":"2026-08-29 14:18:36,835+0530","service":"FyersAPI"}
{"level":"ERROR","location":"[error:54] fyers_logger","message":{"API":"/options-chain-v3","Error":{"message":"request limit reached","code":429,"s":"error"}},"timestamp":"2026-08-29 14:18:37,092+0530","service":"FyersAPI"}
{"level":"ERROR","location":"[error:54] fyers_logger","message":{"API":"/options-chain-v3","Error":{"message":"request limit reached","code":429,"s":"error"}},"timestamp":"2026-08-29 14:18:37,142+0530","service":"FyersAPI"}
{"level":"ERROR","location":"[error:54] fyers_logger","message":{"API":"/history","Error":{"code":429,"message":"request limit reached","s":"error"}},"timestamp":"2026-08-29 14:18:37,188+0530","service":"FyersAPI"}
{"level":"ERROR","location":"[error:54] fyers_logger","message":{"API":"/history","Error":{"code":429,"message":"request limit reached","s":"error"}},"timestamp":"2026-08-29 14:18:37,611+0530","service":"FyersAPI"}
{"level":"ERROR","location":"[error:54] fyers_logger","message":{"API":"/options-chain-v3","Error":{"message":"request limit reached","code":429,"s":"error"}},"timestamp":"2026-08-29 14:18:37,657+0530","service":"FyersAPI"}
{"level":"ERROR","location":"[error:54] fyers_logger","message":{"API":"/options-chain-v3","Error":{"message":"request limit reached","code":429,"s":"error"}},"timestamp":"2026-08-29 14:18:37,704+0530","service":"FyersAPI"}
{"level":"ERROR","location":"[error:54] fyers_logger","message":{"API":"/history","Error":{"code":429,"message":"request limit reached","s":"error"}},"timestamp":"2026-08-29 14:18:37,773+0530","service":"FyersAPI"}
{"level":"ERROR","location":"[error:54] fyers_logger","message":{"API":"/options-chain-v3","Error":{"message":"request limit reached","code":429,"s":"error"}},"timestamp":"2026-08-29 14:18:37,774+0530","service":"FyersAPI"}
{"level":"ERROR","location":"[error:54] fyers_logger","message":{"API":"/history","Error":{"code":429,"message":"request limit reached","s":"error"}},"timestamp":"2026-08-29 14:18:37,835+0530","service":"FyersAPI"}
{"level":"ERROR","location":"[error:54] fyers_logger","message":{"API":"/options-chain-v3","Error":{"message":"request limit reached","code":429,"s":"error"}},"timestamp":"2026-08-29 14:18:37,934+0530","service":"FyersAPI"}
{"level":"ERROR","location":"[error:54] fyers_logger","message":{"API":"/history","Error":{"code":429,"message":"request limit reached","s":"error"}},"timestamp":"2026-08-29 14:18:38,033+0530","service":"FyersAPI"}
{"level":"ERROR","location":"[error:54] fyers_logger","message":{"API":"/options-chain-v3","Error":{"message":"request limit reached","code":429,"s":"error"}},"timestamp":"2026-08-29 14:18:38,143+0530","service":"FyersAPI"}
{"level":"ERROR","location":"[error:54] fyers_logger","message":{"API":"/options-chain-v3","Error":{"message":"request limit reached","code":429,"s":"error"}},"timestamp":"2026-08-29 14:18:38,195+0530","service":"FyersAPI"}
{"level":"ERROR","location":"[error:54] fyers_logger","message":{"API":"/history","Error":{"code":429,"message":"request limit reached","s":"error"}},"timestamp":"2026-08-29 14:18:39,239+0530","service":"FyersAPI"}
{"level":"ERROR","location":"[error:54] fyers_logger","message":{"API":"/history","Error":{"code":429,"message":"request limit reached","s":"error"}},"timestamp":"2026-08-29 14:19:35,784+0530","service":"FyersAPI"}
{"level":"ERROR","location":"[error:54] fyers_logger","message":{"API":"/options-chain-v3","Error":{"message":"request limit reached","code":429,"s":"error"}},"timestamp":"2026-08-29 14:19:36,092+0530","service":"FyersAPI"}
{"level":"ERROR","location":"[error:54] fyers_logger","message":{"API":"/history","Error":{"code":429,"message":"request limit reached","s":"error"}},"timestamp":"2026-08-29 14:19:36,557+0530","service":"FyersAPI"}
{"level":"ERROR","location":"[error:54] fyers_logger","message":{"API":"/options-chain-v3","Error":{"message":"request limit reached","code":429,"s":"error"}},"timestamp":"2026-08-29 14:19:36,599+0530","service":"FyersAPI"}
{"level":"ERROR","location":"[error:54] fyers_logger","message":{"API":"/history","Error":{"code":429,"message":"request limit reached","s":"error"}},"timestamp":"2026-08-29 14:19:36,614+0530","service":"FyersAPI"}
{"level":"ERROR","location":"[error:54] fyers_logger","message":{"API":"/options-chain-v3","Error":{"message":"request limit reached","code":429,"s":"error"}},"timestamp":"2026-08-29 14:19:36,650+0530","service":"FyersAPI"}
{"level":"ERROR","location":"[error:54] fyers_logger","message":{"API":"/history","Error":{"code":429,"message":"request limit reached","s":"error"}},"timestamp":"2026-08-29 14:19:36,770+0530","service":"FyersAPI"}
{"level":"ERROR","location":"[error:54] fyers_logger","message":{"API":"/history","Error":{"code":429,"message":"request limit reached","s":"error"}},"timestamp":"2026-08-29 14:19:36,831+0530","service":"FyersAPI"}
{"level":"ERROR","location":"[error:54] fyers_logger","message":{"API":"/options-chain-v3","Error":{"message":"request limit reached","code":429,"s":"error"}},"timestamp":"2026-08-29 14:19:36,858+0530","service":"FyersAPI"}
{"level":"ERROR","location":"[error:54] fyers_logger","message":{"API":"/options-chain-v3","Error":{"message":"request limit reached","code":429,"s":"error"}},"timestamp":"2026-08-29 14:19:36,905+0530","service":"FyersAPI"}
{"level":"ERROR","location":"[error:54] fyers_logger","message":{"API":"/options-chain-v3","Error":{"message":"request limit reached","code":429,"s":"error"}},"timestamp":"2026-08-29 14:19:36,956+0530","service":"FyersAPI"}
{"level":"ERROR","location":"[error:54] fyers_logger","message":{"API":"/history","Error":{"code":429,"message":"request limit reached","s":"error"}},"timestamp":"2026-08-29 14:19:37,037+0530","service":"FyersAPI"}
{"level":"ERROR","location":"[error:54] fyers_logger","message":{"API":"/options-chain-v3","Error":{"message":"request limit reached","code":429,"s":"error"}},"timestamp":"2026-08-29 14:19:37,602+0530","service":"FyersAPI"}
{"level":"ERROR","location":"[error:54] fyers_logger","message":{"API":"/quotes","Error":{"message":"request limit reached","code":429,"s":"error"}},"timestamp":"2026-08-29 14:19:37,606+0530","service":"FyersAPI"}
{"level":"ERROR","location":"[error:54] fyers_logger","message":{"API":"/options-chain-v3","Error":{"message":"request limit reached","code":429,"s":"error"}},"timestamp":"2026-08-29 14:19:37,652+0530","service":"FyersAPI"}
{"level":"ERROR","location":"[error:54] fyers_logger","message":{"API":"/options-chain-v3","Error":{"message":"request limit reached","code":429,"s":"error"}},"timestamp":"2026-08-29 14:19:37,701+0530","service":"FyersAPI"}
{"level":"ERROR","location":"[error:54] fyers_logger","message":{"API":"/history","Error":{"code":429,"message":"request limit reached","s":"error"}},"timestamp":"2026-08-29 14:19:37,772+0530","service":"FyersAPI"}
{"level":"ERROR","location":"[error:54] fyers_logger","message":{"API":"/quotes","Error":{"message":"request limit reached","code":429,"s":"error"}},"timestamp":"2026-08-29 14:19:37,836+0530","service":"FyersAPI"}
{"level":"ERROR","location":"[error:54] fyers_logger","message":{"API":"/options-chain-v3","Error":{"message":"request limit reached","code":429,"s":"error"}},"timestamp":"2026-08-29 14:19:37,905+0530","service":"FyersAPI"}
{"level":"ERROR","location":"[error:54] fyers_logger","message":{"API":"/options-chain-v3","Error":{"message":"request limit reached","code":429,"s":"error"}},"timestamp":"2026-08-29 14:19:37,953+0530","service":"FyersAPI"}
{"level":"ERROR","location":"[error:54] fyers_logger","message":{"API":"/history","Error":{"code":429,"message":"request limit reached","s":"error"}},"timestamp":"2026-08-29 14:19:38,034+0530","service":"FyersAPI"}
{"level":"ERROR","location":"[error:54] fyers_logger","message":{"API":"/options-chain-v3","Error":{"message":"request limit reached","code":429,"s":"error"}},"timestamp":"2026-08-29 14:19:38,145+0530","service":"FyersAPI"}
{"level":"ERROR","location":"[error:54] fyers_logger","message":{"API":"/history","Error":{"code":429,"message":"request limit reached","s":"error"}},"timestamp":"2026-08-29 14:19:38,873+0530","service":"FyersAPI"}
{"level":"ERROR","location":"[error:54] fyers_logger","message":{"API":"/options-chain-v3","Error":{"message":"request limit reached","code":429,"s":"error"}},"timestamp":"2026-08-29 14:19:38,900+0530","service":"FyersAPI"}
{"level":"ERROR","location":"[error:54] fyers_logger","message":{"API":"/history","Error":{"code":-300,"message":"Invalid symbol provided","s":"error"}},"timestamp":"2026-08-29 14:43:31,802+0530","service":"FyersAPI"}
{"level":"ERROR","location":"[error:54] fyers_logger","message":{"API":"/history","Error":{"code":-300,"message":"Invalid symbol provided","s":"error"}},"timestamp":"2026-08-29 14:43:33,405+0530","service":"FyersAPI"}
{"level":"ERROR","location":"[error:54] fyers_logger","message":{"API":"/history","Error":{"code":-300,"message":"Invalid symbol provided","s":"error"}},"timestamp":"2026-08-29 14:47:38,780+0530","service":"FyersAPI"}
